"species_name","year","Group","lambda","week","mu","ll","ul","overlap","Linf","agemax","range","coverage"
"atlantic herring",2014,"1",0.2950297306174,26,46.8422209801529,43.6766853354319,50.0077566248738,50.4555243896753,430,20,6.33107128944184,0.0147234216033531
"atlantic herring",2014,"2",0.7049702693826,26,55.3813890899771,46.8133814063017,63.9493967736525,0,430,20,17.1360153673508,0.0398511985287227
"atlantic herring",2014,"1",0.843111883820113,29,55.6662291082064,44.917192350447,66.4152658659658,0,430,20,21.4980735155188,0.0499955198035321
"atlantic herring",2014,"1",1,30,61.6394892974479,50.1820093758488,73.096969219047,0,430,20,22.9149598431982,0.0532906042865074
"atlantic herring",2014,"1",1,32,74.0541856810639,64.1328199718006,83.9755513903272,0,430,20,19.8427314185266,0.0461458870198294
"atlantic herring",2014,"1",0.846797630288332,33,67.6460297039193,60.3083112001942,74.9837482076444,0,430,20,14.6754370074503,0.0341289232731401
"atlantic herring",2015,"1",1,27,55.8649979447642,41.321437462023,70.4085584275054,0,430,20,29.0871209654824,0.067644467361587
"atlantic herring",2015,"1",1,30,71.9235808152648,57.6150477790987,86.232113851431,0,430,20,28.6170660723324,0.0665513164472846
"atlantic herring",2016,"1",0.410286354418805,24,59.2299881343276,52.9186068022544,65.5413694664007,62.7226799788103,430,20,12.6227626641463,0.0293552620096426
"atlantic herring",2016,"2",0.589713645581195,24,70.3333760734675,57.6240344360835,83.0427177108516,0,430,20,25.4186832747682,0.0591132169180655
"atlantic herring",2016,"1",1,25,60.5549750523447,50.3024972790155,70.807452825674,0,430,20,20.5049555466586,0.0476859431317641
"atlantic herring",2016,"1",1,26,73.4673893567668,59.7424728421452,87.1923058713884,0,430,20,27.4498330292433,0.0638368209982401
"atlantic herring",2017,"1",0.299653959024771,25,56.9896552501703,53.6728191173227,60.3064913830178,59.7181916997606,430,20,6.63367226569514,0.0154271448039422
"atlantic herring",2017,"2",0.700346040975229,25,62.4303441475226,56.3449822626562,68.515706032389,0,430,20,12.1707237697329,0.0283040087668206
"atlantic herring",2017,"2",0.720597173075904,26,60.3683752305429,54.7701786814086,65.9665717796771,0,430,20,11.1963930982685,0.0260381234843453
"atlantic herring",2017,"1",0.741359241918675,27,60.7288759405589,45.1544201854006,76.3033316957172,0,430,20,31.1489115103166,0.0724393290937596
"atlantic herring",2017,"1",0.889682011363663,28,63.7561497797991,55.8259343713634,71.6863651882348,0,430,20,15.8604308168715,0.0368847228299336
"atlantic herring",2017,"1",0.875777633555993,31,63.0811903775094,56.840488680138,69.3218920748807,0,430,20,12.4814033947426,0.0290265195226573
"atlantic herring",2017,"2",0.124222366444007,31,75.508977560753,72.5089627341168,78.5089923873892,0,430,20,6.00002965327238,0.0139535573331916
"atlantic herring",2018,"1",1,24,58.5655777863716,51.7157938313928,65.4153617413504,0,430,20,13.6995679099576,0.0318594602557154
"atlantic herring",2018,"1",1,26,62.1232237681574,40.5491380060541,83.6973095302607,0,430,20,43.1481715242066,0.100344584940015
"atlantic herring",2018,"1",1,28,75.712854686214,63.757633304084,87.6680760683441,0,430,20,23.9104427642601,0.0556056808471165
"atlantic herring",2018,"1",1,32,97.4052275906537,87.110892578943,107.699562602364,0,430,20,20.5886700234215,0.0478806279614453
"atlantic herring",2020,"1",1,26,58.8933347697652,47.1875395799611,70.5991299595693,0,430,20,23.4115903796082,0.0544455590223447
"atlantic herring",2020,"1",1,28,66.2166125525913,54.2528453608812,78.1803797443015,0,430,20,23.9275343834203,0.0556454287986518
"atlantic herring",2020,"1",1,30,72.1690559298774,54.8659148043344,89.4721970554205,0,430,20,34.606282251086,0.0804797261653163
"atlantic herring",2020,"1",1,36,89.7740853351586,68.1289322273327,111.419238442985,0,430,20,43.2903062156518,0.100675130734074
"atlantic herring",2021,"1",0.351476670205697,23,52.3909331196569,46.6689511439039,58.11291509541,67.740222429247,430,20,11.4439639515062,0.0266138696546655
"atlantic herring",2021,"2",0.648523329794303,23,64.0034188156486,50.3607484599369,77.6460891713603,0,430,20,27.2853407114234,0.0634542807242405
"atlantic herring",2021,"1",0.802873245644568,25,54.2328243778597,42.1810716256729,66.2845771300466,15.6938534298837,430,20,24.1035055043737,0.0560546639636597
"atlantic herring",2021,"2",0.197126754355432,25,77.9137745924211,62.5018083047262,93.3257408801159,0,430,20,30.8239325753897,0.0716835641288133
"atlantic herring",2021,"1",1,26,55.3995955950475,47.5548658389478,63.2443253511473,0,430,20,15.6894595121995,0.0364871151446499
"atlantic herring",2021,"1",1,27,56.3905850713407,45.8931175006918,66.8880526419896,0,430,20,20.9949351412978,0.0488254305611577
"atlantic herring",2021,"1",1,28,61.9259171213618,43.7776940168774,80.0741402258461,0,430,20,36.2964462089686,0.0844103400208573
"atlantic herring",2021,"1",0.426426520459536,29,16.4913872946419,13.0808202730332,19.9019543162507,0,430,20,6.82113404321745,0.0158631024260871
"atlantic herring",2021,"2",0.573573479540464,29,35.559885380252,24.0273629067813,47.0924078537227,0,430,20,23.0650449469413,0.0536396394114915
"atlantic herring",2022,"1",0.751940735352202,24,56.5247219624363,50.8384889186087,62.2109550062639,0,430,20,11.3724660876552,0.0264475955526865
"atlantic herring",2022,"2",0.248059264647798,24,75.7675007602362,64.2295845627172,87.3054169577552,0,430,20,23.0758323950379,0.0536647265000882
"atlantic herring",2022,"1",0.93581529020625,26,58.7990655964587,42.1331144332914,75.465016759626,0,430,20,33.3319023263346,0.0775160519217083
"atlantic herring",2022,"1",1,27,75.5102848268484,64.9033688440254,86.1172008096715,0,430,20,21.2138319656461,0.0493344929433629
"atlantic herring",2022,"1",1,28,63.1958665259824,52.7550734693382,73.6366595826266,0,430,20,20.8815861132883,0.048561828170438
"atlantic herring",2022,"1",0.904235071725923,30,63.8033176811963,57.1716640290739,70.4349713333186,5.71539874060259,430,20,13.2633073042447,0.0308449007075457
"atlantic herring",2023,"1",1,22,55.8651661492496,49.8653022052139,61.8650300932852,0,430,20,11.9997278880713,0.0279063439257471
"atlantic herring",2024,"1",1,24,54.4533062676838,48.7964520181915,60.1101605171762,0,430,20,11.3137084989848,0.026310949997639
"atlantic herring",2024,"1",1,25,63.7808239122292,54.0402496027345,73.5213982217239,0,430,20,19.4811486189894,0.0453049967883474
"atlantic herring",2024,"1",0.530406234726577,27,57.1218370115116,48.1791114321262,66.0645625908969,9.19257946277377,430,20,17.8854511587707,0.0415940724622574
"atlantic herring",2024,"2",0.469593765273423,27,72.2281743862962,64.4204282808513,80.0359204917411,0,430,20,15.6154922108898,0.03631509816486
"atlantic herring",2025,"1",0.216954389450572,28,46.0754137300955,39.8925503875597,52.2582770726314,0,430,20,12.3657266850717,0.0287575039187713
"atlantic herring",2025,"2",0.00053231340341829,28,46.0851912361335,39.901005389666,52.2693770826009,0,430,20,12.3683716929348,0.0287636550998485
"atlantic herring",2025,"3",0.00677835256424713,28,46.1079233603998,39.920894146708,52.2949525740915,0,430,20,12.3740584273835,0.0287768800636825
"atlantic herring",2025,"5",0.222222202668598,28,64.499999864564,61.4999980870961,67.500001642032,0,430,20,6.00000355493591,0.0139534966393858
"atlantic herring",2025,"1",1,32,79.726482084456,65.2164325166034,94.2365316523086,0,430,20,29.0200991357051,0.0674886026411747
"atlantic herring",2025,"1",1,35,95.3648543724331,83.5225572979631,107.207151446903,0,430,20,23.6845941489399,0.0550804515091626
"atlantic silverside",2014,"1",1,25,109.562991852949,82.2959621450597,136.830021560838,0,150,2,54.5340594157783,0.363560396105189
"atlantic silverside",2014,"1",0.604630756983967,30,52.6536720987927,46.811328636828,58.4960155607574,0,150,2,11.6846869239294,0.0778979128261961
"atlantic silverside",2014,"2",0.395369243016033,30,100.409566019893,79.7292510572024,121.089880982584,0,150,2,41.3606299253819,0.275737532835879
"atlantic silverside",2014,"1",1,31,57.1121338970413,45.185772539188,69.0384952548945,0,150,2,23.8527227157065,0.159018151438043
"atlantic silverside",2014,"1",1,32,63.202948178975,38.2128760761638,88.1930202817863,0,150,2,49.9801442056225,0.333200961370816
"atlantic silverside",2014,"1",0.38498945817077,35,58.5850193848556,51.6647807063832,65.5052580633279,86.3166674803225,150,2,13.8404773569447,0.0922698490462982
"atlantic silverside",2014,"2",0.61501054182923,35,78.6956931175069,53.5586192454446,103.832766989569,0,150,2,50.2741477441245,0.33516098496083
"atlantic silverside",2015,"1",0.255383255339417,24,91.2805356144824,74.3247637223568,108.236307506608,36.8884990795239,150,2,33.9115437842512,0.226076958561675
"atlantic silverside",2015,"2",0.744616744660583,24,109.507979808067,95.7268479899022,123.289111626232,0,150,2,27.5622636363296,0.183748424242197
"atlantic silverside",2015,"1",0.364167581803484,25,96.2937332736676,85.7314665219905,106.856000025345,59.4573408260527,150,2,21.1245335033543,0.140830223355695
"atlantic silverside",2015,"2",0.635832418196516,25,111.433257819667,94.2959141423417,128.570601496992,0,150,2,34.27468735465,0.228497915697667
"atlantic silverside",2015,"1",1,27,109.051560295187,84.9624400479526,133.140680542421,0,150,2,48.1782404944686,0.321188269963124
"atlantic silverside",2015,"1",1,29,110.811096850132,94.6597471583544,126.96244654191,0,150,2,32.302699383556,0.215351329223707
"atlantic silverside",2015,"1",0.377032211356407,30,51.4346234107792,43.3089708765192,59.5602759450392,0,150,2,16.2513050685199,0.108342033790133
"atlantic silverside",2015,"2",0.622967788643593,30,108.498541952635,83.665813821178,133.331270084093,0,150,2,49.6654562629148,0.331103041752765
"atlantic silverside",2015,"1",1,31,63.1623614482383,44.4977066703139,81.8270162261626,0,150,2,37.3293095558487,0.248862063705658
"atlantic silverside",2015,"1",0.450160839868384,32,55.1650474380068,47.7997541728627,62.5303407031509,86.1166906329927,150,2,14.7305865302882,0.0982039102019212
"atlantic silverside",2015,"1",0.720288750779943,33,69.088274909334,46.2820590539282,91.8944907647399,0,150,2,45.6124317108118,0.304082878072079
"atlantic silverside",2015,"2",0.279711249220057,33,121.934647239627,105.204697491008,138.664596988247,0,150,2,33.4598994972391,0.223065996648261
"atlantic silverside",2015,"1",0.482942074277529,35,52.3526766540042,42.6013095502098,62.1040437577986,0,150,2,19.5027342075888,0.130018228050592
"atlantic silverside",2015,"1",0.319884430906967,37,68.6228280609386,55.7270512352577,81.5186048866195,41.7700239497707,150,2,25.7915536513618,0.171943691009079
"atlantic silverside",2015,"2",0.680115569093033,37,94.6513590817749,70.7454667494277,118.557251414122,0,150,2,47.8117846646943,0.318745231097962
"atlantic silverside",2015,"1",0.454934101654321,39,70.3474024252389,46.594893598378,94.0999112520998,33.2482708213357,150,2,47.5050176537217,0.316700117691478
"atlantic silverside",2015,"2",0.545065898345679,39,106.803634297949,78.305314328867,135.30195426703,0,150,2,56.9966399381631,0.379977599587754
"atlantic silverside",2016,"2",0.0731707309923793,24,205.000000002783,203.367006842744,206.632993162822,0,150,2,3.26598632007813,0.0217732421338542
"atlantic silverside",2016,"1",1,25,112.976359640155,89.7350761544157,136.217643125895,0,150,2,46.4825669714794,0.309883779809862
"atlantic silverside",2016,"1",1,26,108.912711312342,81.7189337435387,136.106488881145,0,150,2,54.3875551376062,0.362583700917375
"atlantic silverside",2016,"1",0.151467017995071,29,47.5243064222815,27.3624844856823,67.6861283588808,0,150,2,40.3236438731985,0.26882429248799
"atlantic silverside",2016,"2",0.848532982004929,29,106.488023125582,80.9395115897864,132.036534661378,0,150,2,51.0970230715915,0.340646820477277
"atlantic silverside",2016,"1",0.601699966300729,30,39.6437359531123,23.9389413489576,55.348530557267,62.4215457840974,150,2,31.4095892083094,0.20939726138873
"atlantic silverside",2016,"1",0.500545326882823,31,63.8010501321129,37.0888521844783,90.5132480797475,0,150,2,53.4243958952691,0.356162639301794
"atlantic silverside",2016,"2",0.499454673117177,31,118.258344640551,102.4860695006,134.030619780503,0,150,2,31.5445502799035,0.210297001866023
"atlantic silverside",2016,"2",0.486786176551138,32,113.588635189569,89.1029636303485,138.074306748789,0,150,2,48.9713431184404,0.326475620789603
"atlantic silverside",2016,"1",0.967411824358675,33,57.397964790789,42.6588601459701,72.1370694356078,21.1546755582005,150,2,29.4782092896377,0.196521395264251
"atlantic silverside",2016,"2",0.318021116338143,35,123.891039425187,101.622069341468,146.160009508907,0,150,2,44.5379401674391,0.296919601116261
"atlantic silverside",2016,"1",0.803040950513299,36,78.9758017641268,49.1587599976335,108.79284353062,8.93030561281223,150,2,59.6340835329865,0.397560556886576
"atlantic silverside",2016,"2",0.196959049486701,36,119.878590891325,103.467337621725,136.289844160925,0,150,2,32.8225065392004,0.218816710261336
"atlantic silverside",2017,"1",1,25,92.8511305876002,69.5973879239208,116.10487325128,0,150,2,46.5074853273588,0.310049902182392
"atlantic silverside",2017,"1",1,26,110.428622957065,96.2084160065915,124.648829907538,0,150,2,28.4404139009464,0.189602759339642
"atlantic silverside",2017,"1",0.193548387075266,28,27.4999999999217,25.5851457844843,29.4148542153592,0,150,2,3.82970843087489,0.0255313895391659
"atlantic silverside",2017,"2",0.806451612924734,28,111.43999999778,86.4787179649474,136.401282030613,0,150,2,49.9225640656652,0.332817093771102
"atlantic silverside",2017,"1",1,31,54.1049680121764,26.4186539467038,81.791282077649,0,150,2,55.3726281309452,0.369150854206302
"atlantic silverside",2017,"1",0.381345095921459,32,33.4386029766238,24.9894683502715,41.8877376029761,0,150,2,16.8982692527046,0.112655128351364
"atlantic silverside",2017,"2",0.618654904078541,32,59.2889031741514,43.347350433958,75.2304559143449,0,150,2,31.8831054803869,0.212554036535913
"atlantic silverside",2017,"1",0.319999989593872,34,36.999999712545,24.1937514302462,49.8062479948437,0,150,2,25.6124965645975,0.170749977097316
"atlantic silverside",2017,"2",0.680000010406128,34,117.823528310185,93.1731642897169,142.473892330653,0,150,2,49.3007280409358,0.328671520272905
"atlantic silverside",2017,"1",0.767460859172572,37,77.3309536907414,53.3407357366451,101.321171644838,0,150,2,47.9804359081926,0.319869572721284
"atlantic silverside",2017,"2",0.232539140827428,37,127.191643429998,109.612409877781,144.770876982214,0,150,2,35.158467104433,0.23438978069622
"atlantic silverside",2018,"1",1,24,116.129283660715,97.6374282116612,134.62113910977,0,150,2,36.9837108981085,0.246558072654057
"atlantic silverside",2018,"1",1,26,106.669726286063,86.5078811324069,126.831571439719,0,150,2,40.3236903073119,0.268824602048746
"atlantic silverside",2018,"1",1,28,115.117332814213,88.4130622674661,141.82160336096,0,150,2,53.4085410934938,0.356056940623292
"atlantic silverside",2018,"1",0.696987945880837,32,66.7918642183657,45.6341110151034,87.949617421628,0,150,2,42.3155064065246,0.282103376043497
"atlantic silverside",2018,"2",0.139232401081739,32,121.454931073542,111.643744658715,131.26611748837,0,150,2,19.6223728296557,0.130815818864372
"atlantic silverside",2018,"1",0.960471483181179,34,71.4499279715198,49.98336597622,92.9164899668196,0,150,2,42.9331239905997,0.286220826603998
"atlantic silverside",2018,"2",0.0395285168188214,34,114.374345739137,104.779690761629,123.969000716644,0,150,2,19.189309955015,0.127928733033433
"atlantic silverside",2020,"2",0.740660618193529,26,102.805139668998,81.0704329800018,124.539846357994,0,150,2,43.4694133779926,0.289796089186617
"atlantic silverside",2020,"1",1,28,107.975312333993,82.5299199355628,133.420704732424,0,150,2,50.8907847968608,0.339271898645739
"atlantic silverside",2020,"1",0.26221962643404,30,28.4148507198933,19.416469775945,37.4132316638416,0,150,2,17.9967618878966,0.119978412585977
"atlantic silverside",2020,"2",0.579449448601931,30,52.2879868265968,41.2609396065808,63.3150340466128,0,150,2,22.0540944400319,0.14702729626688
"atlantic silverside",2020,"3",0.158330924964029,30,99.147999863177,75.6304928891192,122.665506837235,0,150,2,47.0350139481156,0.313566759654104
"atlantic silverside",2020,"1",0.71666490230498,32,64.4787235578314,39.1109763731901,89.8464707424727,0,150,2,50.7354943692826,0.338236629128551
"atlantic silverside",2020,"2",0.28333509769502,32,116.547318346119,95.8349915781715,137.259645114067,0,150,2,41.4246535358952,0.276164356905968
"atlantic silverside",2020,"1",0.945452833395402,36,78.2681900593921,48.9933570436034,107.543023075181,0,150,2,58.5496660315774,0.390331106877183
"atlantic silverside",2020,"2",0.0545471666045983,36,124.970679747824,113.441602594789,136.49975690086,0,150,2,23.0581543060706,0.153721028707137
"atlantic silverside",2021,"1",0.234126831032934,23,79.9628986342024,65.0446959605805,94.8811013078243,0,150,2,29.8364053472438,0.198909368981625
"atlantic silverside",2021,"2",0.765873168967066,23,107.96519161072,96.2973091220196,119.633074099421,0,150,2,23.3357649774009,0.155571766516006
"atlantic silverside",2021,"1",0.554567903756142,24,90.5963373047675,76.5693956837217,104.623278925813,30.0561977269941,150,2,28.0538832420916,0.187025888280611
"atlantic silverside",2021,"2",0.445432096243858,24,109.853192498783,96.1913483084702,123.515036689097,0,150,2,27.3236883806264,0.18215792253751
"atlantic silverside",2021,"2",0.676177571139492,25,112.334847968701,93.4929996927743,131.176696244628,0,150,2,37.683696551854,0.251224643679027
"atlantic silverside",2021,"1",0.332365940289469,27,49.0097905779606,28.3751617583399,69.6444193975813,0,150,2,41.2692576392414,0.275128384261609
"atlantic silverside",2021,"1",1,28,89.9737538264973,60.5889892798077,119.358518373187,0,150,2,58.7695290933792,0.391796860622528
"atlantic silverside",2021,"1",0.698063034334998,31,63.2735863011094,43.4165235594245,83.1306490427943,10.601061523262,150,2,39.7141254833699,0.264760836555799
"atlantic silverside",2021,"1",0.499132643663596,34,36.175848222323,20.5305965018102,51.8210999428359,0,150,2,31.2905034410257,0.208603356273505
"atlantic silverside",2022,"1",0.665645103915242,24,114.110435108263,102.648274491901,125.572595724626,0,150,2,22.9243212327249,0.152828808218166
"atlantic silverside",2022,"1",1,26,108.576076705276,85.9038802958303,131.248273114722,0,150,2,45.3443928188917,0.302295952125945
"atlantic silverside",2022,"1",1,27,112.743187842358,90.1438286814713,135.342547003245,0,150,2,45.1987183217736,0.301324788811824
"atlantic silverside",2022,"1",0.185185185139944,28,40.99999999658,26.8296083344716,55.1703916586884,0,150,2,28.3407833242168,0.188938555494779
"atlantic silverside",2022,"2",0.814814814860056,28,111.249999996877,94.7018608332595,127.798139160494,0,150,2,33.0962783272345,0.220641855514897
"atlantic silverside",2022,"1",1.46746333533505e-07,29,42.2844721943683,32.4383799972112,52.1305643915253,0,150,2,19.6921843943141,0.131281229295428
"atlantic silverside",2022,"1",1,30,51.3528008175151,30.1236071094147,72.5819945256155,0,150,2,42.4583874162008,0.283055916108005
"atlantic silverside",2022,"1",0.736075153171975,31,66.8749933306594,47.3101881971966,86.4397984641222,0,150,2,39.1296102669257,0.260864068446171
"atlantic silverside",2022,"1",0.714695298635418,32,69.1462074157897,45.5545088534943,92.7379059780852,0,150,2,47.183397124591,0.314555980830607
"atlantic silverside",2022,"2",0.285304701364582,32,121.963078240417,101.32864838209,142.597508098745,0,150,2,41.2688597166552,0.275125731444368
"atlantic silverside",2022,"1",1,39,97.2422922497982,70.4407910723969,124.043793427199,0,150,2,53.6030023548026,0.357353349032017
"atlantic silverside",2023,"1",1,22,120.877802658891,96.9459326347568,144.809672683025,0,150,2,47.8637400482683,0.319091600321788
"atlantic silverside",2023,"1",1,24,117.890113913623,89.9625431931109,145.817684634135,0,150,2,55.8551414410242,0.372367609606828
"atlantic silverside",2023,"1",0.891320991251522,28,79.3836261122278,55.4461345117699,103.321117712686,0,150,2,47.8749832009158,0.319166554672772
"atlantic silverside",2023,"2",0.108679008748478,28,111.186997311372,107.008164101592,115.365830521153,0,150,2,8.35766641956047,0.0557177761304032
"atlantic silverside",2023,"1",1,30,56.0348728982011,46.3912221372081,65.678523659194,0,150,2,19.2873015219859,0.128582010146573
"atlantic silverside",2024,"1",0.639490523531862,29,56.1209415143067,34.0772227364779,78.1646602921355,0,150,2,44.0874375556577,0.293916250371051
"atlantic silverside",2024,"2",0.360509476468138,29,111.944592112818,89.2566526382468,134.63253158739,0,150,2,45.3758789491432,0.302505859660955
"atlantic silverside",2024,"1",0.413435287949187,39,66.2164713458018,48.6701176876523,83.7628250039512,13.2494154422753,150,2,35.0927073162988,0.233951382108659
"atlantic silverside",2024,"2",0.586564712050813,39,99.364871928202,79.113246421673,119.616497434731,0,150,2,40.503251013058,0.270021673420387
"atlantic silverside",2024,"1",0.477625903634483,41,85.0501193701697,56.3024114850825,113.797827255257,23.9124745315791,150,2,57.4954157701745,0.383302771801163
"atlantic silverside",2024,"2",0.522374096365517,41,122.360458396002,100.049250602388,144.671666189615,0,150,2,44.6224155872266,0.29748277058151
"atlantic silverside",2025,"1",1,25,125.321465157461,105.840286038391,144.80264427653,0,150,2,38.9623582381396,0.259749054920931
"atlantic silverside",2025,"1",0.568660707828113,26,98.5286216823889,78.9211089753379,118.13613438944,0,150,2,39.2150254141021,0.261433502760681
"atlantic silverside",2025,"1",1,33,63.3114736066083,53.6264335963657,72.9965136168509,0,150,2,19.3700800204852,0.129133866803235
"atlantic silverside",2025,"1",0.862976956390281,34,74.6391014310367,47.9339460816932,101.34425678038,0,150,2,53.410310698687,0.356068737991246
"atlantic silverside",2025,"2",0.137023043609719,34,121.178761625929,103.533478894993,138.824044356865,0,150,2,35.2905654618725,0.235270436412483
"atlantic silverside",2025,"1",0.296939991176432,35,64.065539192846,58.2867921658189,69.8442862198731,23.0782882900705,150,2,11.5574940540542,0.0770499603603613
"atlantic silverside",2025,"2",0.703060008823568,35,90.8954702556926,67.1770144229707,114.613926088414,0,150,2,47.4369116654438,0.316246077769625
