"Date","Time (GMT)","Water Temp (Â°F)","Conductivity (mS/cm)"
"2023/08/01","00:00","60.8","-"
"2023/08/01","00:06","61.3","-"
"2023/08/01","00:12","61.5","-"
"2023/08/01","00:18","61.3","-"
"2023/08/01","00:24","61.7","-"
"2023/08/01","00:30","61.7","-"
"2023/08/01","00:36","61.9","-"
"2023/08/01","00:42","61.5","-"
"2023/08/01","00:48","61.3","-"
"2023/08/01","00:54","61.5","-"
"2023/08/01","01:00","61.7","-"
"2023/08/01","01:06","61.9","-"
"2023/08/01","01:12","61.9","-"
"2023/08/01","01:18","62.1","-"
"2023/08/01","01:24","62.1","-"
"2023/08/01","01:30","62.1","-"
"2023/08/01","01:36","61.7","-"
"2023/08/01","01:42","61.3","-"
"2023/08/01","01:48","61.2","-"
"2023/08/01","01:54","61.3","-"
"2023/08/01","02:00","61.3","-"
"2023/08/01","02:06","61.3","-"
"2023/08/01","02:12","61.3","-"
"2023/08/01","02:18","61.5","-"
"2023/08/01","02:24","61.5","-"
"2023/08/01","02:30","61.7","-"
"2023/08/01","02:36","61.7","-"
"2023/08/01","02:42","61.5","-"
"2023/08/01","02:48","61.5","-"
"2023/08/01","02:54","61.5","-"
"2023/08/01","03:00","60.8","-"
"2023/08/01","03:06","60.3","-"
"2023/08/01","03:12","60.3","-"
"2023/08/01","03:18","60.3","-"
"2023/08/01","03:24","60.1","-"
"2023/08/01","03:30","60.1","-"
"2023/08/01","03:36","60.1","-"
"2023/08/01","03:42","59.9","-"
"2023/08/01","03:48","59.9","-"
"2023/08/01","03:54","59.9","-"
"2023/08/01","04:00","59.7","-"
"2023/08/01","04:06","59.7","-"
"2023/08/01","04:12","59.7","-"
"2023/08/01","04:18","59.9","-"
"2023/08/01","04:24","60.3","-"
"2023/08/01","04:30","60.6","-"
"2023/08/01","04:36","60.8","-"
"2023/08/01","04:42","61.2","-"
"2023/08/01","04:48","61.3","-"
"2023/08/01","04:54","61.5","-"
"2023/08/01","05:00","61.7","-"
"2023/08/01","05:06","61.7","-"
"2023/08/01","05:12","61.9","-"
"2023/08/01","05:18","62.1","-"
"2023/08/01","05:24","62.1","-"
"2023/08/01","05:30","62.2","-"
"2023/08/01","05:36","62.4","-"
"2023/08/01","05:42","62.8","-"
"2023/08/01","05:48","62.8","-"
"2023/08/01","05:54","62.6","-"
"2023/08/01","06:00","63","-"
"2023/08/01","06:06","63.5","-"
"2023/08/01","06:12","63.7","-"
"2023/08/01","06:18","63.9","-"
"2023/08/01","06:24","63.9","-"
"2023/08/01","06:30","63.9","-"
"2023/08/01","06:36","63.9","-"
"2023/08/01","06:42","64","-"
"2023/08/01","06:48","64","-"
"2023/08/01","06:54","64.2","-"
"2023/08/01","07:00","64.4","-"
"2023/08/01","07:06","64.6","-"
"2023/08/01","07:12","64.8","-"
"2023/08/01","07:18","64.8","-"
"2023/08/01","07:24","64.8","-"
"2023/08/01","07:30","64.8","-"
"2023/08/01","07:36","64.9","-"
"2023/08/01","07:42","64.9","-"
"2023/08/01","07:48","64.9","-"
"2023/08/01","07:54","64.9","-"
"2023/08/01","08:00","64.8","-"
"2023/08/01","08:06","64.8","-"
"2023/08/01","08:12","64.8","-"
"2023/08/01","08:18","64.6","-"
"2023/08/01","08:24","64.4","-"
"2023/08/01","08:30","64.4","-"
"2023/08/01","08:36","64.2","-"
"2023/08/01","08:42","64.2","-"
"2023/08/01","08:48","64.4","-"
"2023/08/01","08:54","64.4","-"
"2023/08/01","09:00","64.4","-"
"2023/08/01","09:06","64.6","-"
"2023/08/01","09:12","64.8","-"
"2023/08/01","09:18","64.8","-"
"2023/08/01","09:24","64.8","-"
"2023/08/01","09:30","64.8","-"
"2023/08/01","09:36","64.8","-"
"2023/08/01","09:42","64.8","-"
"2023/08/01","09:48","64.8","-"
"2023/08/01","09:54","64.9","-"
"2023/08/01","10:00","64.9","-"
"2023/08/01","10:06","64.9","-"
"2023/08/01","10:12","64.9","-"
"2023/08/01","10:18","64.9","-"
"2023/08/01","10:24","64.9","-"
"2023/08/01","10:30","64.8","-"
"2023/08/01","10:36","64.8","-"
"2023/08/01","10:42","64.8","-"
"2023/08/01","10:48","64.8","-"
"2023/08/01","10:54","64.8","-"
"2023/08/01","11:00","64.8","-"
"2023/08/01","11:06","64.8","-"
"2023/08/01","11:12","64.8","-"
"2023/08/01","11:18","64.8","-"
"2023/08/01","11:24","64.6","-"
"2023/08/01","11:30","64.4","-"
"2023/08/01","11:36","64","-"
"2023/08/01","11:42","64.2","-"
"2023/08/01","11:48","64","-"
"2023/08/01","11:54","63.1","-"
"2023/08/01","12:00","63","-"
"2023/08/01","12:06","62.8","-"
"2023/08/01","12:12","62.6","-"
"2023/08/01","12:18","62.6","-"
"2023/08/01","12:24","62.6","-"
"2023/08/01","12:30","62.6","-"
"2023/08/01","12:36","62.1","-"
"2023/08/01","12:42","61.9","-"
"2023/08/01","12:48","61.7","-"
"2023/08/01","12:54","61.7","-"
"2023/08/01","13:00","61.5","-"
"2023/08/01","13:06","61.5","-"
"2023/08/01","13:12","61.5","-"
"2023/08/01","13:18","61.9","-"
"2023/08/01","13:24","61.7","-"
"2023/08/01","13:30","61.7","-"
"2023/08/01","13:36","61.5","-"
"2023/08/01","13:42","61.5","-"
"2023/08/01","13:48","61.5","-"
"2023/08/01","13:54","61.3","-"
"2023/08/01","14:00","61.3","-"
"2023/08/01","14:06","61.3","-"
"2023/08/01","14:12","61.3","-"
"2023/08/01","14:18","61.5","-"
"2023/08/01","14:24","61.5","-"
"2023/08/01","14:30","61.7","-"
"2023/08/01","14:36","61.9","-"
"2023/08/01","14:42","61.9","-"
"2023/08/01","14:48","61.7","-"
"2023/08/01","14:54","61.7","-"
"2023/08/01","15:00","61.7","-"
"2023/08/01","15:06","61.7","-"
"2023/08/01","15:12","61.7","-"
"2023/08/01","15:18","61.7","-"
"2023/08/01","15:24","61.5","-"
"2023/08/01","15:30","61.5","-"
"2023/08/01","15:36","61.2","-"
"2023/08/01","15:42","60.8","-"
"2023/08/01","15:48","60.4","-"
"2023/08/01","15:54","60.6","-"
"2023/08/01","16:00","60.6","-"
"2023/08/01","16:06","59.9","-"
"2023/08/01","16:12","59.7","-"
"2023/08/01","16:18","59.7","-"
"2023/08/01","16:24","59.7","-"
"2023/08/01","16:30","59.7","-"
"2023/08/01","16:36","59.9","-"
"2023/08/01","16:42","60.1","-"
"2023/08/01","16:48","60.3","-"
"2023/08/01","16:54","60.1","-"
"2023/08/01","17:00","60.1","-"
"2023/08/01","17:06","60.3","-"
"2023/08/01","17:12","60.8","-"
"2023/08/01","17:18","60.6","-"
"2023/08/01","17:24","61","-"
"2023/08/01","17:30","60.8","-"
"2023/08/01","17:36","61.2","-"
"2023/08/01","17:42","61.7","-"
"2023/08/01","17:48","61.9","-"
"2023/08/01","17:54","61.9","-"
"2023/08/01","18:00","61.3","-"
"2023/08/01","18:06","61.5","-"
"2023/08/01","18:12","61.9","-"
"2023/08/01","18:18","62.2","-"
"2023/08/01","18:24","62.6","-"
"2023/08/01","18:30","62.4","-"
"2023/08/01","18:36","62.8","-"
"2023/08/01","18:42","63.3","-"
"2023/08/01","18:48","63.9","-"
"2023/08/01","18:54","64.4","-"
"2023/08/01","19:00","64.9","-"
"2023/08/01","19:06","65.1","-"
"2023/08/01","19:12","65.3","-"
"2023/08/01","19:18","65.7","-"
"2023/08/01","19:24","65.7","-"
"2023/08/01","19:30","65.7","-"
"2023/08/01","19:36","65.8","-"
"2023/08/01","19:42","65.8","-"
"2023/08/01","19:48","65.8","-"
"2023/08/01","19:54","66","-"
"2023/08/01","20:00","66.2","-"
"2023/08/01","20:06","66.4","-"
"2023/08/01","20:12","66.4","-"
"2023/08/01","20:18","66.4","-"
"2023/08/01","20:24","66.4","-"
"2023/08/01","20:30","66.4","-"
"2023/08/01","20:36","66.4","-"
"2023/08/01","20:42","66.2","-"
"2023/08/01","20:48","66.6","-"
"2023/08/01","20:54","66.7","-"
"2023/08/01","21:00","66.9","-"
"2023/08/01","21:06","67.1","-"
"2023/08/01","21:12","66.7","-"
"2023/08/01","21:18","66.7","-"
"2023/08/01","21:24","66.7","-"
"2023/08/01","21:30","66.6","-"
"2023/08/01","21:36","66.6","-"
"2023/08/01","21:42","66.6","-"
"2023/08/01","21:48","66.4","-"
"2023/08/01","21:54","66.4","-"
"2023/08/01","22:00","66.2","-"
"2023/08/01","22:06","66","-"
"2023/08/01","22:12","65.8","-"
"2023/08/01","22:18","65.8","-"
"2023/08/01","22:24","65.8","-"
"2023/08/01","22:30","65.7","-"
"2023/08/01","22:36","65.8","-"
"2023/08/01","22:42","65.5","-"
"2023/08/01","22:48","65.3","-"
"2023/08/01","22:54","65.5","-"
"2023/08/01","23:00","65.3","-"
"2023/08/01","23:06","65.5","-"
"2023/08/01","23:12","65.5","-"
"2023/08/01","23:18","65.5","-"
"2023/08/01","23:24","65.1","-"
"2023/08/01","23:30","64.6","-"
"2023/08/01","23:36","63.3","-"
"2023/08/01","23:42","64.4","-"
"2023/08/01","23:48","64.2","-"
"2023/08/01","23:54","64","-"
"2023/08/02","00:00","63","-"
"2023/08/02","00:06","61.7","-"
"2023/08/02","00:12","61.2","-"
"2023/08/02","00:18","60.6","-"
"2023/08/02","00:24","60.6","-"
"2023/08/02","00:30","60.6","-"
"2023/08/02","00:36","60.6","-"
"2023/08/02","00:42","60.8","-"
"2023/08/02","00:48","60.8","-"
"2023/08/02","00:54","61","-"
"2023/08/02","01:00","61","-"
"2023/08/02","01:06","61.2","-"
"2023/08/02","01:12","61.2","-"
"2023/08/02","01:18","61.2","-"
"2023/08/02","01:24","61.2","-"
"2023/08/02","01:30","61.2","-"
"2023/08/02","01:36","61.2","-"
"2023/08/02","01:42","61.2","-"
"2023/08/02","01:48","61.3","-"
"2023/08/02","01:54","61.3","-"
"2023/08/02","02:00","61.5","-"
"2023/08/02","02:06","61.3","-"
"2023/08/02","02:12","61.2","-"
"2023/08/02","02:18","61","-"
"2023/08/02","02:24","60.8","-"
"2023/08/02","02:30","60.6","-"
"2023/08/02","02:36","60.6","-"
"2023/08/02","02:42","60.6","-"
"2023/08/02","02:48","60.8","-"
"2023/08/02","02:54","60.8","-"
"2023/08/02","03:00","60.8","-"
"2023/08/02","03:06","60.8","-"
"2023/08/02","03:12","60.6","-"
"2023/08/02","03:18","60.6","-"
"2023/08/02","03:24","60.4","-"
"2023/08/02","03:30","60.4","-"
"2023/08/02","03:36","60.3","-"
"2023/08/02","03:42","60.3","-"
"2023/08/02","03:48","60.3","-"
"2023/08/02","03:54","60.1","-"
"2023/08/02","04:00","59.9","-"
"2023/08/02","04:06","59.7","-"
"2023/08/02","04:12","59.7","-"
"2023/08/02","04:18","59.7","-"
"2023/08/02","04:24","59.7","-"
"2023/08/02","04:30","59.7","-"
"2023/08/02","04:36","59.5","-"
"2023/08/02","04:42","59.5","-"
"2023/08/02","04:48","59.5","-"
"2023/08/02","04:54","59.7","-"
"2023/08/02","05:00","59.5","-"
"2023/08/02","05:06","59.5","-"
"2023/08/02","05:12","59.5","-"
"2023/08/02","05:18","59.5","-"
"2023/08/02","05:24","59.7","-"
"2023/08/02","05:30","59.7","-"
"2023/08/02","05:36","59.9","-"
"2023/08/02","05:42","59.9","-"
"2023/08/02","05:48","59.9","-"
"2023/08/02","05:54","59.9","-"
"2023/08/02","06:00","59.9","-"
"2023/08/02","06:06","60.1","-"
"2023/08/02","06:12","60.3","-"
"2023/08/02","06:18","60.4","-"
"2023/08/02","06:24","60.6","-"
"2023/08/02","06:30","61","-"
"2023/08/02","06:36","61.2","-"
"2023/08/02","06:42","61.2","-"
"2023/08/02","06:48","61.3","-"
"2023/08/02","06:54","61.3","-"
"2023/08/02","07:00","61.3","-"
"2023/08/02","07:06","61.3","-"
"2023/08/02","07:12","61.3","-"
"2023/08/02","07:18","61.7","-"
"2023/08/02","07:24","62.1","-"
"2023/08/02","07:30","62.1","-"
"2023/08/02","07:36","62.1","-"
"2023/08/02","07:42","62.1","-"
"2023/08/02","07:48","62.1","-"
"2023/08/02","07:54","62.1","-"
"2023/08/02","08:00","62.1","-"
"2023/08/02","08:06","62.1","-"
"2023/08/02","08:12","62.2","-"
"2023/08/02","08:18","62.2","-"
"2023/08/02","08:24","62.2","-"
"2023/08/02","08:30","62.2","-"
"2023/08/02","08:36","62.2","-"
"2023/08/02","08:42","62.1","-"
"2023/08/02","08:48","62.1","-"
"2023/08/02","08:54","62.1","-"
"2023/08/02","09:00","61.9","-"
"2023/08/02","09:06","61.9","-"
"2023/08/02","09:12","61.9","-"
"2023/08/02","09:18","61.9","-"
"2023/08/02","09:24","61.7","-"
"2023/08/02","09:30","61.7","-"
"2023/08/02","09:36","61.9","-"
"2023/08/02","09:42","62.2","-"
"2023/08/02","09:48","62.4","-"
"2023/08/02","09:54","62.6","-"
"2023/08/02","10:00","62.6","-"
"2023/08/02","10:06","62.6","-"
"2023/08/02","10:12","62.4","-"
"2023/08/02","10:18","62.4","-"
"2023/08/02","10:24","62.4","-"
"2023/08/02","10:30","62.6","-"
"2023/08/02","10:36","62.6","-"
"2023/08/02","10:42","62.6","-"
"2023/08/02","10:48","62.4","-"
"2023/08/02","10:54","62.4","-"
"2023/08/02","11:00","62.4","-"
"2023/08/02","11:06","62.6","-"
"2023/08/02","11:12","62.6","-"
"2023/08/02","11:18","62.6","-"
"2023/08/02","11:24","62.6","-"
"2023/08/02","11:30","62.4","-"
"2023/08/02","11:36","62.4","-"
"2023/08/02","11:42","62.6","-"
"2023/08/02","11:48","62.6","-"
"2023/08/02","11:54","62.6","-"
"2023/08/02","12:00","62.6","-"
"2023/08/02","12:06","62.6","-"
"2023/08/02","12:12","62.6","-"
"2023/08/02","12:18","62.6","-"
"2023/08/02","12:24","62.6","-"
"2023/08/02","12:30","62.4","-"
"2023/08/02","12:36","62.4","-"
"2023/08/02","12:42","62.2","-"
"2023/08/02","12:48","62.4","-"
"2023/08/02","12:54","62.4","-"
"2023/08/02","13:00","61.7","-"
"2023/08/02","13:06","61.2","-"
"2023/08/02","13:12","61.3","-"
"2023/08/02","13:18","61.5","-"
"2023/08/02","13:24","61.2","-"
"2023/08/02","13:30","61","-"
"2023/08/02","13:36","60.8","-"
"2023/08/02","13:42","60.6","-"
"2023/08/02","13:48","60.6","-"
"2023/08/02","13:54","61","-"
"2023/08/02","14:00","61.2","-"
"2023/08/02","14:06","61.2","-"
"2023/08/02","14:12","61","-"
"2023/08/02","14:18","61.2","-"
"2023/08/02","14:24","61.2","-"
"2023/08/02","14:30","60.6","-"
"2023/08/02","14:36","60.6","-"
"2023/08/02","14:42","60.6","-"
"2023/08/02","14:48","60.8","-"
"2023/08/02","14:54","60.8","-"
"2023/08/02","15:00","61","-"
"2023/08/02","15:06","61","-"
"2023/08/02","15:12","60.8","-"
"2023/08/02","15:18","60.8","-"
"2023/08/02","15:24","60.6","-"
"2023/08/02","15:30","60.6","-"
"2023/08/02","15:36","60.6","-"
"2023/08/02","15:42","60.4","-"
"2023/08/02","15:48","60.1","-"
"2023/08/02","15:54","60.1","-"
"2023/08/02","16:00","60.1","-"
"2023/08/02","16:06","60.3","-"
"2023/08/02","16:12","60.3","-"
"2023/08/02","16:18","60.1","-"
"2023/08/02","16:24","60.1","-"
"2023/08/02","16:30","60.1","-"
"2023/08/02","16:36","59.9","-"
"2023/08/02","16:42","59.7","-"
"2023/08/02","16:48","59.7","-"
"2023/08/02","16:54","59.7","-"
"2023/08/02","17:00","59.5","-"
"2023/08/02","17:06","59.5","-"
"2023/08/02","17:12","59.5","-"
"2023/08/02","17:18","59.5","-"
"2023/08/02","17:24","59.5","-"
"2023/08/02","17:30","59.5","-"
"2023/08/02","17:36","59.7","-"
"2023/08/02","17:42","59.7","-"
"2023/08/02","17:48","59.7","-"
"2023/08/02","17:54","59.7","-"
"2023/08/02","18:00","59.7","-"
"2023/08/02","18:06","59.7","-"
"2023/08/02","18:12","59.9","-"
"2023/08/02","18:18","60.3","-"
"2023/08/02","18:24","60.3","-"
"2023/08/02","18:30","60.3","-"
"2023/08/02","18:36","60.3","-"
"2023/08/02","18:42","60.4","-"
"2023/08/02","18:48","60.6","-"
"2023/08/02","18:54","61","-"
"2023/08/02","19:00","61.3","-"
"2023/08/02","19:06","61.5","-"
"2023/08/02","19:12","61.5","-"
"2023/08/02","19:18","61.5","-"
"2023/08/02","19:24","61.7","-"
"2023/08/02","19:30","62.4","-"
"2023/08/02","19:36","62.6","-"
"2023/08/02","19:42","62.8","-"
"2023/08/02","19:48","63.5","-"
"2023/08/02","19:54","63.5","-"
"2023/08/02","20:00","63.9","-"
"2023/08/02","20:06","64.4","-"
"2023/08/02","20:12","64","-"
"2023/08/02","20:18","63.3","-"
"2023/08/02","20:24","63.5","-"
"2023/08/02","20:30","63.5","-"
"2023/08/02","20:36","63.5","-"
"2023/08/02","20:42","63.5","-"
"2023/08/02","20:48","63.9","-"
"2023/08/02","20:54","63.7","-"
"2023/08/02","21:00","63.7","-"
"2023/08/02","21:06","63.9","-"
"2023/08/02","21:12","64","-"
"2023/08/02","21:18","63.9","-"
"2023/08/02","21:24","64","-"
"2023/08/02","21:30","64","-"
"2023/08/02","21:36","64","-"
"2023/08/02","21:42","64.2","-"
"2023/08/02","21:48","64.2","-"
"2023/08/02","21:54","64.2","-"
"2023/08/02","22:00","64.2","-"
"2023/08/02","22:06","64.4","-"
"2023/08/02","22:12","64.4","-"
"2023/08/02","22:18","64.4","-"
"2023/08/02","22:24","64.2","-"
"2023/08/02","22:30","64.2","-"
"2023/08/02","22:36","64.2","-"
"2023/08/02","22:42","64.2","-"
"2023/08/02","22:48","64.4","-"
"2023/08/02","22:54","64.4","-"
"2023/08/02","23:00","64.2","-"
"2023/08/02","23:06","64","-"
"2023/08/02","23:12","64.4","-"
"2023/08/02","23:18","64.4","-"
"2023/08/02","23:24","64.4","-"
"2023/08/02","23:30","63.5","-"
"2023/08/02","23:36","63.3","-"
"2023/08/02","23:42","63.3","-"
"2023/08/02","23:48","63.1","-"
"2023/08/02","23:54","63.1","-"
"2023/08/03","00:00","62.8","-"
"2023/08/03","00:06","62.6","-"
"2023/08/03","00:12","62.6","-"
"2023/08/03","00:18","62.4","-"
"2023/08/03","00:24","62.1","-"
"2023/08/03","00:30","62.1","-"
"2023/08/03","00:36","62.2","-"
"2023/08/03","00:42","62.2","-"
"2023/08/03","00:48","62.4","-"
"2023/08/03","00:54","62.4","-"
"2023/08/03","01:00","62.4","-"
"2023/08/03","01:06","61.7","-"
"2023/08/03","01:12","61.3","-"
"2023/08/03","01:18","61.2","-"
"2023/08/03","01:24","61.3","-"
"2023/08/03","01:30","61.3","-"
"2023/08/03","01:36","61.3","-"
"2023/08/03","01:42","61.3","-"
"2023/08/03","01:48","61","-"
"2023/08/03","01:54","60.8","-"
"2023/08/03","02:00","60.8","-"
"2023/08/03","02:06","61","-"
"2023/08/03","02:12","61","-"
"2023/08/03","02:18","61.2","-"
"2023/08/03","02:24","61.2","-"
"2023/08/03","02:30","61.2","-"
"2023/08/03","02:36","61","-"
"2023/08/03","02:42","60.6","-"
"2023/08/03","02:48","60.4","-"
"2023/08/03","02:54","60.4","-"
"2023/08/03","03:00","60.4","-"
"2023/08/03","03:06","60.3","-"
"2023/08/03","03:12","60.3","-"
"2023/08/03","03:18","60.1","-"
"2023/08/03","03:24","60.1","-"
"2023/08/03","03:30","59.9","-"
"2023/08/03","03:36","59.5","-"
"2023/08/03","03:42","59","-"
"2023/08/03","03:48","59","-"
"2023/08/03","03:54","59.2","-"
"2023/08/03","04:00","59.2","-"
"2023/08/03","04:06","59","-"
"2023/08/03","04:12","58.6","-"
"2023/08/03","04:18","58.6","-"
"2023/08/03","04:24","58.6","-"
"2023/08/03","04:30","58.6","-"
"2023/08/03","04:36","58.6","-"
"2023/08/03","04:42","58.6","-"
"2023/08/03","04:48","58.8","-"
"2023/08/03","04:54","58.8","-"
"2023/08/03","05:00","58.8","-"
"2023/08/03","05:06","59","-"
"2023/08/03","05:12","59","-"
"2023/08/03","05:18","59.2","-"
"2023/08/03","05:24","59.2","-"
"2023/08/03","05:30","59.2","-"
"2023/08/03","05:36","59","-"
"2023/08/03","05:42","59","-"
"2023/08/03","05:48","59","-"
"2023/08/03","05:54","59","-"
"2023/08/03","06:00","59.2","-"
"2023/08/03","06:06","59.2","-"
"2023/08/03","06:12","59.2","-"
"2023/08/03","06:18","59.2","-"
"2023/08/03","06:24","59.2","-"
"2023/08/03","06:30","59.4","-"
"2023/08/03","06:36","59.5","-"
"2023/08/03","06:42","59.7","-"
"2023/08/03","06:48","59.5","-"
"2023/08/03","06:54","59.5","-"
"2023/08/03","07:00","59.7","-"
"2023/08/03","07:06","59.9","-"
"2023/08/03","07:12","60.1","-"
"2023/08/03","07:18","60.3","-"
"2023/08/03","07:24","60.3","-"
"2023/08/03","07:30","60.3","-"
"2023/08/03","07:36","60.1","-"
"2023/08/03","07:42","60.1","-"
"2023/08/03","07:48","60.3","-"
"2023/08/03","07:54","60.4","-"
"2023/08/03","08:00","60.4","-"
"2023/08/03","08:06","60.4","-"
"2023/08/03","08:12","60.6","-"
"2023/08/03","08:18","60.6","-"
"2023/08/03","08:24","60.6","-"
"2023/08/03","08:30","60.6","-"
"2023/08/03","08:36","60.6","-"
"2023/08/03","08:42","60.6","-"
"2023/08/03","08:48","60.6","-"
"2023/08/03","08:54","60.8","-"
"2023/08/03","09:00","60.8","-"
"2023/08/03","09:06","60.6","-"
"2023/08/03","09:12","60.8","-"
"2023/08/03","09:18","60.8","-"
"2023/08/03","09:24","60.8","-"
"2023/08/03","09:30","60.6","-"
"2023/08/03","09:36","60.6","-"
"2023/08/03","09:42","60.6","-"
"2023/08/03","09:48","60.6","-"
"2023/08/03","09:54","60.6","-"
"2023/08/03","10:00","60.6","-"
"2023/08/03","10:06","60.6","-"
"2023/08/03","10:12","60.6","-"
"2023/08/03","10:18","60.6","-"
"2023/08/03","10:24","60.6","-"
"2023/08/03","10:30","60.6","-"
"2023/08/03","10:36","60.6","-"
"2023/08/03","10:42","60.6","-"
"2023/08/03","10:48","60.8","-"
"2023/08/03","10:54","60.8","-"
"2023/08/03","11:00","60.8","-"
"2023/08/03","11:06","61","-"
"2023/08/03","11:12","61.2","-"
"2023/08/03","11:18","61.5","-"
"2023/08/03","11:24","61.7","-"
"2023/08/03","11:30","61.5","-"
"2023/08/03","11:36","61.5","-"
"2023/08/03","11:42","61.5","-"
"2023/08/03","11:48","61.3","-"
"2023/08/03","11:54","61.5","-"
"2023/08/03","12:00","61.5","-"
"2023/08/03","12:06","61.5","-"
"2023/08/03","12:12","61.3","-"
"2023/08/03","12:18","61.3","-"
"2023/08/03","12:24","61.5","-"
"2023/08/03","12:30","61.7","-"
"2023/08/03","12:36","61.7","-"
"2023/08/03","12:42","61.7","-"
"2023/08/03","12:48","61.7","-"
"2023/08/03","12:54","61.5","-"
"2023/08/03","13:00","61.5","-"
"2023/08/03","13:06","61.5","-"
"2023/08/03","13:12","61.5","-"
"2023/08/03","13:18","61.3","-"
"2023/08/03","13:24","61.5","-"
"2023/08/03","13:30","61.5","-"
"2023/08/03","13:36","61","-"
"2023/08/03","13:42","60.6","-"
"2023/08/03","13:48","60.3","-"
"2023/08/03","13:54","60.3","-"
"2023/08/03","14:00","60.4","-"
"2023/08/03","14:06","60.3","-"
"2023/08/03","14:12","60.3","-"
"2023/08/03","14:18","60.1","-"
"2023/08/03","14:24","60.1","-"
"2023/08/03","14:30","60.3","-"
"2023/08/03","14:36","60.1","-"
"2023/08/03","14:42","60.3","-"
"2023/08/03","14:48","60.1","-"
"2023/08/03","14:54","60.1","-"
"2023/08/03","15:00","60.1","-"
"2023/08/03","15:06","59.9","-"
"2023/08/03","15:12","59.7","-"
"2023/08/03","15:18","59.7","-"
"2023/08/03","15:24","59.7","-"
"2023/08/03","15:30","59.7","-"
"2023/08/03","15:36","59.7","-"
"2023/08/03","15:42","59.7","-"
"2023/08/03","15:48","59.7","-"
"2023/08/03","15:54","59.7","-"
"2023/08/03","16:00","59.7","-"
"2023/08/03","16:06","59.7","-"
"2023/08/03","16:12","59.7","-"
"2023/08/03","16:18","59.5","-"
"2023/08/03","16:24","59.2","-"
"2023/08/03","16:30","59","-"
"2023/08/03","16:36","58.6","-"
"2023/08/03","16:42","58.8","-"
"2023/08/03","16:48","58.8","-"
"2023/08/03","16:54","58.8","-"
"2023/08/03","17:00","59.2","-"
"2023/08/03","17:06","59","-"
"2023/08/03","17:12","58.8","-"
"2023/08/03","17:18","58.8","-"
"2023/08/03","17:24","58.8","-"
"2023/08/03","17:30","58.8","-"
"2023/08/03","17:36","59","-"
"2023/08/03","17:42","59","-"
"2023/08/03","17:48","59","-"
"2023/08/03","17:54","59.2","-"
"2023/08/03","18:00","59.2","-"
"2023/08/03","18:06","58.8","-"
"2023/08/03","18:12","58.6","-"
"2023/08/03","18:18","58.5","-"
"2023/08/03","18:24","58.5","-"
"2023/08/03","18:30","58.5","-"
"2023/08/03","18:36","58.5","-"
"2023/08/03","18:42","58.5","-"
"2023/08/03","18:48","58.5","-"
"2023/08/03","18:54","58.5","-"
"2023/08/03","19:00","58.5","-"
"2023/08/03","19:06","58.8","-"
"2023/08/03","19:12","59.5","-"
"2023/08/03","19:18","59.5","-"
"2023/08/03","19:24","60.1","-"
"2023/08/03","19:30","60.3","-"
"2023/08/03","19:36","60.3","-"
"2023/08/03","19:42","60.4","-"
"2023/08/03","19:48","60.8","-"
"2023/08/03","19:54","60.6","-"
"2023/08/03","20:00","60.8","-"
"2023/08/03","20:06","60.6","-"
"2023/08/03","20:12","60.4","-"
"2023/08/03","20:18","60.8","-"
"2023/08/03","20:24","61.2","-"
"2023/08/03","20:30","61.3","-"
"2023/08/03","20:36","61.3","-"
"2023/08/03","20:42","61.2","-"
"2023/08/03","20:48","61","-"
"2023/08/03","20:54","61.2","-"
"2023/08/03","21:00","61","-"
"2023/08/03","21:06","61","-"
"2023/08/03","21:12","60.8","-"
"2023/08/03","21:18","60.8","-"
"2023/08/03","21:24","61","-"
"2023/08/03","21:30","61.2","-"
"2023/08/03","21:36","61.3","-"
"2023/08/03","21:42","61.5","-"
"2023/08/03","21:48","61.7","-"
"2023/08/03","21:54","61.9","-"
"2023/08/03","22:00","61.9","-"
"2023/08/03","22:06","61.7","-"
"2023/08/03","22:12","61.7","-"
"2023/08/03","22:18","61.5","-"
"2023/08/03","22:24","61.5","-"
"2023/08/03","22:30","61.5","-"
"2023/08/03","22:36","61.3","-"
"2023/08/03","22:42","61.3","-"
"2023/08/03","22:48","61.3","-"
"2023/08/03","22:54","61.2","-"
"2023/08/03","23:00","61.2","-"
"2023/08/03","23:06","61.2","-"
"2023/08/03","23:12","61.3","-"
"2023/08/03","23:18","61.3","-"
"2023/08/03","23:24","61.2","-"
"2023/08/03","23:30","61.2","-"
"2023/08/03","23:36","61.3","-"
"2023/08/03","23:42","61.3","-"
"2023/08/03","23:48","61.3","-"
"2023/08/03","23:54","61.3","-"
"2023/08/04","00:00","61.3","-"
"2023/08/04","00:06","61.2","-"
"2023/08/04","00:12","61.3","-"
"2023/08/04","00:18","61.2","-"
"2023/08/04","00:24","61.3","-"
"2023/08/04","00:30","61.3","-"
"2023/08/04","00:36","61.2","-"
"2023/08/04","00:42","61.2","-"
"2023/08/04","00:48","61.2","-"
"2023/08/04","00:54","61.2","-"
"2023/08/04","01:00","61.3","-"
"2023/08/04","01:06","61.2","-"
"2023/08/04","01:12","61.2","-"
"2023/08/04","01:18","61.2","-"
"2023/08/04","01:24","61.2","-"
"2023/08/04","01:30","61","-"
"2023/08/04","01:36","61","-"
"2023/08/04","01:42","60.8","-"
"2023/08/04","01:48","60.6","-"
"2023/08/04","01:54","60.6","-"
"2023/08/04","02:00","60.1","-"
"2023/08/04","02:06","60.1","-"
"2023/08/04","02:12","60.1","-"
"2023/08/04","02:18","59.9","-"
"2023/08/04","02:24","59.9","-"
"2023/08/04","02:30","59.7","-"
"2023/08/04","02:36","59.7","-"
"2023/08/04","02:42","59.7","-"
"2023/08/04","02:48","59.5","-"
"2023/08/04","02:54","59.5","-"
"2023/08/04","03:00","59.5","-"
"2023/08/04","03:06","59.2","-"
"2023/08/04","03:12","58.8","-"
"2023/08/04","03:18","58.6","-"
"2023/08/04","03:24","58.3","-"
"2023/08/04","03:30","57.9","-"
"2023/08/04","03:36","57.7","-"
"2023/08/04","03:42","57.6","-"
"2023/08/04","03:48","57.6","-"
"2023/08/04","03:54","57.9","-"
"2023/08/04","04:00","57.9","-"
"2023/08/04","04:06","57.7","-"
"2023/08/04","04:12","57.4","-"
"2023/08/04","04:18","57.6","-"
"2023/08/04","04:24","57.9","-"
"2023/08/04","04:30","58.1","-"
"2023/08/04","04:36","57.6","-"
"2023/08/04","04:42","57.4","-"
"2023/08/04","04:48","57.6","-"
"2023/08/04","04:54","57.7","-"
"2023/08/04","05:00","57.7","-"
"2023/08/04","05:06","57.7","-"
"2023/08/04","05:12","57.7","-"
"2023/08/04","05:18","57.7","-"
"2023/08/04","05:24","57.7","-"
"2023/08/04","05:30","57.6","-"
"2023/08/04","05:36","57.6","-"
"2023/08/04","05:42","57.6","-"
"2023/08/04","05:48","57.6","-"
"2023/08/04","05:54","57.4","-"
"2023/08/04","06:00","57.4","-"
"2023/08/04","06:06","57.4","-"
"2023/08/04","06:12","57.4","-"
"2023/08/04","06:18","57.4","-"
"2023/08/04","06:24","57.4","-"
"2023/08/04","06:30","57.4","-"
"2023/08/04","06:36","57.4","-"
"2023/08/04","06:42","57.4","-"
"2023/08/04","06:48","57.4","-"
"2023/08/04","06:54","57.6","-"
"2023/08/04","07:00","57.6","-"
"2023/08/04","07:06","57.6","-"
"2023/08/04","07:12","57.6","-"
"2023/08/04","07:18","57.6","-"
"2023/08/04","07:24","57.6","-"
"2023/08/04","07:30","57.9","-"
"2023/08/04","07:36","58.1","-"
"2023/08/04","07:42","58.3","-"
"2023/08/04","07:48","58.5","-"
"2023/08/04","07:54","58.5","-"
"2023/08/04","08:00","58.6","-"
"2023/08/04","08:06","58.8","-"
"2023/08/04","08:12","58.8","-"
"2023/08/04","08:18","58.8","-"
"2023/08/04","08:24","59","-"
"2023/08/04","08:30","59","-"
"2023/08/04","08:36","59","-"
"2023/08/04","08:42","59","-"
"2023/08/04","08:48","58.8","-"
"2023/08/04","08:54","59","-"
"2023/08/04","09:00","59","-"
"2023/08/04","09:06","59","-"
"2023/08/04","09:12","59.2","-"
"2023/08/04","09:18","59.4","-"
"2023/08/04","09:24","59.4","-"
"2023/08/04","09:30","59.4","-"
"2023/08/04","09:36","59.4","-"
"2023/08/04","09:42","59.4","-"
"2023/08/04","09:48","59.4","-"
"2023/08/04","09:54","59.4","-"
"2023/08/04","10:00","59.4","-"
"2023/08/04","10:06","59.2","-"
"2023/08/04","10:12","59.2","-"
"2023/08/04","10:18","59.2","-"
"2023/08/04","10:24","59.2","-"
"2023/08/04","10:30","59.2","-"
"2023/08/04","10:36","59.2","-"
"2023/08/04","10:42","59.2","-"
"2023/08/04","10:48","59.2","-"
"2023/08/04","10:54","59.2","-"
"2023/08/04","11:00","59.2","-"
"2023/08/04","11:06","59.2","-"
"2023/08/04","11:12","59.2","-"
"2023/08/04","11:18","59.4","-"
"2023/08/04","11:24","59.4","-"
"2023/08/04","11:30","59.4","-"
"2023/08/04","11:36","59.4","-"
"2023/08/04","11:42","59.4","-"
"2023/08/04","11:48","59.5","-"
"2023/08/04","11:54","59.5","-"
"2023/08/04","12:00","59.5","-"
"2023/08/04","12:06","59.5","-"
"2023/08/04","12:12","59.5","-"
"2023/08/04","12:18","59.5","-"
"2023/08/04","12:24","59.5","-"
"2023/08/04","12:30","59.4","-"
"2023/08/04","12:36","59.5","-"
"2023/08/04","12:42","59.4","-"
"2023/08/04","12:48","59.4","-"
"2023/08/04","12:54","59.4","-"
"2023/08/04","13:00","59.4","-"
"2023/08/04","13:06","59.4","-"
"2023/08/04","13:12","59.4","-"
"2023/08/04","13:18","59.4","-"
"2023/08/04","13:24","59.4","-"
"2023/08/04","13:30","59.4","-"
"2023/08/04","13:36","59.4","-"
"2023/08/04","13:42","59.4","-"
"2023/08/04","13:48","59.4","-"
"2023/08/04","13:54","59.5","-"
"2023/08/04","14:00","59.4","-"
"2023/08/04","14:06","59.4","-"
"2023/08/04","14:12","59.4","-"
"2023/08/04","14:18","59.2","-"
"2023/08/04","14:24","59.2","-"
"2023/08/04","14:30","59.2","-"
"2023/08/04","14:36","59.2","-"
"2023/08/04","14:42","59.2","-"
"2023/08/04","14:48","59.2","-"
"2023/08/04","14:54","59.2","-"
"2023/08/04","15:00","59.2","-"
"2023/08/04","15:06","59","-"
"2023/08/04","15:12","59","-"
"2023/08/04","15:18","58.8","-"
"2023/08/04","15:24","58.8","-"
"2023/08/04","15:30","58.6","-"
"2023/08/04","15:36","58.6","-"
"2023/08/04","15:42","58.6","-"
"2023/08/04","15:48","58.6","-"
"2023/08/04","15:54","58.6","-"
"2023/08/04","16:00","58.5","-"
"2023/08/04","16:06","58.5","-"
"2023/08/04","16:12","58.3","-"
"2023/08/04","16:18","58.1","-"
"2023/08/04","16:24","57.6","-"
"2023/08/04","16:30","57.2","-"
"2023/08/04","16:36","57","-"
"2023/08/04","16:42","57.2","-"
"2023/08/04","16:48","57.2","-"
"2023/08/04","16:54","57.2","-"
"2023/08/04","17:00","57.4","-"
"2023/08/04","17:06","57.6","-"
"2023/08/04","17:12","57.2","-"
"2023/08/04","17:18","56.8","-"
"2023/08/04","17:24","57","-"
"2023/08/04","17:30","57.2","-"
"2023/08/04","17:36","57.2","-"
"2023/08/04","17:42","57","-"
"2023/08/04","17:48","57.2","-"
"2023/08/04","17:54","57.2","-"
"2023/08/04","18:00","57.4","-"
"2023/08/04","18:06","57.4","-"
"2023/08/04","18:12","57.4","-"
"2023/08/04","18:18","57.6","-"
"2023/08/04","18:24","57.4","-"
"2023/08/04","18:30","57.4","-"
"2023/08/04","18:36","57.4","-"
"2023/08/04","18:42","57","-"
"2023/08/04","18:48","57","-"
"2023/08/04","18:54","56.8","-"
"2023/08/04","19:00","57.2","-"
"2023/08/04","19:06","57.2","-"
"2023/08/04","19:12","57.2","-"
"2023/08/04","19:18","57.2","-"
"2023/08/04","19:24","57.2","-"
"2023/08/04","19:30","57","-"
"2023/08/04","19:36","57","-"
"2023/08/04","19:42","57","-"
"2023/08/04","19:48","57","-"
"2023/08/04","19:54","57.4","-"
"2023/08/04","20:00","57.6","-"
"2023/08/04","20:06","57.9","-"
"2023/08/04","20:12","58.3","-"
"2023/08/04","20:18","58.3","-"
"2023/08/04","20:24","58.1","-"
"2023/08/04","20:30","58.1","-"
"2023/08/04","20:36","58.1","-"
"2023/08/04","20:42","58.1","-"
"2023/08/04","20:48","58.5","-"
"2023/08/04","20:54","58.5","-"
"2023/08/04","21:00","58.5","-"
"2023/08/04","21:06","58.6","-"
"2023/08/04","21:12","58.6","-"
"2023/08/04","21:18","58.6","-"
"2023/08/04","21:24","58.6","-"
"2023/08/04","21:30","58.8","-"
"2023/08/04","21:36","58.8","-"
"2023/08/04","21:42","58.8","-"
"2023/08/04","21:48","58.8","-"
"2023/08/04","21:54","58.8","-"
"2023/08/04","22:00","59","-"
"2023/08/04","22:06","59","-"
"2023/08/04","22:12","58.8","-"
"2023/08/04","22:18","58.8","-"
"2023/08/04","22:24","59","-"
"2023/08/04","22:30","59","-"
"2023/08/04","22:36","59","-"
"2023/08/04","22:42","59","-"
"2023/08/04","22:48","59","-"
"2023/08/04","22:54","58.8","-"
"2023/08/04","23:00","58.8","-"
"2023/08/04","23:06","59","-"
"2023/08/04","23:12","59.4","-"
"2023/08/04","23:18","59.7","-"
"2023/08/04","23:24","59.7","-"
"2023/08/04","23:30","59.7","-"
"2023/08/04","23:36","60.1","-"
"2023/08/04","23:42","60.1","-"
"2023/08/04","23:48","59.9","-"
"2023/08/04","23:54","60.1","-"
"2023/08/05","00:00","60.6","-"
"2023/08/05","00:06","61","-"
"2023/08/05","00:12","60.8","-"
"2023/08/05","00:18","60.4","-"
"2023/08/05","00:24","60.4","-"
"2023/08/05","00:30","60.4","-"
"2023/08/05","00:36","61","-"
"2023/08/05","00:42","61.2","-"
"2023/08/05","00:48","61.2","-"
"2023/08/05","00:54","61.2","-"
"2023/08/05","01:00","61","-"
"2023/08/05","01:06","61","-"
"2023/08/05","01:12","61","-"
"2023/08/05","01:18","61.2","-"
"2023/08/05","01:24","61.3","-"
"2023/08/05","01:30","61.3","-"
"2023/08/05","01:36","61.2","-"
"2023/08/05","01:42","61","-"
"2023/08/05","01:48","61","-"
"2023/08/05","01:54","60.8","-"
"2023/08/05","02:00","60.3","-"
"2023/08/05","02:06","60.1","-"
"2023/08/05","02:12","60.1","-"
"2023/08/05","02:18","60.1","-"
"2023/08/05","02:24","60.1","-"
"2023/08/05","02:30","59.9","-"
"2023/08/05","02:36","59.9","-"
"2023/08/05","02:42","59.9","-"
"2023/08/05","02:48","59.9","-"
"2023/08/05","02:54","59.9","-"
"2023/08/05","03:00","60.1","-"
"2023/08/05","03:06","60.1","-"
"2023/08/05","03:12","59.2","-"
"2023/08/05","03:18","59.4","-"
"2023/08/05","03:24","59.4","-"
"2023/08/05","03:30","59.4","-"
"2023/08/05","03:36","59.2","-"
"2023/08/05","03:42","59","-"
"2023/08/05","03:48","59","-"
"2023/08/05","03:54","58.6","-"
"2023/08/05","04:00","58.6","-"
"2023/08/05","04:06","58.6","-"
"2023/08/05","04:12","58.6","-"
"2023/08/05","04:18","58.6","-"
"2023/08/05","04:24","58.5","-"
"2023/08/05","04:30","58.5","-"
"2023/08/05","04:36","58.3","-"
"2023/08/05","04:42","58.1","-"
"2023/08/05","04:48","58.1","-"
"2023/08/05","04:54","58.1","-"
"2023/08/05","05:00","58.3","-"
"2023/08/05","05:06","58.3","-"
"2023/08/05","05:12","58.3","-"
"2023/08/05","05:18","57.9","-"
"2023/08/05","05:24","57.7","-"
"2023/08/05","05:30","57.9","-"
"2023/08/05","05:36","57.9","-"
"2023/08/05","05:42","57.9","-"
"2023/08/05","05:48","57.6","-"
"2023/08/05","05:54","57.6","-"
"2023/08/05","06:00","57.4","-"
"2023/08/05","06:06","57.7","-"
"2023/08/05","06:12","57.7","-"
"2023/08/05","06:18","57.6","-"
"2023/08/05","06:24","57.4","-"
"2023/08/05","06:30","57.4","-"
"2023/08/05","06:36","57.4","-"
"2023/08/05","06:42","57.2","-"
"2023/08/05","06:48","57.2","-"
"2023/08/05","06:54","57.2","-"
"2023/08/05","07:00","57.4","-"
"2023/08/05","07:06","57.4","-"
"2023/08/05","07:12","57.4","-"
"2023/08/05","07:18","57.2","-"
"2023/08/05","07:24","57.2","-"
"2023/08/05","07:30","57.2","-"
"2023/08/05","07:36","57.2","-"
"2023/08/05","07:42","57.2","-"
"2023/08/05","07:48","57.2","-"
"2023/08/05","07:54","57.4","-"
"2023/08/05","08:00","57.4","-"
"2023/08/05","08:06","57.4","-"
"2023/08/05","08:12","57.4","-"
"2023/08/05","08:18","57.4","-"
"2023/08/05","08:24","57.6","-"
"2023/08/05","08:30","57.6","-"
"2023/08/05","08:36","57.7","-"
"2023/08/05","08:42","58.1","-"
"2023/08/05","08:48","58.3","-"
"2023/08/05","08:54","58.3","-"
"2023/08/05","09:00","58.5","-"
"2023/08/05","09:06","58.3","-"
"2023/08/05","09:12","58.1","-"
"2023/08/05","09:18","58.1","-"
"2023/08/05","09:24","58.5","-"
"2023/08/05","09:30","58.5","-"
"2023/08/05","09:36","58.5","-"
"2023/08/05","09:42","58.8","-"
"2023/08/05","09:48","58.8","-"
"2023/08/05","09:54","59","-"
"2023/08/05","10:00","59","-"
"2023/08/05","10:06","59","-"
"2023/08/05","10:12","59","-"
"2023/08/05","10:18","59.4","-"
"2023/08/05","10:24","59.5","-"
"2023/08/05","10:30","59.5","-"
"2023/08/05","10:36","59.7","-"
"2023/08/05","10:42","59.7","-"
"2023/08/05","10:48","59.7","-"
"2023/08/05","10:54","59.7","-"
"2023/08/05","11:00","59.9","-"
"2023/08/05","11:06","59.9","-"
"2023/08/05","11:12","60.1","-"
"2023/08/05","11:18","60.1","-"
"2023/08/05","11:24","60.3","-"
"2023/08/05","11:30","60.3","-"
"2023/08/05","11:36","60.3","-"
"2023/08/05","11:42","60.4","-"
"2023/08/05","11:48","60.4","-"
"2023/08/05","11:54","60.4","-"
"2023/08/05","12:00","60.4","-"
"2023/08/05","12:06","60.4","-"
"2023/08/05","12:12","60.4","-"
"2023/08/05","12:18","60.8","-"
"2023/08/05","12:24","61.2","-"
"2023/08/05","12:30","61.2","-"
"2023/08/05","12:36","61.2","-"
"2023/08/05","12:42","61.3","-"
"2023/08/05","12:48","61.5","-"
"2023/08/05","12:54","61.3","-"
"2023/08/05","13:00","61.2","-"
"2023/08/05","13:06","61.3","-"
"2023/08/05","13:12","61.5","-"
"2023/08/05","13:18","61.5","-"
"2023/08/05","13:24","61.5","-"
"2023/08/05","13:30","61.5","-"
"2023/08/05","13:36","61.9","-"
"2023/08/05","13:42","61.7","-"
"2023/08/05","13:48","61.5","-"
"2023/08/05","13:54","61.5","-"
"2023/08/05","14:00","61.3","-"
"2023/08/05","14:06","61.2","-"
"2023/08/05","14:12","61","-"
"2023/08/05","14:18","60.8","-"
"2023/08/05","14:24","60.6","-"
"2023/08/05","14:30","60.4","-"
"2023/08/05","14:36","60.4","-"
"2023/08/05","14:42","60.3","-"
"2023/08/05","14:48","60.3","-"
"2023/08/05","14:54","60.1","-"
"2023/08/05","15:00","60.1","-"
"2023/08/05","15:06","59.7","-"
"2023/08/05","15:12","59.7","-"
"2023/08/05","15:18","59.7","-"
"2023/08/05","15:24","59.5","-"
"2023/08/05","15:30","59.4","-"
"2023/08/05","15:36","59","-"
"2023/08/05","15:42","58.8","-"
"2023/08/05","15:48","58.8","-"
"2023/08/05","15:54","58.8","-"
"2023/08/05","16:00","58.8","-"
"2023/08/05","16:06","58.8","-"
"2023/08/05","16:12","58.8","-"
"2023/08/05","16:18","59","-"
"2023/08/05","16:24","59","-"
"2023/08/05","16:30","59","-"
"2023/08/05","16:36","59","-"
"2023/08/05","16:42","59","-"
"2023/08/05","16:48","58.8","-"
"2023/08/05","16:54","59","-"
"2023/08/05","17:00","58.8","-"
"2023/08/05","17:06","59","-"
"2023/08/05","17:12","58.8","-"
"2023/08/05","17:18","59","-"
"2023/08/05","17:24","58.8","-"
"2023/08/05","17:30","58.8","-"
"2023/08/05","17:36","58.8","-"
"2023/08/05","17:42","58.8","-"
"2023/08/05","17:48","58.8","-"
"2023/08/05","17:54","59","-"
"2023/08/05","18:00","58.8","-"
"2023/08/05","18:06","58.8","-"
"2023/08/05","18:12","58.8","-"
"2023/08/05","18:18","58.8","-"
"2023/08/05","18:24","58.6","-"
"2023/08/05","18:30","58.5","-"
"2023/08/05","18:36","58.5","-"
"2023/08/05","18:42","58.5","-"
"2023/08/05","18:48","58.3","-"
"2023/08/05","18:54","58.3","-"
"2023/08/05","19:00","58.5","-"
"2023/08/05","19:06","58.5","-"
"2023/08/05","19:12","58.5","-"
"2023/08/05","19:18","58.5","-"
"2023/08/05","19:24","58.5","-"
"2023/08/05","19:30","58.5","-"
"2023/08/05","19:36","58.5","-"
"2023/08/05","19:42","58.6","-"
"2023/08/05","19:48","58.6","-"
"2023/08/05","19:54","58.5","-"
"2023/08/05","20:00","58.3","-"
"2023/08/05","20:06","58.1","-"
"2023/08/05","20:12","58.1","-"
"2023/08/05","20:18","58.1","-"
"2023/08/05","20:24","58.1","-"
"2023/08/05","20:30","58.1","-"
"2023/08/05","20:36","58.3","-"
"2023/08/05","20:42","58.1","-"
"2023/08/05","20:48","58.3","-"
"2023/08/05","20:54","58.3","-"
"2023/08/05","21:00","58.3","-"
"2023/08/05","21:06","58.3","-"
"2023/08/05","21:12","58.5","-"
"2023/08/05","21:18","58.8","-"
"2023/08/05","21:24","58.8","-"
"2023/08/05","21:30","59","-"
"2023/08/05","21:36","59.2","-"
"2023/08/05","21:42","59.5","-"
"2023/08/05","21:48","59.5","-"
"2023/08/05","21:54","59.5","-"
"2023/08/05","22:00","59.4","-"
"2023/08/05","22:06","59.4","-"
"2023/08/05","22:12","59.9","-"
"2023/08/05","22:18","60.1","-"
"2023/08/05","22:24","59.9","-"
"2023/08/05","22:30","59.7","-"
"2023/08/05","22:36","60.6","-"
"2023/08/05","22:42","61.2","-"
"2023/08/05","22:48","61.2","-"
"2023/08/05","22:54","60.8","-"
"2023/08/05","23:00","61","-"
"2023/08/05","23:06","60.8","-"
"2023/08/05","23:12","61","-"
"2023/08/05","23:18","61.3","-"
"2023/08/05","23:24","62.2","-"
"2023/08/05","23:30","62.2","-"
"2023/08/05","23:36","62.2","-"
"2023/08/05","23:42","62.4","-"
"2023/08/05","23:48","62.6","-"
"2023/08/05","23:54","62.4","-"
"2023/08/06","00:00","62.4","-"
"2023/08/06","00:06","62.6","-"
"2023/08/06","00:12","62.8","-"
"2023/08/06","00:18","62.8","-"
"2023/08/06","00:24","62.8","-"
"2023/08/06","00:30","62.6","-"
"2023/08/06","00:36","62.8","-"
"2023/08/06","00:42","62.8","-"
"2023/08/06","00:48","62.6","-"
"2023/08/06","00:54","62.6","-"
"2023/08/06","01:00","62.8","-"
"2023/08/06","01:06","63","-"
"2023/08/06","01:12","63","-"
"2023/08/06","01:18","63","-"
"2023/08/06","01:24","62.8","-"
"2023/08/06","01:30","62.8","-"
"2023/08/06","01:36","62.8","-"
"2023/08/06","01:42","62.8","-"
"2023/08/06","01:48","62.8","-"
"2023/08/06","01:54","62.8","-"
"2023/08/06","02:00","62.6","-"
"2023/08/06","02:06","62.6","-"
"2023/08/06","02:12","62.8","-"
"2023/08/06","02:18","62.6","-"
"2023/08/06","02:24","62.6","-"
"2023/08/06","02:30","62.6","-"
"2023/08/06","02:36","62.6","-"
"2023/08/06","02:42","62.6","-"
"2023/08/06","02:48","62.4","-"
"2023/08/06","02:54","62.4","-"
"2023/08/06","03:00","62.4","-"
"2023/08/06","03:06","62.2","-"
"2023/08/06","03:12","62.4","-"
"2023/08/06","03:18","62.2","-"
"2023/08/06","03:24","61.5","-"
"2023/08/06","03:30","61.2","-"
"2023/08/06","03:36","60.6","-"
"2023/08/06","03:42","60.6","-"
"2023/08/06","03:48","60.4","-"
"2023/08/06","03:54","60.4","-"
"2023/08/06","04:00","59.9","-"
"2023/08/06","04:06","59.5","-"
"2023/08/06","04:12","59.5","-"
"2023/08/06","04:18","59.7","-"
"2023/08/06","04:24","59.7","-"
"2023/08/06","04:30","59.7","-"
"2023/08/06","04:36","59.9","-"
"2023/08/06","04:42","59.9","-"
"2023/08/06","04:48","60.1","-"
"2023/08/06","04:54","60.1","-"
"2023/08/06","05:00","60.1","-"
"2023/08/06","05:06","60.3","-"
"2023/08/06","05:12","60.3","-"
"2023/08/06","05:18","60.1","-"
"2023/08/06","05:24","60.1","-"
"2023/08/06","05:30","59.9","-"
"2023/08/06","05:36","59.9","-"
"2023/08/06","05:42","59.7","-"
"2023/08/06","05:48","59.9","-"
"2023/08/06","05:54","59.7","-"
"2023/08/06","06:00","59.7","-"
"2023/08/06","06:06","59.7","-"
"2023/08/06","06:12","59.7","-"
"2023/08/06","06:18","59.7","-"
"2023/08/06","06:24","59.7","-"
"2023/08/06","06:30","59.5","-"
"2023/08/06","06:36","59.5","-"
"2023/08/06","06:42","59.5","-"
"2023/08/06","06:48","59.4","-"
"2023/08/06","06:54","59.4","-"
"2023/08/06","07:00","59.5","-"
"2023/08/06","07:06","59.4","-"
"2023/08/06","07:12","59.4","-"
"2023/08/06","07:18","59.4","-"
"2023/08/06","07:24","59.4","-"
"2023/08/06","07:30","59.4","-"
"2023/08/06","07:36","59.4","-"
"2023/08/06","07:42","59.4","-"
"2023/08/06","07:48","59.2","-"
"2023/08/06","07:54","59.2","-"
"2023/08/06","08:00","59.2","-"
"2023/08/06","08:06","59.2","-"
"2023/08/06","08:12","59.2","-"
"2023/08/06","08:18","59","-"
"2023/08/06","08:24","58.8","-"
"2023/08/06","08:30","58.8","-"
"2023/08/06","08:36","58.8","-"
"2023/08/06","08:42","58.8","-"
"2023/08/06","08:48","58.6","-"
"2023/08/06","08:54","58.6","-"
"2023/08/06","09:00","58.8","-"
"2023/08/06","09:06","59","-"
"2023/08/06","09:12","59.2","-"
"2023/08/06","09:18","59.2","-"
"2023/08/06","09:24","59.4","-"
"2023/08/06","09:30","59.4","-"
"2023/08/06","09:36","59.4","-"
"2023/08/06","09:42","59.2","-"
"2023/08/06","09:48","59.4","-"
"2023/08/06","09:54","59.5","-"
"2023/08/06","10:00","59.5","-"
"2023/08/06","10:06","59.7","-"
"2023/08/06","10:12","59.7","-"
"2023/08/06","10:18","59.7","-"
"2023/08/06","10:24","59.7","-"
"2023/08/06","10:30","60.1","-"
"2023/08/06","10:36","59.9","-"
"2023/08/06","10:42","59.9","-"
"2023/08/06","10:48","59.9","-"
"2023/08/06","10:54","59.9","-"
"2023/08/06","11:00","60.1","-"
"2023/08/06","11:06","60.1","-"
"2023/08/06","11:12","60.3","-"
"2023/08/06","11:18","60.3","-"
"2023/08/06","11:24","60.3","-"
"2023/08/06","11:30","60.3","-"
"2023/08/06","11:36","60.4","-"
"2023/08/06","11:42","60.4","-"
"2023/08/06","11:48","60.6","-"
"2023/08/06","11:54","60.8","-"
"2023/08/06","12:00","60.8","-"
"2023/08/06","12:06","60.8","-"
"2023/08/06","12:12","60.8","-"
"2023/08/06","12:18","60.8","-"
"2023/08/06","12:24","61","-"
"2023/08/06","12:30","61","-"
"2023/08/06","12:36","61","-"
"2023/08/06","12:42","61","-"
"2023/08/06","12:48","61","-"
"2023/08/06","12:54","60.8","-"
"2023/08/06","13:00","60.8","-"
"2023/08/06","13:06","61","-"
"2023/08/06","13:12","61.2","-"
"2023/08/06","13:18","61.2","-"
"2023/08/06","13:24","61","-"
"2023/08/06","13:30","61.2","-"
"2023/08/06","13:36","61.2","-"
"2023/08/06","13:42","61.3","-"
"2023/08/06","13:48","61.5","-"
"2023/08/06","13:54","61.5","-"
"2023/08/06","14:00","61.5","-"
"2023/08/06","14:06","61.7","-"
"2023/08/06","14:12","61.7","-"
"2023/08/06","14:18","61.7","-"
"2023/08/06","14:24","61.7","-"
"2023/08/06","14:30","61.9","-"
"2023/08/06","14:36","61.9","-"
"2023/08/06","14:42","61.7","-"
"2023/08/06","14:48","61.7","-"
"2023/08/06","14:54","61.7","-"
"2023/08/06","15:00","61.9","-"
"2023/08/06","15:06","61.9","-"
"2023/08/06","15:12","61.9","-"
"2023/08/06","15:18","61.5","-"
"2023/08/06","15:24","61.5","-"
"2023/08/06","15:30","61.9","-"
"2023/08/06","15:36","61.7","-"
"2023/08/06","15:42","61.7","-"
"2023/08/06","15:48","61.9","-"
"2023/08/06","15:54","61.7","-"
"2023/08/06","16:00","61.3","-"
"2023/08/06","16:06","60.8","-"
"2023/08/06","16:12","60.1","-"
"2023/08/06","16:18","60.1","-"
"2023/08/06","16:24","60.3","-"
"2023/08/06","16:30","60.1","-"
"2023/08/06","16:36","59.9","-"
"2023/08/06","16:42","59.5","-"
"2023/08/06","16:48","59.5","-"
"2023/08/06","16:54","59.7","-"
"2023/08/06","17:00","59.5","-"
"2023/08/06","17:06","59.4","-"
"2023/08/06","17:12","59.4","-"
"2023/08/06","17:18","59.5","-"
"2023/08/06","17:24","59.7","-"
"2023/08/06","17:30","59.9","-"
"2023/08/06","17:36","59.9","-"
"2023/08/06","17:42","59.9","-"
"2023/08/06","17:48","59.9","-"
"2023/08/06","17:54","59.9","-"
"2023/08/06","18:00","59.7","-"
"2023/08/06","18:06","59.7","-"
"2023/08/06","18:12","59.7","-"
"2023/08/06","18:18","59.7","-"
"2023/08/06","18:24","59.7","-"
"2023/08/06","18:30","59.7","-"
"2023/08/06","18:36","59.7","-"
"2023/08/06","18:42","59.7","-"
"2023/08/06","18:48","59.9","-"
"2023/08/06","18:54","59.9","-"
"2023/08/06","19:00","59.9","-"
"2023/08/06","19:06","59.7","-"
"2023/08/06","19:12","59.7","-"
"2023/08/06","19:18","59.7","-"
"2023/08/06","19:24","59.5","-"
"2023/08/06","19:30","59.5","-"
"2023/08/06","19:36","59.5","-"
"2023/08/06","19:42","59.5","-"
"2023/08/06","19:48","59.5","-"
"2023/08/06","19:54","59.4","-"
"2023/08/06","20:00","59.4","-"
"2023/08/06","20:06","59.5","-"
"2023/08/06","20:12","59.5","-"
"2023/08/06","20:18","59.5","-"
"2023/08/06","20:24","59.4","-"
"2023/08/06","20:30","59.4","-"
"2023/08/06","20:36","59.2","-"
"2023/08/06","20:42","59","-"
"2023/08/06","20:48","59","-"
"2023/08/06","20:54","59","-"
"2023/08/06","21:00","59","-"
"2023/08/06","21:06","59","-"
"2023/08/06","21:12","59","-"
"2023/08/06","21:18","59","-"
"2023/08/06","21:24","59","-"
"2023/08/06","21:30","59.4","-"
"2023/08/06","21:36","59.4","-"
"2023/08/06","21:42","59.4","-"
"2023/08/06","21:48","59.4","-"
"2023/08/06","21:54","59.4","-"
"2023/08/06","22:00","59.2","-"
"2023/08/06","22:06","59.4","-"
"2023/08/06","22:12","59.9","-"
"2023/08/06","22:18","59.9","-"
"2023/08/06","22:24","59.9","-"
"2023/08/06","22:30","59.9","-"
"2023/08/06","22:36","59.9","-"
"2023/08/06","22:42","59.7","-"
"2023/08/06","22:48","60.1","-"
"2023/08/06","22:54","60.1","-"
"2023/08/06","23:00","60.1","-"
"2023/08/06","23:06","60.1","-"
"2023/08/06","23:12","60.4","-"
"2023/08/06","23:18","60.4","-"
"2023/08/06","23:24","60.4","-"
"2023/08/06","23:30","60.3","-"
"2023/08/06","23:36","60.4","-"
"2023/08/06","23:42","60.6","-"
"2023/08/06","23:48","60.6","-"
"2023/08/06","23:54","60.8","-"
"2023/08/07","00:00","61.2","-"
"2023/08/07","00:06","61.5","-"
"2023/08/07","00:12","61.5","-"
"2023/08/07","00:18","62.1","-"
"2023/08/07","00:24","62.2","-"
"2023/08/07","00:30","62.4","-"
"2023/08/07","00:36","62.4","-"
"2023/08/07","00:42","62.4","-"
"2023/08/07","00:48","62.4","-"
"2023/08/07","00:54","62.8","-"
"2023/08/07","01:00","62.8","-"
"2023/08/07","01:06","62.8","-"
"2023/08/07","01:12","62.8","-"
"2023/08/07","01:18","62.8","-"
"2023/08/07","01:24","62.8","-"
"2023/08/07","01:30","62.6","-"
"2023/08/07","01:36","62.6","-"
"2023/08/07","01:42","62.6","-"
"2023/08/07","01:48","62.6","-"
"2023/08/07","01:54","62.6","-"
"2023/08/07","02:00","62.8","-"
"2023/08/07","02:06","62.8","-"
"2023/08/07","02:12","62.6","-"
"2023/08/07","02:18","62.6","-"
"2023/08/07","02:24","62.6","-"
"2023/08/07","02:30","62.8","-"
"2023/08/07","02:36","62.8","-"
"2023/08/07","02:42","62.8","-"
"2023/08/07","02:48","62.8","-"
"2023/08/07","02:54","62.8","-"
"2023/08/07","03:00","63","-"
"2023/08/07","03:06","63","-"
"2023/08/07","03:12","63.1","-"
"2023/08/07","03:18","63.1","-"
"2023/08/07","03:24","63.1","-"
"2023/08/07","03:30","63.3","-"
"2023/08/07","03:36","63.1","-"
"2023/08/07","03:42","63.3","-"
"2023/08/07","03:48","63.3","-"
"2023/08/07","03:54","63.3","-"
"2023/08/07","04:00","63.1","-"
"2023/08/07","04:06","63","-"
"2023/08/07","04:12","63","-"
"2023/08/07","04:18","63","-"
"2023/08/07","04:24","63","-"
"2023/08/07","04:30","63","-"
"2023/08/07","04:36","63","-"
"2023/08/07","04:42","63","-"
"2023/08/07","04:48","62.8","-"
"2023/08/07","04:54","61.7","-"
"2023/08/07","05:00","61.3","-"
"2023/08/07","05:06","61","-"
"2023/08/07","05:12","60.8","-"
"2023/08/07","05:18","60.8","-"
"2023/08/07","05:24","60.4","-"
"2023/08/07","05:30","60.3","-"
"2023/08/07","05:36","60.1","-"
"2023/08/07","05:42","60.1","-"
"2023/08/07","05:48","60.3","-"
"2023/08/07","05:54","60.4","-"
"2023/08/07","06:00","60.3","-"
"2023/08/07","06:06","60.3","-"
"2023/08/07","06:12","60.4","-"
"2023/08/07","06:18","60.3","-"
"2023/08/07","06:24","60.1","-"
"2023/08/07","06:30","59.9","-"
"2023/08/07","06:36","59.9","-"
"2023/08/07","06:42","59.9","-"
"2023/08/07","06:48","60.1","-"
"2023/08/07","06:54","60.3","-"
"2023/08/07","07:00","60.3","-"
"2023/08/07","07:06","60.3","-"
"2023/08/07","07:12","60.1","-"
"2023/08/07","07:18","60.1","-"
"2023/08/07","07:24","60.1","-"
"2023/08/07","07:30","60.1","-"
"2023/08/07","07:36","60.1","-"
"2023/08/07","07:42","60.1","-"
"2023/08/07","07:48","60.1","-"
"2023/08/07","07:54","60.1","-"
"2023/08/07","08:00","60.1","-"
"2023/08/07","08:06","60.1","-"
"2023/08/07","08:12","60.1","-"
"2023/08/07","08:18","60.1","-"
"2023/08/07","08:24","60.1","-"
"2023/08/07","08:30","60.3","-"
"2023/08/07","08:36","60.3","-"
"2023/08/07","08:42","60.3","-"
"2023/08/07","08:48","60.3","-"
"2023/08/07","08:54","60.3","-"
"2023/08/07","09:00","60.1","-"
"2023/08/07","09:06","60.1","-"
"2023/08/07","09:12","60.1","-"
"2023/08/07","09:18","59.9","-"
"2023/08/07","09:24","59.7","-"
"2023/08/07","09:30","59.5","-"
"2023/08/07","09:36","59.4","-"
"2023/08/07","09:42","59.5","-"
"2023/08/07","09:48","59.7","-"
"2023/08/07","09:54","59.9","-"
"2023/08/07","10:00","59.9","-"
"2023/08/07","10:06","59.9","-"
"2023/08/07","10:12","59.9","-"
"2023/08/07","10:18","59.9","-"
"2023/08/07","10:24","59.9","-"
"2023/08/07","10:30","59.9","-"
"2023/08/07","10:36","60.1","-"
"2023/08/07","10:42","60.3","-"
"2023/08/07","10:48","60.4","-"
"2023/08/07","10:54","60.4","-"
"2023/08/07","11:00","60.4","-"
"2023/08/07","11:06","60.4","-"
"2023/08/07","11:12","60.4","-"
"2023/08/07","11:18","60.4","-"
"2023/08/07","11:24","60.4","-"
"2023/08/07","11:30","60.3","-"
"2023/08/07","11:36","60.3","-"
"2023/08/07","11:42","60.3","-"
"2023/08/07","11:48","60.4","-"
"2023/08/07","11:54","60.6","-"
"2023/08/07","12:00","60.8","-"
"2023/08/07","12:06","61","-"
"2023/08/07","12:12","61.3","-"
"2023/08/07","12:18","61.3","-"
"2023/08/07","12:24","61.5","-"
"2023/08/07","12:30","61.5","-"
"2023/08/07","12:36","61.5","-"
"2023/08/07","12:42","61.5","-"
"2023/08/07","12:48","61.5","-"
"2023/08/07","12:54","61.7","-"
"2023/08/07","13:00","61.7","-"
"2023/08/07","13:06","61.9","-"
"2023/08/07","13:12","61.9","-"
"2023/08/07","13:18","61.9","-"
"2023/08/07","13:24","62.1","-"
"2023/08/07","13:30","62.1","-"
"2023/08/07","13:36","62.1","-"
"2023/08/07","13:42","62.1","-"
"2023/08/07","13:48","62.1","-"
"2023/08/07","13:54","62.1","-"
"2023/08/07","14:00","62.4","-"
"2023/08/07","14:06","62.4","-"
"2023/08/07","14:12","62.4","-"
"2023/08/07","14:18","62.4","-"
"2023/08/07","14:24","62.6","-"
"2023/08/07","14:30","62.4","-"
"2023/08/07","14:36","62.6","-"
"2023/08/07","14:42","62.6","-"
"2023/08/07","14:48","62.6","-"
"2023/08/07","14:54","62.6","-"
"2023/08/07","15:00","62.6","-"
"2023/08/07","15:06","62.6","-"
"2023/08/07","15:12","62.6","-"
"2023/08/07","15:18","62.8","-"
"2023/08/07","15:24","62.8","-"
"2023/08/07","15:30","62.8","-"
"2023/08/07","15:36","62.6","-"
"2023/08/07","15:42","62.8","-"
"2023/08/07","15:48","62.8","-"
"2023/08/07","15:54","62.8","-"
"2023/08/07","16:00","62.8","-"
"2023/08/07","16:06","62.8","-"
"2023/08/07","16:12","62.6","-"
"2023/08/07","16:18","62.6","-"
"2023/08/07","16:24","62.6","-"
"2023/08/07","16:30","62.6","-"
"2023/08/07","16:36","62.4","-"
"2023/08/07","16:42","61.9","-"
"2023/08/07","16:48","61.9","-"
"2023/08/07","16:54","61.5","-"
"2023/08/07","17:00","61.5","-"
"2023/08/07","17:06","61.5","-"
"2023/08/07","17:12","61.2","-"
"2023/08/07","17:18","60.8","-"
"2023/08/07","17:24","60.6","-"
"2023/08/07","17:30","60.3","-"
"2023/08/07","17:36","60.1","-"
"2023/08/07","17:42","59.9","-"
"2023/08/07","17:48","59.7","-"
"2023/08/07","17:54","59.7","-"
"2023/08/07","18:00","59.9","-"
"2023/08/07","18:06","60.1","-"
"2023/08/07","18:12","59.9","-"
"2023/08/07","18:18","59.9","-"
"2023/08/07","18:24","60.1","-"
"2023/08/07","18:30","60.1","-"
"2023/08/07","18:36","60.1","-"
"2023/08/07","18:42","60.1","-"
"2023/08/07","18:48","60.1","-"
"2023/08/07","18:54","60.1","-"
"2023/08/07","19:00","59.9","-"
"2023/08/07","19:06","59.9","-"
"2023/08/07","19:12","60.1","-"
"2023/08/07","19:18","59.9","-"
"2023/08/07","19:24","59.9","-"
"2023/08/07","19:30","60.1","-"
"2023/08/07","19:36","60.1","-"
"2023/08/07","19:42","60.1","-"
"2023/08/07","19:48","59.9","-"
"2023/08/07","19:54","59.9","-"
"2023/08/07","20:00","59.7","-"
"2023/08/07","20:06","59.7","-"
"2023/08/07","20:12","59.9","-"
"2023/08/07","20:18","59.9","-"
"2023/08/07","20:24","59.7","-"
"2023/08/07","20:30","59.9","-"
"2023/08/07","20:36","59.9","-"
"2023/08/07","20:42","59.9","-"
"2023/08/07","20:48","59.9","-"
"2023/08/07","20:54","59.9","-"
"2023/08/07","21:00","59.9","-"
"2023/08/07","21:06","59.9","-"
"2023/08/07","21:12","59.9","-"
"2023/08/07","21:18","59.9","-"
"2023/08/07","21:24","59.7","-"
"2023/08/07","21:30","59.7","-"
"2023/08/07","21:36","59.7","-"
"2023/08/07","21:42","59.5","-"
"2023/08/07","21:48","59.4","-"
"2023/08/07","21:54","59","-"
"2023/08/07","22:00","59","-"
"2023/08/07","22:06","59","-"
"2023/08/07","22:12","59","-"
"2023/08/07","22:18","59.4","-"
"2023/08/07","22:24","59.4","-"
"2023/08/07","22:30","59.5","-"
"2023/08/07","22:36","59.5","-"
"2023/08/07","22:42","59.5","-"
"2023/08/07","22:48","59.7","-"
"2023/08/07","22:54","59.7","-"
"2023/08/07","23:00","59.4","-"
"2023/08/07","23:06","59.4","-"
"2023/08/07","23:12","59.7","-"
"2023/08/07","23:18","59.9","-"
"2023/08/07","23:24","59.9","-"
"2023/08/07","23:30","59.9","-"
"2023/08/07","23:36","60.1","-"
"2023/08/07","23:42","60.1","-"
"2023/08/07","23:48","60.1","-"
"2023/08/07","23:54","60.1","-"
"2023/08/08","00:00","60.4","-"
"2023/08/08","00:06","60.8","-"
"2023/08/08","00:12","61","-"
"2023/08/08","00:18","61.2","-"
"2023/08/08","00:24","60.8","-"
"2023/08/08","00:30","61.2","-"
"2023/08/08","00:36","61.2","-"
"2023/08/08","00:42","61.2","-"
"2023/08/08","00:48","61.2","-"
"2023/08/08","00:54","61.3","-"
"2023/08/08","01:00","61.5","-"
"2023/08/08","01:06","61.5","-"
"2023/08/08","01:12","61.5","-"
"2023/08/08","01:18","61.5","-"
"2023/08/08","01:24","61.7","-"
"2023/08/08","01:30","61.7","-"
"2023/08/08","01:36","61.7","-"
"2023/08/08","01:42","61.7","-"
"2023/08/08","01:48","61.9","-"
"2023/08/08","01:54","62.2","-"
"2023/08/08","02:00","62.6","-"
"2023/08/08","02:06","62.8","-"
"2023/08/08","02:12","62.8","-"
"2023/08/08","02:18","62.8","-"
"2023/08/08","02:24","62.8","-"
"2023/08/08","02:30","62.8","-"
"2023/08/08","02:36","62.8","-"
"2023/08/08","02:42","63","-"
"2023/08/08","02:48","63","-"
"2023/08/08","02:54","63","-"
"2023/08/08","03:00","63","-"
"2023/08/08","03:06","63","-"
"2023/08/08","03:12","63.1","-"
"2023/08/08","03:18","63.1","-"
"2023/08/08","03:24","63.1","-"
"2023/08/08","03:30","63.1","-"
"2023/08/08","03:36","63.1","-"
"2023/08/08","03:42","63.3","-"
"2023/08/08","03:48","63.3","-"
"2023/08/08","03:54","63.3","-"
"2023/08/08","04:00","63.3","-"
"2023/08/08","04:06","63.3","-"
"2023/08/08","04:12","63.1","-"
"2023/08/08","04:18","63","-"
"2023/08/08","04:24","63.1","-"
"2023/08/08","04:30","63.1","-"
"2023/08/08","04:36","63","-"
"2023/08/08","04:42","63","-"
"2023/08/08","04:48","63","-"
"2023/08/08","04:54","62.8","-"
"2023/08/08","05:00","62.8","-"
"2023/08/08","05:06","62.4","-"
"2023/08/08","05:12","62.2","-"
"2023/08/08","05:18","62.1","-"
"2023/08/08","05:24","61.9","-"
"2023/08/08","05:30","61.7","-"
"2023/08/08","05:36","60.8","-"
"2023/08/08","05:42","60.3","-"
"2023/08/08","05:48","60.1","-"
"2023/08/08","05:54","59.9","-"
"2023/08/08","06:00","59.9","-"
"2023/08/08","06:06","59.9","-"
"2023/08/08","06:12","59.9","-"
"2023/08/08","06:18","59.7","-"
"2023/08/08","06:24","59.7","-"
"2023/08/08","06:30","59.5","-"
"2023/08/08","06:36","59.5","-"
"2023/08/08","06:42","59.5","-"
"2023/08/08","06:48","59.5","-"
"2023/08/08","06:54","59.7","-"
"2023/08/08","07:00","59.7","-"
"2023/08/08","07:06","59.7","-"
"2023/08/08","07:12","59.9","-"
"2023/08/08","07:18","59.9","-"
"2023/08/08","07:24","60.1","-"
"2023/08/08","07:30","60.3","-"
"2023/08/08","07:36","60.3","-"
"2023/08/08","07:42","60.3","-"
"2023/08/08","07:48","60.3","-"
"2023/08/08","07:54","60.3","-"
"2023/08/08","08:00","60.1","-"
"2023/08/08","08:06","60.1","-"
"2023/08/08","08:12","60.1","-"
"2023/08/08","08:18","60.1","-"
"2023/08/08","08:24","60.1","-"
"2023/08/08","08:30","59.9","-"
"2023/08/08","08:36","59.9","-"
"2023/08/08","08:42","59.9","-"
"2023/08/08","08:48","59.7","-"
"2023/08/08","08:54","59.7","-"
"2023/08/08","09:00","59.7","-"
"2023/08/08","09:06","59.7","-"
"2023/08/08","09:12","59.7","-"
"2023/08/08","09:18","59.7","-"
"2023/08/08","09:24","59.7","-"
"2023/08/08","09:30","59.5","-"
"2023/08/08","09:36","59.5","-"
"2023/08/08","09:42","59.5","-"
"2023/08/08","09:48","59.5","-"
"2023/08/08","09:54","59.4","-"
"2023/08/08","10:00","59.2","-"
"2023/08/08","10:06","59.4","-"
"2023/08/08","10:12","59.2","-"
"2023/08/08","10:18","59.2","-"
"2023/08/08","10:24","59.2","-"
"2023/08/08","10:30","59.2","-"
"2023/08/08","10:36","59","-"
"2023/08/08","10:42","59","-"
"2023/08/08","10:48","58.8","-"
"2023/08/08","10:54","58.8","-"
"2023/08/08","11:00","58.8","-"
"2023/08/08","11:06","59","-"
"2023/08/08","11:12","59","-"
"2023/08/08","11:18","59.5","-"
"2023/08/08","11:24","59.5","-"
"2023/08/08","11:30","59.5","-"
"2023/08/08","11:36","59.5","-"
"2023/08/08","11:42","59.5","-"
"2023/08/08","11:48","59.5","-"
"2023/08/08","11:54","59.5","-"
"2023/08/08","12:00","59.5","-"
"2023/08/08","12:06","59.5","-"
"2023/08/08","12:12","59.7","-"
"2023/08/08","12:18","60.4","-"
"2023/08/08","12:24","60.4","-"
"2023/08/08","12:30","60.4","-"
"2023/08/08","12:36","60.1","-"
"2023/08/08","12:42","60.4","-"
"2023/08/08","12:48","60.6","-"
"2023/08/08","12:54","61.2","-"
"2023/08/08","13:00","61.2","-"
"2023/08/08","13:06","61.2","-"
"2023/08/08","13:12","61.2","-"
"2023/08/08","13:18","60.8","-"
"2023/08/08","13:24","61","-"
"2023/08/08","13:30","61.2","-"
"2023/08/08","13:36","61.2","-"
"2023/08/08","13:42","61.3","-"
"2023/08/08","13:48","61.5","-"
"2023/08/08","13:54","61.5","-"
"2023/08/08","14:00","61.5","-"
"2023/08/08","14:06","61.5","-"
"2023/08/08","14:12","61.5","-"
"2023/08/08","14:18","61.7","-"
"2023/08/08","14:24","61.3","-"
"2023/08/08","14:30","61.5","-"
"2023/08/08","14:36","61.5","-"
"2023/08/08","14:42","61.7","-"
"2023/08/08","14:48","61.5","-"
"2023/08/08","14:54","61.5","-"
"2023/08/08","15:00","61.5","-"
"2023/08/08","15:06","61.7","-"
"2023/08/08","15:12","61.7","-"
"2023/08/08","15:18","61.7","-"
"2023/08/08","15:24","61.7","-"
"2023/08/08","15:30","61.7","-"
"2023/08/08","15:36","61.5","-"
"2023/08/08","15:42","61.7","-"
"2023/08/08","15:48","61.5","-"
"2023/08/08","15:54","61.2","-"
"2023/08/08","16:00","61.2","-"
"2023/08/08","16:06","61.3","-"
"2023/08/08","16:12","61.3","-"
"2023/08/08","16:18","61.2","-"
"2023/08/08","16:24","61.2","-"
"2023/08/08","16:30","61.3","-"
"2023/08/08","16:36","61.3","-"
"2023/08/08","16:42","61.2","-"
"2023/08/08","16:48","61.3","-"
"2023/08/08","16:54","61.5","-"
"2023/08/08","17:00","61.3","-"
"2023/08/08","17:06","61.5","-"
"2023/08/08","17:12","61","-"
"2023/08/08","17:18","60.8","-"
"2023/08/08","17:24","60.8","-"
"2023/08/08","17:30","60.8","-"
"2023/08/08","17:36","60.8","-"
"2023/08/08","17:42","60.6","-"
"2023/08/08","17:48","60.6","-"
"2023/08/08","17:54","60.6","-"
"2023/08/08","18:00","60.6","-"
"2023/08/08","18:06","60.6","-"
"2023/08/08","18:12","60.6","-"
"2023/08/08","18:18","60.6","-"
"2023/08/08","18:24","60.4","-"
"2023/08/08","18:30","60.4","-"
"2023/08/08","18:36","60.1","-"
"2023/08/08","18:42","59.9","-"
"2023/08/08","18:48","59.7","-"
"2023/08/08","18:54","59.5","-"
"2023/08/08","19:00","59.5","-"
"2023/08/08","19:06","59.7","-"
"2023/08/08","19:12","59.7","-"
"2023/08/08","19:18","59.7","-"
"2023/08/08","19:24","59.7","-"
"2023/08/08","19:30","59.7","-"
"2023/08/08","19:36","59.5","-"
"2023/08/08","19:42","59.7","-"
"2023/08/08","19:48","59.5","-"
"2023/08/08","19:54","59.7","-"
"2023/08/08","20:00","59.7","-"
"2023/08/08","20:06","59.7","-"
"2023/08/08","20:12","59.7","-"
"2023/08/08","20:18","59.5","-"
"2023/08/08","20:24","59.5","-"
"2023/08/08","20:30","59.5","-"
"2023/08/08","20:36","59.5","-"
"2023/08/08","20:42","59.5","-"
"2023/08/08","20:48","59.4","-"
"2023/08/08","20:54","59.4","-"
"2023/08/08","21:00","59.4","-"
"2023/08/08","21:06","59.4","-"
"2023/08/08","21:12","59.4","-"
"2023/08/08","21:18","59.4","-"
"2023/08/08","21:24","59.4","-"
"2023/08/08","21:30","59.4","-"
"2023/08/08","21:36","59.4","-"
"2023/08/08","21:42","59.4","-"
"2023/08/08","21:48","59.2","-"
"2023/08/08","21:54","59.2","-"
"2023/08/08","22:00","59.2","-"
"2023/08/08","22:06","59.2","-"
"2023/08/08","22:12","59.2","-"
"2023/08/08","22:18","59.2","-"
"2023/08/08","22:24","59.2","-"
"2023/08/08","22:30","59.2","-"
"2023/08/08","22:36","59.2","-"
"2023/08/08","22:42","59.2","-"
"2023/08/08","22:48","59.2","-"
"2023/08/08","22:54","59.2","-"
"2023/08/08","23:00","59.2","-"
"2023/08/08","23:06","59.2","-"
"2023/08/08","23:12","59.2","-"
"2023/08/08","23:18","59.2","-"
"2023/08/08","23:24","59.4","-"
"2023/08/08","23:30","59.4","-"
"2023/08/08","23:36","59.4","-"
"2023/08/08","23:42","59.4","-"
"2023/08/08","23:48","59.4","-"
"2023/08/08","23:54","59.4","-"
"2023/08/09","00:00","59.5","-"
"2023/08/09","00:06","59.5","-"
"2023/08/09","00:12","59.5","-"
"2023/08/09","00:18","59.5","-"
"2023/08/09","00:24","59.7","-"
"2023/08/09","00:30","59.7","-"
"2023/08/09","00:36","59.7","-"
"2023/08/09","00:42","59.7","-"
"2023/08/09","00:48","59.9","-"
"2023/08/09","00:54","59.9","-"
"2023/08/09","01:00","60.1","-"
"2023/08/09","01:06","60.1","-"
"2023/08/09","01:12","60.1","-"
"2023/08/09","01:18","60.1","-"
"2023/08/09","01:24","60.4","-"
"2023/08/09","01:30","60.3","-"
"2023/08/09","01:36","60.6","-"
"2023/08/09","01:42","61","-"
"2023/08/09","01:48","61","-"
"2023/08/09","01:54","61.3","-"
"2023/08/09","02:00","61.5","-"
"2023/08/09","02:06","61.7","-"
"2023/08/09","02:12","61.7","-"
"2023/08/09","02:18","61.7","-"
"2023/08/09","02:24","61.7","-"
"2023/08/09","02:30","61.7","-"
"2023/08/09","02:36","61.7","-"
"2023/08/09","02:42","61.9","-"
"2023/08/09","02:48","61.9","-"
"2023/08/09","02:54","62.2","-"
"2023/08/09","03:00","62.8","-"
"2023/08/09","03:06","63","-"
"2023/08/09","03:12","63.1","-"
"2023/08/09","03:18","63.1","-"
"2023/08/09","03:24","63.3","-"
"2023/08/09","03:30","63.3","-"
"2023/08/09","03:36","63.3","-"
"2023/08/09","03:42","63.5","-"
"2023/08/09","03:48","63.7","-"
"2023/08/09","03:54","63.7","-"
"2023/08/09","04:00","63.9","-"
"2023/08/09","04:06","63.9","-"
"2023/08/09","04:12","64","-"
"2023/08/09","04:18","64","-"
"2023/08/09","04:24","64","-"
"2023/08/09","04:30","64","-"
"2023/08/09","04:36","64","-"
"2023/08/09","04:42","64","-"
"2023/08/09","04:48","64","-"
"2023/08/09","04:54","63.9","-"
"2023/08/09","05:00","63.9","-"
"2023/08/09","05:06","63.9","-"
"2023/08/09","05:12","63.9","-"
"2023/08/09","05:18","63.7","-"
"2023/08/09","05:24","63.7","-"
"2023/08/09","05:30","63.5","-"
"2023/08/09","05:36","63.3","-"
"2023/08/09","05:42","63.1","-"
"2023/08/09","05:48","63","-"
"2023/08/09","05:54","62.8","-"
"2023/08/09","06:00","62.4","-"
"2023/08/09","06:06","62.2","-"
"2023/08/09","06:12","62.2","-"
"2023/08/09","06:18","61.9","-"
"2023/08/09","06:24","61.7","-"
"2023/08/09","06:30","61.5","-"
"2023/08/09","06:36","61.5","-"
"2023/08/09","06:42","61.5","-"
"2023/08/09","06:48","61.3","-"
"2023/08/09","06:54","60.8","-"
"2023/08/09","07:00","60.3","-"
"2023/08/09","07:06","60.1","-"
"2023/08/09","07:12","60.1","-"
"2023/08/09","07:18","60.1","-"
"2023/08/09","07:24","60.1","-"
"2023/08/09","07:30","60.1","-"
"2023/08/09","07:36","59.9","-"
"2023/08/09","07:42","59.9","-"
"2023/08/09","07:48","59.9","-"
"2023/08/09","07:54","59.9","-"
"2023/08/09","08:00","60.1","-"
"2023/08/09","08:06","59.9","-"
"2023/08/09","08:12","59.9","-"
"2023/08/09","08:18","59.7","-"
"2023/08/09","08:24","59.9","-"
"2023/08/09","08:30","59.9","-"
"2023/08/09","08:36","59.9","-"
"2023/08/09","08:42","59.9","-"
"2023/08/09","08:48","59.9","-"
"2023/08/09","08:54","59.9","-"
"2023/08/09","09:00","59.9","-"
"2023/08/09","09:06","59.9","-"
"2023/08/09","09:12","60.1","-"
"2023/08/09","09:18","60.1","-"
"2023/08/09","09:24","60.1","-"
"2023/08/09","09:30","59.9","-"
"2023/08/09","09:36","59.9","-"
"2023/08/09","09:42","59.9","-"
"2023/08/09","09:48","59.9","-"
"2023/08/09","09:54","59.9","-"
"2023/08/09","10:00","59.9","-"
"2023/08/09","10:06","59.9","-"
"2023/08/09","10:12","59.9","-"
"2023/08/09","10:18","59.9","-"
"2023/08/09","10:24","59.9","-"
"2023/08/09","10:30","59.9","-"
"2023/08/09","10:36","59.9","-"
"2023/08/09","10:42","59.9","-"
"2023/08/09","10:48","59.9","-"
"2023/08/09","10:54","59.9","-"
"2023/08/09","11:00","59.9","-"
"2023/08/09","11:06","59.9","-"
"2023/08/09","11:12","59.9","-"
"2023/08/09","11:18","59.9","-"
"2023/08/09","11:24","59.9","-"
"2023/08/09","11:30","60.1","-"
"2023/08/09","11:36","60.1","-"
"2023/08/09","11:42","60.1","-"
"2023/08/09","11:48","60.1","-"
"2023/08/09","11:54","60.1","-"
"2023/08/09","12:00","60.1","-"
"2023/08/09","12:06","59.9","-"
"2023/08/09","12:12","59.9","-"
"2023/08/09","12:18","60.1","-"
"2023/08/09","12:24","60.1","-"
"2023/08/09","12:30","60.1","-"
"2023/08/09","12:36","60.1","-"
"2023/08/09","12:42","60.1","-"
"2023/08/09","12:48","60.1","-"
"2023/08/09","12:54","60.1","-"
"2023/08/09","13:00","60.1","-"
"2023/08/09","13:06","60.1","-"
"2023/08/09","13:12","60.1","-"
"2023/08/09","13:18","60.1","-"
"2023/08/09","13:24","60.1","-"
"2023/08/09","13:30","60.1","-"
"2023/08/09","13:36","60.1","-"
"2023/08/09","13:42","60.3","-"
"2023/08/09","13:48","60.6","-"
"2023/08/09","13:54","60.6","-"
"2023/08/09","14:00","60.6","-"
"2023/08/09","14:06","61.3","-"
"2023/08/09","14:12","61.7","-"
"2023/08/09","14:18","61.9","-"
"2023/08/09","14:24","61.9","-"
"2023/08/09","14:30","62.4","-"
"2023/08/09","14:36","63","-"
"2023/08/09","14:42","63.5","-"
"2023/08/09","14:48","63.9","-"
"2023/08/09","14:54","63","-"
"2023/08/09","15:00","63.7","-"
"2023/08/09","15:06","64","-"
"2023/08/09","15:12","64","-"
"2023/08/09","15:18","64.4","-"
"2023/08/09","15:24","64.4","-"
"2023/08/09","15:30","64.2","-"
"2023/08/09","15:36","64.4","-"
"2023/08/09","15:42","64.6","-"
"2023/08/09","15:48","64.2","-"
"2023/08/09","15:54","64.2","-"
"2023/08/09","16:00","64.4","-"
"2023/08/09","16:06","64.4","-"
"2023/08/09","16:12","64.6","-"
"2023/08/09","16:18","64.8","-"