sst,ID,bathy,lon,lon
10.099,859958,-14.26929848,-70.19000244,43.56999969
10.132,858859,-10.38203686,-70.19999695,43.58000183
10.154,859959,-12.04300802,-70.19000244,43.58000183
10.169,861059,-15.55591349,-70.18000031,43.58000183
10.176,862159,-21.36774197,-70.16999817,43.58000183
10.176,863259,-27.1949599,-70.16000366,43.58000183
10.167,858860,-9.736542279,-70.19999695,43.59000015
10.193,859960,-17.59150682,-70.19000244,43.59000015
10.206,861060,-18.8403733,-70.18000031,43.59000015
10.204,862160,-19.66727332,-70.16999817,43.59000015
10.193,863260,-24.37592263,-70.16000366,43.59000015
10.181,864360,-29.08680497,-70.15000153,43.59000015
10.169,865460,-25.94427485,-70.13999939,43.59000015
10.149,857761,-13.3083732,-70.20999908,43.59999847
10.177,858861,-17.37621763,-70.19999695,43.59999847
10.2,859961,-15.67513971,-70.19000244,43.59999847
10.209,861061,-20.13055173,-70.18000031,43.59999847
10.203,862161,-22.95526201,-70.16999817,43.59999847
10.189,863261,-25.05814907,-70.16000366,43.59999847
10.174,864361,-32.97472585,-70.15000153,43.59999847
10.16,865461,-34.82144341,-70.13999939,43.59999847
10.15,866561,-24.52400563,-70.12999725,43.59999847
10.142,867661,-24.7658952,-70.12000275,43.59999847
10.136,868761,-32.51152955,-70.11000061,43.59999847
10.145,857762,-13.89181947,-70.20999908,43.61000061
10.167,858862,-19.64029285,-70.19999695,43.61000061
10.182,859962,-20.56726513,-70.19000244,43.61000061
10.188,861062,-17.85108689,-70.18000031,43.61000061
10.183,862162,-22.51801699,-70.16999817,43.61000061
10.173,863262,-30.34069818,-70.16000366,43.61000061
10.161,864362,-36.2344555,-70.15000153,43.61000061
10.15,865462,-40.3480368,-70.13999939,43.61000061
10.142,866562,-35.56074637,-70.12999725,43.61000061
10.137,867662,-30.04223387,-70.12000275,43.61000061
10.132,868762,-34.28508038,-70.11000061,43.61000061
10.128,869862,-26.01985824,-70.09999847,43.61000061
10.124,870962,-40.34511774,-70.08999634,43.61000061
10.117,872062,-35.83450198,-70.08000183,43.61000061
10.151,858863,-17.01877282,-70.19999695,43.61999893
10.161,859963,-18.89820273,-70.19000244,43.61999893
10.166,861063,-21.73337492,-70.18000031,43.61999893
10.166,862163,-21.3696863,-70.16999817,43.61999893
10.163,863263,-26.70668572,-70.16000366,43.61999893
10.157,864363,-33.05960468,-70.15000153,43.61999893
10.151,865463,-30.99121767,-70.13999939,43.61999893
10.147,866563,-34.93661778,-70.12999725,43.61999893
10.145,867663,-35.29881238,-70.12000275,43.61999893
10.145,868763,-37.19746255,-70.11000061,43.61999893
10.143,869863,-27.67507507,-70.09999847,43.61999893
10.139,870963,-22.07654926,-70.08999634,43.61999893
10.131,872063,-40.4301449,-70.08000183,43.61999893
10.121,873163,-39.71121839,-70.06999969,43.61999893
10.111,874263,-46.72988906,-70.05999756,43.61999893
10.125,857764,-16.49641339,-70.20999908,43.63000107
10.138,858864,-18.53977717,-70.19999695,43.63000107
10.148,859964,-14.34134944,-70.19000244,43.63000107
10.156,861064,-17.46402698,-70.18000031,43.63000107
10.162,862164,-23.59335429,-70.16999817,43.63000107
10.166,863264,-27.69422602,-70.16000366,43.63000107
10.167,864364,-31.24126956,-70.15000153,43.63000107
10.166,865464,-33.42365309,-70.13999939,43.63000107
10.166,866564,-39.5959233,-70.12999725,43.63000107
10.168,867664,-29.07586821,-70.12000275,43.63000107
10.171,868764,-37.53885184,-70.11000061,43.63000107
10.173,869864,-30.47346043,-70.09999847,43.63000107
10.168,870964,-24.65436193,-70.08999634,43.63000107
10.158,872064,-27.71308075,-70.08000183,43.63000107
10.148,873164,-42.50849897,-70.06999969,43.63000107
10.139,874264,-54.41282815,-70.05999756,43.63000107
10.136,875364,-50.17174591,-70.05000305,43.63000107
10.139,876464,-32.78088603,-70.04000092,43.63000107
10.146,877564,-44.10072527,-70.02999878,43.63000107
10.063,853365,-1.298012684,-70.25,43.63999939
10.105,856665,-13.3310605,-70.22000122,43.63999939
10.154,861065,-15.90217166,-70.18000031,43.63999939
10.165,862165,-25.76635342,-70.16999817,43.63999939
10.175,863265,-30.7915699,-70.16000366,43.63999939
10.183,864365,-32.60976157,-70.15000153,43.63999939
10.189,865465,-39.68058296,-70.13999939,43.63999939
10.192,866565,-28.48579475,-70.12999725,43.63999939
10.196,867665,-27.0753698,-70.12000275,43.63999939
10.201,868765,-28.54323344,-70.11000061,43.63999939
10.204,869865,-31.48324429,-70.09999847,43.63999939
10.201,870965,-29.0070417,-70.08999634,43.63999939
10.194,872065,-25.18344153,-70.08000183,43.63999939
10.187,873165,-40.47627823,-70.06999969,43.63999939
10.182,874265,-57.38551974,-70.05999756,43.63999939
10.181,875365,-52.05614577,-70.05000305,43.63999939
10.186,876465,-36.68592919,-70.04000092,43.63999939
10.195,877565,-37.07814893,-70.02999878,43.63999939
10.208,878665,-38.2118771,-70.01999664,43.63999939
10.22,879765,-47.81551077,-70.01000214,43.63999939
10.23,880865,-49.0505159,-70,43.63999939
10.061,853366,-7.817936825,-70.25,43.65000153
10.101,856666,-14.5302826,-70.22000122,43.65000153
10.114,857766,-9.131320982,-70.20999908,43.65000153
10.128,858866,-8.652323165,-70.19999695,43.65000153
10.141,859966,-10.03634169,-70.19000244,43.65000153
10.155,861066,-18.62009989,-70.18000031,43.65000153
10.17,862166,-24.06915061,-70.16999817,43.65000153
10.186,863266,-30.67128669,-70.16000366,43.65000153
10.2,864366,-29.77323082,-70.15000153,43.65000153
10.211,865466,-37.27041756,-70.13999939,43.65000153
10.218,866566,-24.94622504,-70.12999725,43.65000153
10.223,867666,-14.81119402,-70.12000275,43.65000153
10.226,868766,-23.90572425,-70.11000061,43.65000153
10.229,869866,-28.45902564,-70.09999847,43.65000153
10.231,870966,-33.55857361,-70.08999634,43.65000153
10.232,872066,-25.84564104,-70.08000183,43.65000153
10.234,873166,-34.31328337,-70.06999969,43.65000153
10.236,874266,-52.57602622,-70.05999756,43.65000153
10.238,875366,-51.62280806,-70.05000305,43.65000153
10.243,876466,-22.78682008,-70.04000092,43.65000153
10.252,877566,-40.1305201,-70.02999878,43.65000153
10.267,878666,-28.87164458,-70.01999664,43.65000153
10.285,879766,-44.56102217,-70.01000214,43.65000153
10.304,880866,-53.38467431,-70,43.65000153
10.316,881966,-54.7035611,-69.98999786,43.65000153
10.32,883066,-58.26369138,-69.98000336,43.65000153
10.072,854467,-10.80971757,-70.23999786,43.65999985
10.086,855567,-13.39860796,-70.23000336,43.65999985
10.099,856667,-13.07808599,-70.22000122,43.65999985
10.113,857767,-10.80615044,-70.20999908,43.65999985
10.176,862167,-18.74617518,-70.16999817,43.65999985
10.195,863267,-30.82596846,-70.16000366,43.65999985
10.214,864367,-24.30490343,-70.15000153,43.65999985
10.229,865467,-28.12987533,-70.13999939,43.65999985
10.239,866567,-30.88742411,-70.12999725,43.65999985
10.245,867667,-26.17179934,-70.12000275,43.65999985
10.247,868767,-10.62757065,-70.11000061,43.65999985
10.251,869867,-23.65627358,-70.09999847,43.65999985
10.258,870967,-30.71694659,-70.08999634,43.65999985
10.268,872067,-37.02364128,-70.08000183,43.65999985
10.279,873167,-38.07893957,-70.06999969,43.65999985
10.289,874267,-42.54327876,-70.05999756,43.65999985
10.296,875367,-53.47188253,-70.05000305,43.65999985
10.302,876467,-25.93352698,-70.04000092,43.65999985
10.312,877567,-41.98960262,-70.02999878,43.65999985
10.328,878667,-40.44856386,-70.01999664,43.65999985
10.351,879767,-41.43123691,-70.01000214,43.65999985
10.375,880867,-42.59260239,-70,43.65999985
10.393,881967,-50.98021682,-69.98999786,43.65999985
10.399,883067,-50.90919769,-69.98000336,43.65999985
10.394,884167,-53.70936549,-69.97000122,43.65999985
10.38,885267,-51.30150485,-69.95999908,43.65999985
10.366,886367,-48.39299858,-69.94999695,43.65999985
10.033,851168,-0.865574904,-70.26999664,43.66999817
10.069,854468,-4.155429531,-70.23999786,43.66999817
10.083,855568,-9.492562333,-70.23000336,43.66999817
10.097,856668,-6.526795763,-70.22000122,43.66999817
10.126,858868,-4.003262655,-70.19999695,43.66999817
10.16,861068,-20.06236008,-70.18000031,43.66999817
10.18,862168,-24.44674658,-70.16999817,43.66999817
10.201,863268,-22.75249663,-70.16000366,43.66999817
10.222,864368,-25.45917372,-70.15000153,43.66999817
10.24,865468,-26.72736797,-70.13999939,43.66999817
10.253,866568,-28.34336633,-70.12999725,43.66999817
10.26,867668,-27.36800776,-70.12000275,43.66999817
10.265,868768,-18.94265026,-70.11000061,43.66999817
10.272,869868,-12.16168013,-70.09999847,43.66999817
10.283,870968,-21.0807951,-70.08999634,43.66999817
10.298,872068,-31.37459179,-70.08000183,43.66999817
10.314,873168,-35.31228289,-70.06999969,43.66999817
10.329,874268,-34.92461489,-70.05999756,43.66999817
10.343,875368,-45.1524842,-70.05000305,43.66999817
10.356,876468,-36.38017604,-70.04000092,43.66999817
10.37,877568,-37.31588178,-70.02999878,43.66999817
10.387,878668,-32.90214621,-70.01999664,43.66999817
10.409,879768,-35.94003531,-70.01000214,43.66999817
10.434,880868,-43.0223468,-70,43.66999817
10.453,881968,-45.03204213,-69.98999786,43.66999817
10.461,883068,-47.0565358,-69.98000336,43.66999817
10.458,884168,-45.95924013,-69.97000122,43.66999817
10.445,885268,-42.66181427,-69.95999908,43.66999817
10.427,886368,-39.6951936,-69.94999695,43.66999817
10.408,887468,-36.65697563,-69.94000244,43.66999817
10.39,888568,-31.08886698,-69.93000031,43.66999817
10.374,889668,-34.21242982,-69.91999817,43.66999817
10.053,853369,-2.656842002,-70.25,43.68000031
10.066,854469,-4.024307262,-70.23999786,43.68000031
10.079,855569,-3.646522932,-70.23000336,43.68000031
10.093,856669,-5.810075401,-70.22000122,43.68000031
10.108,857769,-5.788427216,-70.20999908,43.68000031
10.16,861069,-28.72968817,-70.18000031,43.68000031
10.223,864369,-12.92663978,-70.15000153,43.68000031
10.242,865469,-25.36238572,-70.13999939,43.68000031
10.257,866569,-30.34042143,-70.12999725,43.68000031
10.267,867669,-16.71174894,-70.12000275,43.68000031
10.276,868769,-17.52063818,-70.11000061,43.68000031
10.301,870969,-15.59999789,-70.08999634,43.68000031
10.318,872069,-27.37571631,-70.08000183,43.68000031
10.337,873169,-29.89799084,-70.06999969,43.68000031
10.356,874269,-30.77038764,-70.05999756,43.68000031
10.376,875369,-48.22737083,-70.05000305,43.68000031
10.396,876469,-43.78621356,-70.04000092,43.68000031
10.415,877569,-30.62531576,-70.02999878,43.68000031
10.433,878669,-22.70618181,-70.01999664,43.68000031
10.453,879769,-29.37506575,-70.01000214,43.68000031
10.472,880869,-29.81068897,-70,43.68000031
10.488,881969,-39.34342182,-69.98999786,43.68000031
10.497,883069,-49.99641324,-69.98000336,43.68000031
10.497,884169,-41.93047095,-69.97000122,43.68000031
10.488,885269,-33.69160049,-69.95999908,43.68000031
10.469,886369,-42.76563859,-69.94999695,43.68000031
10.444,887469,-34.93441954,-69.94000244,43.68000031
10.416,888569,-30.87475976,-69.93000031,43.68000031
10.393,889669,-34.67584449,-69.91999817,43.68000031
10.372,890769,-39.74140633,-69.91000366,43.68000031
10.354,891869,-37.99463646,-69.90000153,43.68000031
10.06,854470,-2.08274789,-70.23999786,43.68999863
10.088,856670,-5.927253661,-70.22000122,43.68999863
10.103,857770,-8.074596292,-70.20999908,43.68999863
10.12,858870,-7.283164073,-70.19999695,43.68999863
10.137,859970,-9.146152715,-70.19000244,43.68999863
10.156,861070,-24.70078197,-70.18000031,43.68999863
10.234,865470,-15.18275001,-70.13999939,43.68999863
10.25,866570,-27.09734374,-70.12999725,43.68999863
10.264,867670,-24.10769029,-70.12000275,43.68999863
10.291,869870,-10.36911148,-70.09999847,43.68999863
10.327,872070,-16.9892908,-70.08000183,43.68999863
10.347,873170,-18.27530469,-70.06999969,43.68999863
10.369,874270,-40.3337122,-70.05999756,43.68999863
10.393,875370,-45.07713051,-70.05000305,43.68999863
10.417,876470,-33.93894804,-70.04000092,43.68999863
10.438,877570,-28.77976128,-70.02999878,43.68999863
10.456,878670,-18.34799638,-70.01999664,43.68999863
10.472,879770,-16.14484236,-70.01000214,43.68999863
10.485,880870,-20.05258801,-70,43.68999863
10.495,881970,-34.57577109,-69.98999786,43.68999863
10.501,883070,-44.98744183,-69.98000336,43.68999863
10.5,884170,-45.78647731,-69.97000122,43.68999863
10.492,885270,-42.53942916,-69.95999908,43.68999863
10.474,886370,-38.29396048,-69.94999695,43.68999863
10.449,887470,-42.78592912,-69.94000244,43.68999863
10.422,888570,-38.38386065,-69.93000031,43.68999863
10.396,889670,-30.48376154,-69.91999817,43.68999863
10.372,890770,-37.68732569,-69.91000366,43.68999863
10.351,891870,-31.04713522,-69.90000153,43.68999863
10.332,892970,-27.58125907,-69.88999939,43.68999863
10.316,894070,-25.7011353,-69.87999725,43.68999863
10.301,895170,-24.67509683,-69.87000275,43.68999863
10.042,853371,-1.491295621,-70.25,43.70000076
10.067,855571,-1.671927138,-70.23000336,43.70000076
10.096,857771,-7.975231305,-70.20999908,43.70000076
10.112,858871,-10.55667449,-70.19999695,43.70000076
10.129,859971,-15.33197787,-70.19000244,43.70000076
10.147,861071,-20.89292898,-70.18000031,43.70000076
10.165,862171,-22.64792436,-70.16999817,43.70000076
10.184,863271,-14.39799332,-70.16000366,43.70000076
10.237,866571,-18.94679277,-70.12999725,43.70000076
10.253,867671,-20.20973415,-70.12000275,43.70000076
10.27,868771,-23.81663722,-70.11000061,43.70000076
10.326,872071,-18.23455365,-70.08000183,43.70000076
10.347,873171,-6.822671882,-70.06999969,43.70000076
10.37,874271,-33.25188524,-70.05999756,43.70000076
10.394,875371,-30.75828737,-70.05000305,43.70000076
10.418,876471,-22.08812184,-70.04000092,43.70000076
10.439,877571,-30.53788195,-70.02999878,43.70000076
10.455,878671,-22.26891012,-70.01999664,43.70000076
10.467,879771,-16.81246593,-70.01000214,43.70000076
10.475,880871,-17.57800252,-70,43.70000076
10.479,881971,-25.32551698,-69.98999786,43.70000076
10.48,883071,-36.9122642,-69.98000336,43.70000076
10.477,884171,-40.56179936,-69.97000122,43.70000076
10.467,885271,-39.56397602,-69.95999908,43.70000076
10.452,886371,-38.96882526,-69.94999695,43.70000076
10.431,887471,-37.92469535,-69.94000244,43.70000076
10.408,888571,-36.51690592,-69.93000031,43.70000076
10.385,889671,-34.52174026,-69.91999817,43.70000076
10.362,890771,-29.18774044,-69.91000366,43.70000076
10.34,891871,-23.29934063,-69.90000153,43.70000076
10.321,892971,-22.29232617,-69.88999939,43.70000076
10.303,894071,-21.32950773,-69.87999725,43.70000076
10.288,895171,-19.81984534,-69.87000275,43.70000076
10.274,896271,-17.23318741,-69.86000061,43.70000076
10.262,897371,-12.5082959,-69.84999847,43.70000076
10.251,898471,-10.77325342,-69.83999634,43.70000076
10.035,853372,-1.093961905,-70.25,43.70999908
10.087,857772,-8.034335176,-70.20999908,43.70999908
10.103,858872,-11.16857062,-70.19999695,43.70999908
10.119,859972,-11.66213693,-70.19000244,43.70999908
10.135,861072,-16.16830457,-70.18000031,43.70999908
10.152,862172,-18.91820877,-70.16999817,43.70999908
10.169,863272,-16.01185815,-70.16000366,43.70999908
10.204,865472,-10.833996,-70.13999939,43.70999908
10.239,867672,-13.64051972,-70.12000275,43.70999908
10.258,868772,-15.1915201,-70.11000061,43.70999908
10.276,869872,-23.11766976,-70.09999847,43.70999908
10.296,870972,-11.42023776,-70.08999634,43.70999908
10.338,873172,-27.4247498,-70.06999969,43.70999908
10.359,874272,-29.77890611,-70.05999756,43.70999908
10.381,875372,-13.54555483,-70.05000305,43.70999908
10.402,876472,-17.32556295,-70.04000092,43.70999908
10.421,877572,-17.86647955,-70.02999878,43.70999908
10.435,878672,-33.12497516,-70.01999664,43.70999908
10.444,879772,-18.63848106,-70.01000214,43.70999908
10.449,880872,-13.60905434,-70,43.70999908
10.45,881972,-19.52742181,-69.98999786,43.70999908
10.449,883072,-29.04697257,-69.98000336,43.70999908
10.443,884172,-37.32158744,-69.97000122,43.70999908
10.433,885272,-36.26505994,-69.95999908,43.70999908
10.419,886372,-33.49752666,-69.94999695,43.70999908
10.403,887472,-29.6926913,-69.94000244,43.70999908
10.384,888572,-31.91840935,-69.93000031,43.70999908
10.364,889672,-26.11032414,-69.91999817,43.70999908
10.343,890772,-22.83633772,-69.91000366,43.70999908
10.323,891872,-21.12501018,-69.90000153,43.70999908
10.304,892972,-16.85295794,-69.88999939,43.70999908
10.287,894072,-17.52948183,-69.87999725,43.70999908
10.271,895172,-16.11527917,-69.87000275,43.70999908
10.257,896272,-12.16161831,-69.86000061,43.70999908
10.064,856673,-1.638132354,-70.22000122,43.72000122
10.077,857773,-7.352340222,-70.20999908,43.72000122
10.092,858873,-10.53695749,-70.19999695,43.72000122
10.107,859973,-8.281199575,-70.19000244,43.72000122
10.122,861073,-15.18894112,-70.18000031,43.72000122
10.138,862173,-14.79597322,-70.16999817,43.72000122
10.154,863273,-15.59649066,-70.16000366,43.72000122
10.171,864373,-9.026652082,-70.15000153,43.72000122
10.188,865473,-4.026983268,-70.13999939,43.72000122
10.243,868773,-9.637563782,-70.11000061,43.72000122
10.262,869873,-19.26795214,-70.09999847,43.72000122
10.281,870973,-17.25819226,-70.08999634,43.72000122
10.301,872073,-9.582875236,-70.08000183,43.72000122
10.32,873173,-17.80046634,-70.06999969,43.72000122
10.34,874273,-39.01105567,-70.05999756,43.72000122
10.358,875373,-24.88466594,-70.05000305,43.72000122
10.375,876473,-7.647238594,-70.04000092,43.72000122
10.402,878673,-24.49622422,-70.01999664,43.72000122
10.41,879773,-22.08883705,-70.01000214,43.72000122
10.415,881973,-20.03289697,-69.98999786,43.72000122
10.412,883073,-24.11179832,-69.98000336,43.72000122
10.406,884173,-26.81247139,-69.97000122,43.72000122
10.397,885273,-24.19304617,-69.95999908,43.72000122
10.385,886373,-28.74629514,-69.94999695,43.72000122
10.371,887473,-20.00287549,-69.94000244,43.72000122
10.355,888573,-17.42716328,-69.93000031,43.72000122
10.337,889673,-23.23303663,-69.91999817,43.72000122
10.319,890773,-22.7141342,-69.91000366,43.72000122
10.283,892973,-16.1491941,-69.88999939,43.72000122
10.266,894073,-17.31435442,-69.87999725,43.72000122
10.251,895173,-14.90212699,-69.87000275,43.72000122
10.237,896273,-9.133845727,-69.86000061,43.72000122
10.08,858874,-8.419802799,-70.19999695,43.72999954
10.094,859974,-9.882724283,-70.19000244,43.72999954
10.109,861074,-13.29168461,-70.18000031,43.72999954
10.124,862174,-13.69692646,-70.16999817,43.72999954
10.139,863274,-11.50659133,-70.16000366,43.72999954
10.155,864374,-13.09762297,-70.15000153,43.72999954
10.172,865474,-6.737602508,-70.13999939,43.72999954
10.225,868774,-5.15167339,-70.11000061,43.72999954
10.243,869874,-16.17325004,-70.09999847,43.72999954
10.28,872074,-18.41680041,-70.08000183,43.72999954
10.297,873174,-27.80454002,-70.06999969,43.72999954
10.314,874274,-32.83409261,-70.05999756,43.72999954
10.33,875374,-16.73813705,-70.05000305,43.72999954
10.344,876474,-7.440801185,-70.04000092,43.72999954
10.356,877574,-8.61595811,-70.02999878,43.72999954
10.365,878674,-11.87254566,-70.01999664,43.72999954
10.372,879774,-23.1167554,-70.01000214,43.72999954
10.376,881974,-11.75741206,-69.98999786,43.72999954
10.373,883074,-17.11536973,-69.98000336,43.72999954
10.367,884174,-15.68947834,-69.97000122,43.72999954
10.359,885274,-18.58076987,-69.95999908,43.72999954
10.349,886374,-25.9267671,-69.94999695,43.72999954
10.322,888574,-17.11361604,-69.93000031,43.72999954
10.306,889674,-18.37212501,-69.91999817,43.72999954
10.29,890774,-25.64912962,-69.91000366,43.72999954
10.273,891874,-21.54250878,-69.90000153,43.72999954
10.257,892974,-18.49428509,-69.88999939,43.72999954
10.241,894074,-19.37040089,-69.87999725,43.72999954
10.211,896274,-8.989386695,-69.86000061,43.72999954
10.081,859975,-7.379878754,-70.19000244,43.74000168
10.109,862175,-12.90182617,-70.16999817,43.74000168
10.124,863275,-10.05976321,-70.16000366,43.74000168
10.139,864375,-9.623837213,-70.15000153,43.74000168
10.155,865475,-9.206510804,-70.13999939,43.74000168
10.223,869875,-12.47096203,-70.09999847,43.74000168
10.239,870975,-11.32142899,-70.08999634,43.74000168
10.271,873175,-28.92031601,-70.06999969,43.74000168
10.286,874275,-22.59090532,-70.05999756,43.74000168
10.299,875375,-13.20261535,-70.05000305,43.74000168
10.311,876475,-6.488835464,-70.04000092,43.74000168
10.321,877575,-9.16380007,-70.02999878,43.74000168
10.333,879775,-8.972505161,-70.01000214,43.74000168
10.336,880875,-20.01441922,-70,43.74000168
10.333,883075,-12.46910391,-69.98000336,43.74000168
10.328,884175,-9.853180228,-69.97000122,43.74000168
10.32,885275,-19.67193129,-69.95999908,43.74000168
10.311,886375,-16.90655962,-69.94999695,43.74000168
10.3,887475,-14.10049545,-69.94000244,43.74000168
10.287,888575,-14.48865444,-69.93000031,43.74000168
10.273,889675,-13.84048901,-69.91999817,43.74000168
10.258,890775,-24.48749616,-69.91000366,43.74000168
10.243,891875,-25.46085273,-69.90000153,43.74000168
10.227,892975,-22.53693783,-69.88999939,43.74000168
10.212,894075,-20.8290926,-69.87999725,43.74000168
10.197,895175,-13.32311668,-69.87000275,43.74000168
10.182,896275,-8.300154291,-69.86000061,43.74000168
10.068,859976,-5.623699121,-70.19000244,43.75
10.081,861076,-7.003413243,-70.18000031,43.75
10.095,862176,-11.1074708,-70.16999817,43.75
10.109,863276,-9.910004962,-70.16000366,43.75
10.138,865476,-6.699495192,-70.13999939,43.75
10.153,866576,-7.479994823,-70.12999725,43.75
10.215,870976,-14.75272787,-70.08999634,43.75
10.229,872076,-20.66819644,-70.08000183,43.75
10.243,873176,-24.84358326,-70.06999969,43.75
10.267,875376,-23.3173781,-70.05000305,43.75
10.296,880876,-20.60571785,-70,43.75
10.293,883076,-10.91277364,-69.98000336,43.75
10.288,884176,-11.79481192,-69.97000122,43.75
10.282,885276,-16.36190118,-69.95999908,43.75
10.273,886376,-9.519648872,-69.94999695,43.75
10.263,887476,-16.35841589,-69.94000244,43.75
10.252,888576,-12.26144025,-69.93000031,43.75
10.239,889676,-19.87639109,-69.91999817,43.75
10.225,890776,-20.6485414,-69.91000366,43.75
10.211,891876,-24.9068998,-69.90000153,43.75
10.18,894076,-16.31184386,-69.87999725,43.75
10.165,895176,-13.69315396,-69.87000275,43.75
10.134,897376,-3.560344912,-69.84999847,43.75
10.055,859977,-3.90948054,-70.19000244,43.75999832
10.067,861077,-4.300176082,-70.18000031,43.75999832
10.08,862177,-6.677580903,-70.16999817,43.75999832
10.093,863277,-6.849359125,-70.16000366,43.75999832
10.148,867677,-7.695502882,-70.12000275,43.75999832
10.162,868777,-7.15574286,-70.11000061,43.75999832
10.189,870977,-15.84126881,-70.08999634,43.75999832
10.201,872077,-20.53124763,-70.08000183,43.75999832
10.213,873177,-19.32902889,-70.06999969,43.75999832
10.224,874277,-10.21202487,-70.05999756,43.75999832
10.241,876477,-23.86701106,-70.04000092,43.75999832
10.257,880877,-7.515531998,-70,43.75999832
10.257,881977,-17.57384589,-69.98999786,43.75999832
10.244,885277,-13.17797867,-69.95999908,43.75999832
10.236,886377,-11.31626391,-69.94999695,43.75999832
10.227,887477,-14.86772213,-69.94000244,43.75999832
10.216,888577,-11.0159245,-69.93000031,43.75999832
10.204,889677,-15.59081549,-69.91999817,43.75999832
10.191,890777,-17.32470979,-69.91000366,43.75999832
10.177,891877,-22.50870019,-69.90000153,43.75999832
10.163,892977,-15.54505271,-69.88999939,43.75999832
10.148,894077,-16.9683293,-69.87999725,43.75999832
10.133,895177,-11.39443448,-69.87000275,43.75999832
10.041,859978,-1.79078713,-70.19000244,43.77000046
10.052,861078,-1.643100902,-70.18000031,43.77000046
10.076,863278,-4.400704731,-70.16000366,43.77000046
10.089,864378,-4.129344034,-70.15000153,43.77000046
10.114,866578,-1.538109363,-70.12999725,43.77000046
10.126,867678,-3.82092905,-70.12000275,43.77000046
10.139,868778,-7.321337428,-70.11000061,43.77000046
10.151,869878,-9.796367847,-70.09999847,43.77000046
10.162,870978,-12.8554956,-70.08999634,43.77000046
10.173,872078,-16.16526492,-70.08000183,43.77000046
10.183,873178,-19.08326066,-70.06999969,43.77000046
10.192,874278,-9.899692441,-70.05999756,43.77000046
10.2,875378,-16.64437116,-70.05000305,43.77000046
10.206,876478,-19.48694851,-70.04000092,43.77000046
10.212,877578,-17.5841765,-70.02999878,43.77000046
10.219,881978,-9.553751414,-69.98999786,43.77000046
10.217,883078,-11.45764767,-69.98000336,43.77000046
10.191,887478,-10.7811318,-69.94000244,43.77000046
10.181,888578,-9.495670196,-69.93000031,43.77000046
10.169,889678,-8.958129392,-69.91999817,43.77000046
10.157,890778,-12.58076707,-69.91000366,43.77000046
10.144,891878,-12.20592398,-69.90000153,43.77000046
10.13,892978,-23.26216123,-69.88999939,43.77000046
10.115,894078,-13.64045008,-69.87999725,43.77000046
10.082,865479,-2.253456244,-70.13999939,43.77999878
10.093,866579,-1.958045197,-70.12999725,43.77999878
10.104,867679,-4.749532519,-70.12000275,43.77999878
10.115,868779,-4.882514136,-70.11000061,43.77999878
10.136,870979,-9.195534533,-70.08999634,43.77999878
10.145,872079,-13.94991983,-70.08000183,43.77999878
10.154,873179,-11.44888191,-70.06999969,43.77999878
10.161,874279,-14.29643506,-70.05999756,43.77999878
10.168,875379,-13.70417357,-70.05000305,43.77999878
10.173,876479,-14.70120586,-70.04000092,43.77999878
10.177,877579,-17.34178673,-70.02999878,43.77999878
10.18,878679,-14.23415542,-70.01999664,43.77999878
10.18,883079,-11.69829857,-69.98000336,43.77999878
10.176,884179,-5.880484882,-69.97000122,43.77999878
10.164,886379,-6.608702469,-69.94999695,43.77999878
10.146,888579,-11.3798164,-69.93000031,43.77999878
10.098,892979,-26.31306637,-69.88999939,43.77999878
10.062,865480,-1.919518514,-70.13999939,43.79000092
10.082,867680,-2.509382678,-70.12000275,43.79000092
10.092,868780,-2.492731343,-70.11000061,43.79000092
10.101,869880,-3.178358305,-70.09999847,43.79000092
10.11,870980,-8.907852924,-70.08999634,43.79000092
10.118,872080,-11.42746065,-70.08000183,43.79000092
10.125,873180,-6.725382891,-70.06999969,43.79000092
10.132,874280,-13.55135402,-70.05999756,43.79000092
10.137,875380,-14.21670983,-70.05000305,43.79000092
10.141,876480,-7.522868073,-70.04000092,43.79000092
10.144,877580,-14.36081533,-70.02999878,43.79000092
10.147,878680,-14.24105831,-70.01999664,43.79000092
10.148,879780,-10.50720907,-70.01000214,43.79000092
10.141,884180,-10.15948911,-69.97000122,43.79000092
10.103,889680,-7.557412687,-69.91999817,43.79000092
10.092,890780,-5.586638783,-69.91000366,43.79000092
10.08,891880,-3.13790013,-69.90000153,43.79000092
10.067,892980,-15.38952705,-69.88999939,43.79000092
10.054,894080,-21.24075048,-69.87999725,43.79000092
10.069,868781,-1.973138215,-70.11000061,43.79999924
10.077,869881,-4.797235722,-70.09999847,43.79999924
10.084,870981,-8.141201979,-70.08999634,43.79999924
10.091,872081,-6.318568807,-70.08000183,43.79999924
10.103,874281,-8.616626025,-70.05999756,43.79999924
10.107,875381,-12.87030995,-70.05000305,43.79999924
10.113,877581,-8.842975048,-70.02999878,43.79999924
10.115,878681,-12.56621132,-70.01999664,43.79999924
10.115,879781,-12.96422005,-70.01000214,43.79999924
10.115,880881,-7.696730539,-70,43.79999924
10.108,884181,-2.666403475,-69.97000122,43.79999924
10.097,886381,-5.716536546,-69.94999695,43.79999924
10.072,889681,-8.723769468,-69.91999817,43.79999924
10.025,894081,-19.30905398,-69.87999725,43.79999924
10.046,868782,-3.091017276,-70.11000061,43.81000137
10.059,870982,-4.200343648,-70.08999634,43.81000137
10.065,872082,-4.166962312,-70.08000183,43.81000137
10.07,873182,-2.218478114,-70.06999969,43.81000137
10.082,876482,-10.74751162,-70.04000092,43.81000137
10.085,878682,-9.981681915,-70.01999664,43.81000137
10.085,879782,-8.830040148,-70.01000214,43.81000137
10.084,880882,-10.80092649,-70,43.81000137
10.071,885282,-1.894804046,-69.95999908,43.81000137
10.066,886382,-4.488200967,-69.94999695,43.81000137
10.042,889682,-7.499707689,-69.91999817,43.81000137
10.033,890782,-5.468242022,-69.91000366,43.81000137
10.011,892982,-2.579687319,-69.88999939,43.81000137
9.998,894082,-10.26258189,-69.87999725,43.81000137
9.985,895182,-17.37282724,-69.87000275,43.81000137
10.04,872083,-2.045921306,-70.08000183,43.81999969
10.045,873183,-1.64526004,-70.06999969,43.81999969
10.051,875383,-4.537192729,-70.05000305,43.81999969
10.054,876483,-8.443418488,-70.04000092,43.81999969
10.055,877583,-8.395693177,-70.02999878,43.81999969
10.056,878683,-6.394228603,-70.01999664,43.81999969
10.053,881983,-8.211274386,-69.98999786,43.81999969
10.05,883083,-4.924645857,-69.98000336,43.81999969
10.036,886383,-5.202457468,-69.94999695,43.81999969
10.005,890783,-5.437812466,-69.91000366,43.81999969
9.972,894083,-6.721816701,-69.87999725,43.81999969
9.96,895183,-18.78805216,-69.87000275,43.81999969
9.947,896283,-6.921436508,-69.86000061,43.81999969
10.012,870984,-1.603261641,-70.08999634,43.83000183
10.025,875384,-2.913713067,-70.05000305,43.83000183
10.027,876484,-5.972911452,-70.04000092,43.83000183
10.028,877584,-6.730226773,-70.02999878,43.83000183
10.028,879784,-4.212101276,-70.01000214,43.83000183
10.027,880884,-2.204683256,-70,43.83000183
10.025,881984,-3.477285399,-69.98999786,43.83000183
10.022,883084,-6.458493436,-69.98000336,43.83000183
9.996,888584,-1.991939994,-69.93000031,43.83000183
9.911,897384,-4.722245181,-69.84999847,43.83000183
10.003,877585,-5.326536927,-70.02999878,43.84000015
10.003,878685,-4.264505691,-70.01999664,43.84000015
9.996,883085,-2.667074131,-69.98000336,43.84000015
9.992,884185,-4.552794664,-69.97000122,43.84000015
9.977,887485,-3.573810891,-69.94000244,43.84000015
9.97,888585,-2.619141178,-69.93000031,43.84000015
9.978,878686,-3.378280067,-70.01999664,43.84999847
9.977,879786,-2.932721076,-70.01000214,43.84999847
9.971,883086,-1.465805783,-69.98000336,43.84999847
9.968,884186,-2.643449265,-69.97000122,43.84999847
9.963,885286,-2.057963126,-69.95999908,43.84999847
9.953,887486,-1.742583814,-69.94000244,43.84999847
9.903,894086,-8.9575146,-69.87999725,43.84999847
9.953,880887,-1.292832861,-70,43.86000061
9.935,886387,-0.45807274,-69.94999695,43.86000061
9.909,890787,-3.353926196,-69.91000366,43.86000061
9.892,892987,-7.428104681,-69.88999939,43.86000061
9.873,895187,-5.211888364,-69.87000275,43.86000061
