date,Site,Oyster_ID,Oyster_length_mm,Oyster_width_mm,Whole oyster_weight_g,Wet_shell_weight_g,Wet_meat_weight_g,Dry_shell_weight_g,Dry_meat_weight_g,notes
6/8/2023,Dogs Head,DH_1A,80.47,54.09,42.995,29.084,8.003,26.997,1.215,
6/8/2023,Dogs Head,DH_1B,75.56,52.96,44.767,32.331,9.219,30.412,1.272,
6/8/2023,Dogs Head,DH_1C,65.93,52.9,33.816,21.986,8.684,20.565,1.343,
6/8/2023,Dogs Head,DH_1D,85.16,56.55,57.299,38.988,10.996,36.465,1.421,
6/8/2023,Dogs Head,DH_1E,72.97,53.05,31.909,22.935,6.277,21.993,0.818,
6/8/2023,Snow Island,SI_1A,75.9,59.82,61.946,42.79,10.499,40.636,1.8541,
6/8/2023,Snow Island,SI_1B,72.09,50.64,38.351,25.807,6.133,24.653,0.999,
6/8/2023,Snow Island,SI_1C,91,54.77,49.59,34.322,10.185,31.815,1.187,
6/8/2023,Snow Island,SI_1D,66.41,45.98,32.812,23.062,8.427,21.609,0.821,
6/8/2023,Snow Island,SI_1E,86.69,56.78,55.528,37.218,15.523,35.518,1.628,
6/13/2023,Dogs Head,DH_2A,73.63,52.62,40.318,29.07,8.774,27.863,1.146,
6/13/2023,Dogs Head,DH_2B,63.71,48.37,29.163,20.178,4.11,19.517,0.56,
6/13/2023,Dogs Head,DH_2C,78.06,51.94,48.058,33.481,10.803,31.654,1.849,
6/13/2023,Dogs Head,DH_2D,69.83,57.87,39.451,28.235,7.723,27.196,1.05,
6/13/2023,Dogs Head,DH_2E,70.79,54.41,37.894,25.591,9.791,24.181,1.172,
6/13/2023,Snow Island,SI_2A,66.22,55.31,50.092,37.2,12.892,36.189,0.731,
6/13/2023,Snow Island,SI_2B,80.91,59.71,39.282,26.031,11.021,24.29,0.927,
6/13/2023,Snow Island,SI_2C,78.64,57.81,67.457,49.742,12.796,46.539,1.523,
6/13/2023,Snow Island,SI_2D,70.6,51.77,49.984,37.052,7.798,34.837,0.947,
6/13/2023,Snow Island,SI_2E,81.17,58.85,86.653,61.764,17.021,58.603,2.085,
6/19/2023,Dogs Head,DH_3A,74.47,52.43,50.255,32.549,12.828,30.385,1.244,
6/19/2023,Dogs Head,DH_3B,84.47,51.35,40.661,26.878,10.227,25.216,0.942,
6/19/2023,Dogs Head,DH_3C,88.49,49.43,56.783,38.031,13.776,34.964,2.026,
6/19/2023,Dogs Head,DH_3D,87.7,57.39,60.453,41.074,11.492,38.714,2.076,
6/19/2023,Dogs Head,DH_3E,73.73,61.39,49.594,35.324,8.247,33.291,1.005,meat after 48h
6/19/2023,Snow Island,SI_3A,67.63,56.15,62.575,41.843,11.398,39.708,1.935,
6/19/2023,Snow Island,SI_3B,78.74,49.25,48.032,32.872,9.594,30.651,1.536,
6/19/2023,Snow Island,SI_3C,76.53,47.64,46.89,31.556,9.215,29.961,1.344,
6/19/2023,Snow Island,SI_3D,72.43,48.93,63.573,46.323,9.859,43.307,1.524,
6/19/2023,Snow Island,SI_3E,72.25,44.73,50.62,36.119,9.95,34.387,1.187,
6/26/2023,Dogs Head,DH_4A,76.82,52.24,42.851,30.944,10.025,28.299,1.491,
6/26/2023,Dogs Head,DH_4B,76.4,49.38,37.939,27.025,10.054,25.594,1.653,
6/26/2023,Dogs Head,DH_4C,97.11,58.01,62.821,44.729,15.816,42.333,2.79,
6/26/2023,Dogs Head,DH_4D,72.86,60.65,36.987,25.202,8.487,23.663,1.278,
6/26/2023,Dogs Head,DH_4E,89.08,57.91,61.182,44.625,12.66,41.968,2.293,
6/26/2023,Snow Island,SI_4A,70.58,42.7,30.771,24.406,6.571,22.419,0.841,
6/26/2023,Snow Island,SI_4B,68.18,58.02,47.425,34.471,7.832,32.96,1.167,
6/26/2023,Snow Island,SI_4C,51.84,43.48,23.935,16.398,4.925,14.981,0.318,
6/26/2023,Snow Island,SI_4D,91.87,48.19,63.68,48.742,9.914,45.034,1.462,
6/26/2023,Snow Island,SI_4E,74.54,44.36,42.268,28.724,7.584,27.153,1.031,
7/6/2023,Dogs Head,DH_5A,74.19,57.1,44.927,31.047,11.112,29.765,2.501,
7/6/2023,Dogs Head,DH_5B,64.53,40.56,22.529,14.313,5.622,13.324,0.623,
7/6/2023,Dogs Head,DH_5C,90.78,65.47,56.899,38.813,11.198,36.261,1.575,
7/6/2023,Dogs Head,DH_5D,88.74,66.55,55.812,40.087,11.727,35.8,2.091,
7/6/2023,Dogs Head,DH_5E,86.57,58.39,43.148,29.624,12.201,27.241,2.034,
7/6/2023,Snow Island,SI_5A,70.01,52.4,41.32,28.554,11.241,27.004,1.321,
7/6/2023,Snow Island,SI_5B,83.98,50.3,60.851,42.358,16.653,40.452,2.213,
7/6/2023,Snow Island,SI_5C,80.78,60.68,60.046,38.57,21.43,37.136,3.037,
7/6/2023,Snow Island,SI_5D,79.7,53.69,54.922,36.862,16.062,33.6,2.208,
7/6/2023,Snow Island,SI_5E,63.36,51.77,38.069,27.713,7.608,26.154,1.011,
7/12/2023,Dogs Head,DH_6A,72.79,54.34,41.124,30.578,9.498,29.102,1.886,
7/12/2023,Dogs Head,DH_6B,85.95,51.91,51.508,34.547,11.148,32.298,1.837,
7/12/2023,Dogs Head,DH_6C,78.88,54.61,50.752,34.998,11.171,33.365,1.985,
7/12/2023,Dogs Head,DH_6D,72.07,53.78,37.437,26.267,8.505,24.94,1.498,
7/12/2023,Dogs Head,DH_6E,69.17,57.7,42.758,27.723,11.334,26.088,1.17,
7/12/2023,Snow Island,SI_6A,79.2,54.33,55.165,39.769,12.213,38.103,1.44,
7/12/2023,Snow Island,SI_6B,80.18,63.79,49.175,33.681,9.994,31.045,1.221,
7/12/2023,Snow Island,SI_6C,76.58,43.57,44.649,29.211,10.313,27.811,0.934,
7/12/2023,Snow Island,SI_6D,98.7,49.68,42.632,28.774,7.573,26.122,0.541,
7/12/2023,Snow Island,SI_6E,87.64,68.9,91.886,66.405,22.053,62.189,3.853,
7/20/2023,Dogs Head,DH_7A,57.28,60.57,31.762,21.708,6.963,19.517,1.024,
7/20/2023,Dogs Head,DH_7B,86.08,54.23,46.129,31.706,9.341,29.627,1.604,
7/20/2023,Dogs Head,DH_7C,75.99,48.78,40.35,28.596,10.65,26.28,1.261,
7/20/2023,Dogs Head,DH_7D,82.05,55.82,52.415,35.213,11.837,33.282,2.358,
7/20/2023,Dogs Head,DH_7E,83.48,56.15,58.128,39.339,11.62,37.307,1.814,
7/20/2023,Snow Island,SI_7A,71.66,57.34,48.928,33.07,10.369,30.904,0.874,
7/20/2023,Snow Island,SI_7B,73.61,42.91,33.862,24.118,9.025,21.647,0.753,
7/20/2023,Snow Island,SI_7C,75.63,44.21,52.525,36.361,10.319,33.736,1.079,
7/20/2023,Snow Island,SI_7D,71.47,46.09,41.246,29.384,7.717,25.997,0.826,
7/20/2023,Snow Island,SI_7E,65.71,51,36.562,26.006,9.142,24.223,1.138,
7/24/2023,Dogs Head,DH_8A,70.58,46.89,34.814,23.758,8.535,22.162,1.114,
7/24/2023,Dogs Head,DH_8B,91.85,52.82,63.129,43.529,13.651,38.644,1.422,
7/24/2023,Dogs Head,DH_8C,78.33,49.26,47.921,33.84,8.556,32.25,1.359,
7/24/2023,Dogs Head,DH_8D,76.26,59.71,51.108,33.562,10.005,31.233,1.671,
7/24/2023,Dogs Head,DH_8E,81.09,50.47,46.484,31.557,9.828,29.403,1.673,
7/24/2023,Snow Island,SI_8A,83.11,59.15,55.977,40.173,11.85,37.822,1.394,
7/24/2023,Snow Island,SI_8B,81.36,48.84,61.53,45.384,10.955,40.639,1.361,
7/24/2023,Snow Island,SI_8C,73.02,55.22,53.872,37.448,12.21,35.423,1.134,
7/24/2023,Snow Island,SI_8D,73.2,52.87,52.887,37.53,10.964,34.869,1.331,
7/24/2023,Snow Island,SI_8E,83.43,55.46,50.673,38.458,8.489,34.461,1.301,
7/31/2023,Dogs Head,DH_9A,71.56,46.06,32.814,21.109,8.051,19.51,1.227,
7/31/2023,Dogs Head,DH_9B,69.37,57.94,35.295,22.708,8.826,21.29,1.306,
7/31/2023,Dogs Head,DH_9C,68.19,47.81,35.978,24.434,7.279,22.268,0.846,
7/31/2023,Dogs Head,DH_9D,76.94,45.69,34.346,21.563,8.49,19.653,1.049,
7/31/2023,Dogs Head,DH_9E,89.07,51.48,44.104,29.869,9.73,28.095,1.571,
7/31/2023,Snow Island,SI_9A,78.4,62.64,65.728,49.659,13.167,46.555,1.567,
7/31/2023,Snow Island,SI_9B,95.2,69.05,75.905,57.409,12.376,53.074,1.181,
7/31/2023,Snow Island,SI_9C,79.43,62.15,54.273,36.483,13.835,33.268,1.211,
7/31/2023,Snow Island,SI_9D,77.88,72.69,71.681,49.699,17.029,46.82,2.102,
7/31/2023,Snow Island,SI_9E,98.93,60.44,72.426,49.199,14.444,44.779,1.386,
8/9/2023,Dogs Head,DH_10A,64.82,65.97,43.545,32.293,9.482,29.841,1.416,
8/9/2023,Dogs Head,DH_10B,71.04,61.06,46.637,31.685,9.701,29.172,2.01,
8/9/2023,Dogs Head,DH_10C,73.22,51.9,45.437,30.112,8.59,28.301,1.622,
8/9/2023,Dogs Head,DH_10D,84.26,54.87,47.324,31.095,13.459,28.544,1.792,
8/9/2023,Dogs Head,DH_10E,89.04,56.4,54.946,36.241,10.376,33.233,1.466,
8/9/2023,Snow Island,SI_10A,79.61,47.91,40.227,24.697,9.473,22.869,1.089,
8/9/2023,Snow Island,SI_10B,72.66,57.87,49.382,32.555,10.945,30.56,1.001,
8/9/2023,Snow Island,SI_10C,72.11,54.06,53.52,35.723,8.849,33.939,1.498,
8/9/2023,Snow Island,SI_10D,71.49,47.39,40.71,27.345,7.84,26.237,0.913,
8/9/2023,Snow Island,SI_10E,73.91,59.47,53.028,33.602,10.6,31.475,1.037,
10/4/2023,Dogs Head,DH_11A,90.7,51.68,67.41,46.232,16.081,40.617,2.143,
10/4/2023,Dogs Head,DH_11B,99.21,61.02,79.927,58.43,16.85,48.893,3.129,
10/4/2023,Dogs Head,DH_11C,89.54,53.34,70.393,50.157,17.17,59.81,2.743,
10/4/2023,Dogs Head,DH_11D,80.02,56.72,68.402,49.595,20.495,44.141,2.681,
10/4/2023,Dogs Head,DH_11E,81.15,64.82,67.106,49.298,19.267,47.155,2.303,
10/4/2023,Snow Island,SI_11A,103.09,50.08,60.51,43.172,14.829,41.12,1.932,
10/4/2023,Snow Island,SI_11B,97.72,63.17,77.28,53.711,19.313,53.168,2.795,
10/4/2023,Snow Island,SI_11C,110.08,63.01,90.851,65.358,13.787,47.216,2.7,
10/4/2023,Snow Island,SI_11D,101.11,60.99,66.569,47.444,17.691,45.706,2.665,
10/4/2023,Snow Island,SI_11E,84.49,52.94,69.901,50.438,15.981,44.045,2.457,
10/11/2023,Dogs Head,DH_11A,92.62,54.63,67.495,45.4,17.744,45.012,4.233,
10/11/2023,Dogs Head,DH_11B,85.78,48.54,50.557,35.024,10.911,34.083,3.632,
10/11/2023,Dogs Head,DH_11C,92.634,58.79,69.745,53.861,13.533,48.617,4.498,
10/11/2023,Dogs Head,DH_11D,90.59,61.76,66.843,48.033,15.783,47.562,5.25,
10/11/2023,Dogs Head,DH_11AE,86.26,61.62,64.151,49.33,11.828,47.312,3.57,
10/11/2023,Snow Island,SI_11A,77.66,57.31,61.928,41.606,14.929,40.101,4.47,
10/11/2023,Snow Island,SI_11B,85.19,57.19,47.525,34.899,11.373,33.862,4.049,
10/11/2023,Snow Island,SI_11C,79.35,58.71,60.228,44.315,13.343,42.632,4.451,
10/11/2023,Snow Island,SI_11D,92.45,68.22,97.278,72.63,19.161,68.991,5.651,
10/11/2023,Snow Island,SI_11E,88.11,63.92,76.377,58.113,14.886,55.196,4.624,
10/18/2023,Dogs Head,DH_12A,90.18,66.91,89.024,61.643,25.156,58.152,6.275,
10/18/2023,Dogs Head,DH_12B,95.85,59.87,86.151,60.39,20.568,56.503,5.683,
10/18/2023,Dogs Head,DH_12C,87.63,56.17,76.197,55.623,21.032,52.196,5.878,
10/18/2023,Dogs Head,DH_12D,98.24,55.31,82.413,58.659,22.422,53.068,5.025,
10/18/2023,Dogs Head,DH_12E,74.26,46.17,52.925,34.784,15.708,32.329,4.385,
10/18/2023,Snow Island,SI_12A,80.49,57.82,69.622,52.35,15.772,47.346,4.451,
10/18/2023,Snow Island,SI_12B,87.7,65,74.726,54.26,18.371,48.187,4.522,
10/18/2023,Snow Island,SI_12C,93.9,57.48,80.736,60.878,19.867,54.49,4.597,
10/18/2023,Snow Island,SI_12D,85.89,52.06,70.393,49.189,20.334,42.825,4.515,
10/18/2023,Snow Island,SI_12E,81.21,64.12,79.142,58.047,,51.454,3.679,
10/25/2023,Dogs Head,DH_13A,82.44,55.31,70.502,50.104,16.303,45.55,3.006,
10/25/2023,Dogs Head,DH_13B,78.34,64.76,56.886,42.07,12.457,39.409,2.248,
10/25/2023,Dogs Head,DH_13C,78.63,56.53,61.909,43.789,16.283,40.085,2.98,
10/25/2023,Dogs Head,DH_13D,84.23,55.92,62.784,45.509,13.355,42.059,2.406,
10/25/2023,Dogs Head,DH_13E,71.26,42.38,39.749,28.328,10.754,25.529,1.8,
10/25/2023,Snow Island,SI_13A,89.47,65.11,91.509,68.003,19.91,61.234,3.581,
10/25/2023,Snow Island,SI_13B,76.75,57.95,68.258,48.417,19.877,42.867,2.702,
10/25/2023,Snow Island,SI_13C,87.11,57.77,86.494,58.7,23.161,54.371,3.7134,
10/25/2023,Snow Island,SI_13D,86.43,50,71.712,52.049,18.238,47.831,2.207,
10/25/2023,Snow Island,SI_13E,79.07,61.55,65.764,47.424,11.121,43.29,1.999,
11/2/2023,Dogs Head,DH_14A,98.21,55.3,100.613,74.095,22.998,66.885,4.546,
11/2/2023,Dogs Head,DH_14B,78.32,48.82,56.4,42.085,13.216,38.585,1.765,
11/2/2023,Dogs Head,DH_14C,73.35,49.38,47.435,33.885,10.604,28.933,1.487,
11/2/2023,Dogs Head,DH_14D,65.7,59.65,56.922,41.204,14.67,38.512,2.27,
11/2/2023,Dogs Head,DH_14E,71.53,48.15,49.105,35.115,13.148,31.207,2.119,
11/2/2023,Snow Island,SI14_A,89.23,57.48,64.363,44.693,18.866,40.93,2.552,
11/2/2023,Snow Island,SI14_B,81.32,59.61,72.017,51.833,16.101,47.215,2.552,
11/2/2023,Snow Island,SI14_C,91.12,71,79.186,58.133,17.592,51.702,2.406,
11/2/2023,Snow Island,SI14_D,91.51,57.47,82.289,57.107,23.622,49.88,2.589,
11/2/2023,Snow Island,SI14_E,79.15,67.71,66.41,46.118,18.3,41.542,2.2,
11/9/2023,Dogs Head,DH_15A,89.18,55.87,67.078,46.88,18.146,41.85,2.556,
11/9/2023,Dogs Head,DH_15B,90.71,60.86,78.231,53.832,21.704,45.999,3.608,
11/9/2023,Dogs Head,DH_15C,83.47,59.76,84.637,61.995,18.692,58.533,3.442,
11/9/2023,Dogs Head,DH_15D,87.27,56.22,71.714,48.243,19.655,43.957,3.283,
11/9/2023,Dogs Head,DH_15E,88.54,50.97,55.495,35.303,18.348,31.123,2.783,
11/9/2023,Snow Island,SI_15A,100.1,59.16,79.58,57.088,19.243,49.441,2.416,
11/9/2023,Snow Island,SI_15B,95.11,59.04,96.457,67.983,22.998,61.496,1.961,
11/9/2023,Snow Island,SI_15C,103.45,60.54,82.335,60.161,19.673,52.347,2.242,
11/9/2023,Snow Island,SI_15D,102.32,63.85,105.919,76.906,21.909,69.557,3.562,
11/9/2023,Snow Island,SI_15E,103.2,65.74,105.125,78.571,23.74,69.945,3.373,
11/15/2023,Dogs Head,DH_16A,88.52,64.35,81.172,58.611,18.577,54.636,2.506,
11/15/2023,Dogs Head,DH_16B,89.63,50.05,72.069,50.647,17.353,46.996,2.29,
11/15/2023,Dogs Head,DH_16C,103.34,65.56,124.996,82.307,36.085,76.81,7.039,
11/15/2023,Dogs Head,DH_16D,80.82,53.08,56.963,41.547,10.915,37.932,1.317,
11/15/2023,Dogs Head,DH_16E,107.96,74.49,121.365,88.516,28.105,82.143,5.151,
11/15/2023,Snow Island,SI_16A,106.76,69.35,96.915,70.952,20.24,61.981,3.025,
11/15/2023,Snow Island,SI_16B,109.83,66.48,119.021,87.39,24.809,77.971,3.759,
11/15/2023,Snow Island,SI_16C,76.96,56.95,65.627,48.32,12.901,41.852,1.537,
11/15/2023,Snow Island,SI_16D,92.17,67.34,96.268,67.58,21.345,45.019,3.464,
11/15/2023,Snow Island,SI_16E,96.21,60.47,77.042,52.789,18.329,58.728,1.888,
11/22/2023,Dogs Head,DH_17a,95.29,66.49,101.921,76.012,25.558,72.422,4.478,
11/22/2023,Dogs Head,DH_17B,105.17,63.24,96.062,68.491,26.226,63.937,4.027,
11/22/2023,Dogs Head,DH_17C,98.74,58.96,94.697,63.817,27.854,60.377,4.048,
11/22/2023,Dogs Head,DH_17D,106.32,68.23,125.282,87.174,36.555,83.167,5.877,
11/22/2023,Dogs Head,DH_17E,98.57,59.33,85.317,58.293,26.009,54.807,4.353,
11/22/2023,Snow Island,SI_17A,87.53,70.36,77.151,57.548,17.548,51.271,2.387,
11/22/2023,Snow Island,SI_17B,83.79,58.33,68.312,49.857,17.28,44.232,2.286,
11/22/2023,Snow Island,SI_17C,78.12,57.19,65.197,47.681,14.803,42.785,2.343,
11/22/2023,Snow Island,SI_17D,71.33,57.99,53.367,37.118,14.038,34.141,1.866,
11/22/2023,Snow Island,SI_17E,68.97,52.97,56.678,42.006,14.059,38.884,2.206,
11/29/2023,Dogs Head,DH_18A,76.09,59.64,71.134,52.423,19.277,49.309,5.408,
11/29/2023,Dogs Head,DH_18B,79.9,55.45,74.384,52.884,20.848,50.486,5.3,
11/29/2023,Dogs Head,DH_18C,89.12,56.35,98.197,68.638,28.794,63.397,6.721,
11/29/2023,Dogs Head,DH_18D,82.64,60.76,75.669,55.862,19.902,50.298,5.417,
11/29/2023,Dogs Head,DH_18E,93.06,60.79,82.965,60.413,22.894,55.767,6,
11/29/2023,Snow Island,SI_18A,87.41,58.1,81.905,57.902,22.812,52.612,4.897,
11/29/2023,Snow Island,SI_18B,87.01,50.49,66.605,48.537,18.081,41.707,3.906,
11/29/2023,Snow Island,SI_18C,85.91,64.09,80.028,54.622,25.675,48.914,5.434,
11/29/2023,Snow Island,SI_18D,78.94,51.79,72.409,54.646,17.082,46.864,4.15,
11/29/2023,Snow Island,SI_18E,80.71,67.01,71.443,50.955,19.689,45.865,5.349,
12/6/2023,Dogs Head,DH_19A,77.13,53.73,64.388,45.15,16.947,44.544,4.968,
12/6/2023,Dogs Head,DH_19B,85.8,54.73,77.58,53.622,17.599,53.129,5.514,
12/6/2023,Dogs Head,DH_19C,84.79,51.62,67.934,46.137,19.82,44.814,5.216,
12/6/2023,Dogs Head,DH_19D,84.98,56.9,77.702,54.794,19.136,53.472,5.323,
12/6/2023,Dogs Head,DH_19E,80.69,59.29,81.654,57.26,20.205,56.343,6.004,
12/6/2023,Snow Island,SI_19A,83.49,56.74,56.475,36.795,16.762,35.929,4.047,
12/6/2023,Snow Island,SI_19B,85.96,65.2,70.298,50.909,18.666,48.123,4.562,
12/6/2023,Snow Island,SI_19C,88.32,58.54,67.35,43.271,17.12,41.067,3.94,
12/6/2023,Snow Island,SI_19D,86.46,58.74,79.28,53.862,22.88,50.353,5.544,
12/6/2023,Snow Island,SI_19E,81.55,60.73,56.15,38.851,14.282,37.357,4.107,
12/13/2023,Dogs Head,DH_20A,86.21,69.52,112.355,84.616,27.37,80.483,6.741,
12/13/2023,Dogs Head,DH_20B,81.07,51.03,71.476,49.84,20.429,45.456,5.06,
12/13/2023,Dogs Head,DH_20C,91.01,53.63,74.909,52.901,20.966,47.511,5.207,
12/13/2023,Dogs Head,DH_20D,74.21,62.62,73.072,53.763,16.551,50.253,5.071,
12/13/2023,Dogs Head,DH_20E,81.39,53.67,70.44,48.28,22.422,45.225,4.923,
12/13/2023,Snow Island,SI_20A,87.33,69.6,77.981,54.917,20.716,49.899,5.01,
12/13/2023,Snow Island,SI_20B,83.42,58.12,72.922,53.123,18.184,47.904,4.17,
12/13/2023,Snow Island,SI_20C,75.95,63.66,63.146,46.563,15.835,42.105,4.141,
12/13/2023,Snow Island,SI_20D,89.38,64.88,78.438,56.807,22.726,48.973,4.987,
12/13/2023,Snow Island,SI_20E,86.05,55.99,63.504,42.572,20.244,37.934,4.806,
12/20/2023,Dogs Head,DH_21A,76.59,56.11,60.966,42.278,18.77,39.534,4.664,
12/20/2023,Dogs Head,DH_21B,75.45,58.35,80.122,59.339,19.773,55.54,4.994,
12/20/2023,Dogs Head,DH_21C,77.34,58.21,70.611,48.271,21.911,45.07,5.449,
12/20/2023,Dogs Head,DH_21D,83.18,49.72,72.841,50.498,22.646,46.913,5.19,
12/20/2023,Dogs Head,DH_21E,91.11,61.6,84.238,57.517,24.633,53.93,6.2,
12/20/2023,Snow Island,SI_21A,90.1,53.83,69.004,50.927,18.145,45.58,4.35,
12/20/2023,Snow Island,SI_21B,82.88,62.35,68.375,48.738,18.774,44.78,3.98,
12/20/2023,Snow Island,SI_21C,78.86,58.55,59.03,48.852,15.752,47.104,3.228,
12/20/2023,Snow Island,SI_21D,80.86,56.23,65.61,48.682,17.919,35.364,4.553,
12/20/2023,Snow Island,SI_21E,92.42,64.38,74.849,52.806,22.25,42.828,4.52,
12/27/2023,Dogs Head,DH_22A,89.73,56.89,77.039,50.302,22.79,49.444,6.091,
12/27/2023,Dogs Head,DH_22B,89.82,59.94,77.271,53.255,22.85,51.975,5.957,
12/27/2023,Dogs Head,DH_22C,84.51,56.2,76.499,53.467,20.178,51.219,5.71,
12/27/2023,Dogs Head,DH_22D,92.35,63.65,89.132,59.733,24.483,59.659,7.111,
12/27/2023,Dogs Head,DH_22E,81.47,49.18,71.129,50.209,19.457,49.652,5.655,
12/27/2023,Snow Island,SI_22A,87.6,58.1,65.006,47.942,14.86,45.285,3.967,
12/27/2023,Snow Island,SI_22B,82.89,55.37,65.906,46.385,15.623,44.473,3.819,
12/27/2023,Snow Island,SI_22C,85.51,63.59,75.419,55.172,15.987,51.313,4.101,
12/27/2023,Snow Island,SI_22D,91.24,67,83.169,58.057,23.918,53.702,4.924,
12/27/2023,Snow Island,SI_22E,84.81,57.02,57.166,41.507,14.929,38.559,3.978,
1/3/2024,Dogs Head,DH_23A,106.41,55.65,89.959,65.361,17.921,61.945,5.466,
1/3/2024,Dogs Head,DH_23B,90.69,64.23,77.745,55.484,21.518,53.079,5.65,
1/3/2024,Dogs Head,DH_23C,79.23,49.91,59.77,38.85,15.161,37.895,4.338,
1/3/2024,Dogs Head,DH_23D,93.8,53.35,76.79,53.941,19.084,53.077,5.468,
1/3/2024,Dogs Head,DH_23E,79.98,57.09,79.352,57.532,17.35,56.871,5.6723,
1/3/2024,Snow Island,SI_23A,83.97,55.06,62.309,43.977,16.197,41.465,4.342,
1/3/2024,Snow Island,SI_23B,95.05,63.74,79.597,56.625,18.308,52.47,4.388,
1/3/2024,Snow Island,SI_23C,82.86,55.24,59.846,39.52,15.322,37.363,4.193,
1/3/2024,Snow Island,SI_23D,96.75,56.38,71.822,48.628,19.812,46.677,4.711,
1/3/2024,Snow Island,SI_23E,79.8,57.6,74.315,51.532,19.911,48.969,4.662,
1/10/2024,Dogs Head,DH_24A,93.16,55.81,70.191,45.218,21.106,44.854,4.93,
1/10/2024,Dogs Head,DH_24B,86.79,53.45,64.346,41.988,18.196,41.08,5.113,
1/10/2024,Dogs Head,DH_24C,91.83,62.1,83.494,52.299,29.129,49.882,7.018,
1/10/2024,Dogs Head,DH_24D,82.57,56.91,56.78,38.617,17.241,37.877,5.134,
1/10/2024,Dogs Head,DH_24E,90.39,54.62,63.985,42.829,19.595,42.064,5.435,
1/10/2024,Snow Island,SI_24A,86.38,57.96,58.268,39.041,16.93,35.97,4.694,
1/10/2024,Snow Island,SI_24B,88.04,53.88,57.351,40.486,14.224,38.867,3.881,
1/10/2024,Snow Island,SI_24C,82.67,63.66,78.907,54.374,22.739,51.123,5.952,
1/10/2024,Snow Island,SI_24D,89.66,53.53,53.063,36.24,14.738,34.02,3.675,
1/10/2024,Snow Island,SI_24E,80.37,59.4,60.651,41.185,14.192,38.516,4.091,
1/17/2024,Dogs Head,DH_25A,81.69,60.29,66.875,43.736,20.036,41.267,5.022,
1/17/2024,Dogs Head,DH_25B,81.79,57.41,68.506,42.725,25.458,40.605,5.311,
1/17/2024,Dogs Head,DH_25C,87.87,51.02,59.112,42.752,18.333,39.945,4.398,
1/17/2024,Dogs Head,DH_25D,80.76,62.68,70.27,51.655,36.823,48.68,5.214,
1/17/2024,Dogs Head,DH_25E,81.3,60.26,56.812,36.796,20.434,34.371,4.911,
1/17/2024,Snow Island,SI_25A,82.76,51.03,65.404,45.998,20.913,41.358,4.082,
1/17/2024,Snow Island,SI_25B,91.42,62.71,70.29,52.287,17.802,47.374,4.061,
1/17/2024,Snow Island,SI_25C,81.71,64.68,64.158,47.015,17.143,43.029,4.526,
1/17/2024,Snow Island,SI_25D,92.83,55.37,65.865,44.778,19.028,39.906,4.441,
1/17/2024,Snow Island,SI_25E,78.78,51.46,60.484,43.468,17.657,39.439,4.71,
1/24/2024,Dogs Head,DH_25A,85.68,52.19,68.35,42.512,25.895,39.219,4.768,
1/24/2024,Dogs Head,DH_25B,77.17,52.7,50.178,33.596,18.018,31.525,4.316,
1/24/2024,Dogs Head,DH_25C,80.96,54.64,50.742,34.929,15.992,32.712,4.39,
1/24/2024,Dogs Head,DH_25D,79.73,54.65,63.754,42.196,22.907,39.112,4.6,
1/24/2024,Dogs Head,DH_25E,87.35,53.93,55.871,34.55,21.467,31.81,4.481,
1/24/2024,Snow Island,SI_25A,83.96,51.74,65.298,47.419,13.565,43.367,4.182,
1/24/2024,Snow Island,SI_25B,85.72,48.61,50.453,33.594,13.95,31.4,3.86,
1/24/2024,Snow Island,SI_25C,79.57,47.14,48.536,33.45,14.076,33.44,3.94,
1/24/2024,Snow Island,SI_25D,76.3,51.14,45.205,31.857,9.32,30.77,3.329,
1/24/2024,Snow Island,SI_25E,77.63,44.57,37.309,25.512,9.402,24.372,3.102,
1/31/2024,Dogs Head,DH_26A,82.49,52.04,73.05,51.619,20.422,49.224,5.914,
1/31/2024,Dogs Head,DH_26B,76.73,51.02,81.575,58.123,20.285,56.456,5.813,
1/31/2024,Dogs Head,DH_26C,82.63,52.4,80.406,55.304,18.799,52.883,5.428,
1/31/2024,Dogs Head,DH_26D,96.26,61.25,83.96,55.538,24.262,53.396,6.099,
1/31/2024,Dogs Head,DH_26E,81.49,59.79,67.257,46.476,18.237,44.746,5.337,
1/31/2024,Snow Island,SI_26A,76.58,60.76,65.254,46.209,18.058,43.214,4.234,
1/31/2024,Snow Island,SI_26B,82.16,50.01,56.433,40.463,14.071,38.209,3.719,
1/31/2024,Snow Island,SI_26C,86.58,59.18,74.609,52.903,19.025,47.779,4.07,
1/31/2024,Snow Island,SI_26D,80.85,49.52,46.719,33.215,12.515,32.428,3.256,
1/31/2024,Snow Island,SI_26E,90.12,61.47,71.079,48.275,20.914,43.123,4.43,
2/7/2024,Dogs Head,DH_27A,79.9,50.37,48.872,32.181,15.406,27.529,2.018,
2/7/2024,Dogs Head,DH_27B,77.67,61.16,76.328,54.362,22.742,47.955,3.38,
2/7/2024,Dogs Head,DH_27C,82.06,50.9,77.581,55.567,18.359,48.999,2.65,
2/7/2024,Dogs Head,DH_27D,67.67,47.41,56.857,40.933,15.601,36.454,2.48,
2/7/2024,Dogs Head,DH_27E,75.01,48.25,41.286,27.918,14.368,23.653,1.37,
2/7/2024,Snow Island,SI_27A,83.27,55.94,66.791,47.704,18.429,42.405,1.304,
2/7/2024,Snow Island,SI_27B,91.13,59.81,72.301,52.753,18.178,45.088,1.76,
2/7/2024,Snow Island,SI_27C,86.65,57.49,68.363,50.809,16.919,44.412,1.266,
2/7/2024,Snow Island,SI_27D,87.82,61.99,84.106,64.006,20.979,55.66,1.518,
2/7/2024,Snow Island,SI_27E,84.33,58.99,60.584,43.6,17.093,38.603,1.394,
2/15/2024,Dogs Head,DH_28A,76.14,57.5,65.637,47.442,18.181,41.518,2.768,
2/15/2024,Dogs Head,DH_28B,84.23,65.04,92.056,68.424,21.514,62.016,3.844,
2/15/2024,Dogs Head,DH_28C,73.46,56.14,50.609,34.289,17.155,29.906,2.214,
2/15/2024,Dogs Head,DH_28D,71.46,49,46.991,34.345,14.396,30.211,1.7,
2/15/2024,Dogs Head,DH_28E,74.82,51.15,54.475,38.416,15.224,32.879,2.032,
2/15/2024,Snow Island,SI_28A,71.63,48.67,62.059,46.429,13.47,39.74,1.152,
2/15/2024,Snow Island,SI_28B,81.98,54.55,71.3,50.839,20.643,42.542,1.565,
2/15/2024,Snow Island,SI_28C,82.5,49.84,53.791,39.662,13.092,30.953,0.981,
2/15/2024,Snow Island,SI_28D,77.57,52.09,53.463,37.392,16.57,29.395,1.27,
2/15/2024,Snow Island,SI_28E,82.65,52.77,63.985,45.716,13.39,39.694,1.127,
2/22/2024,Dogs Head,DH_29A,82.76,61.65,79.984,56.696,20.174,54.732,5.434,
2/22/2024,Dogs Head,DH_29B,87.58,50.94,71.474,51.934,15.579,50.414,4.93,
2/22/2024,Dogs Head,DH_29C,78.03,49.53,51.217,35.035,12.593,33.534,3.763,
2/22/2024,Dogs Head,DH_29D,71.51,53.86,55.348,40.884,13.178,39.781,4.067,
2/22/2024,Dogs Head,DH_29E,76,46.43,40.533,27.393,12.355,26.97,4.106,
2/22/2024,Snow Island,SI_29A,88.52,60.37,77.243,55.402,19.373,52.054,5.156,
2/22/2024,Snow Island,SI_29B,100.5,62.1,93.245,66.795,22.683,60.612,5.597,
2/22/2024,Snow Island,SI_29C,89.34,60.56,75.248,55.051,17.716,50.538,4.514,
2/22/2024,Snow Island,SI_29D,70.71,55.01,62.679,45.91,13.585,45.27,3.275,
2/22/2024,Snow Island,SI_29E,79.56,55.25,64.956,47.045,14.811,44.919,3.858,
2/28/2024,Dogs Head,DH_30A,80.38,58.29,86.484,64.031,23.158,59.482,5.874,
2/28/2024,Dogs Head,DH_30B,74.87,54.8,73.379,53.674,19.608,50.461,4.598,
2/28/2024,Dogs Head,DH_30C,69.62,55,57.156,39.582,16.934,36.166,4.912,
2/28/2024,Dogs Head,DH_30D,73.22,61.2,50.654,35.027,17.367,32.474,4.696,
2/28/2024,Dogs Head,DH_30E,77.38,54.05,62.319,46.075,15.426,43.518,4.245,
2/28/2024,Snow Island,SI_30A,89.43,60.02,82.112,64.495,19.002,57.679,4.821,
2/28/2024,Snow Island,SI_30B,69.85,56.01,49.072,36.987,13.45,32.333,3.208,
2/28/2024,Snow Island,SI_30C,88.39,59.34,65.441,47.595,18.896,43.82,3.905,
2/28/2024,Snow Island,SI_30D,74.13,59.74,67.125,48.432,17.496,43.979,4.119,
2/28/2024,Snow Island,SI_30E,84.78,56.26,60.812,41.791,19.765,37.397,4.694,
3/6/2024,Dogs Head,DH_31A,75.21,51.67,56.468,41.168,10.553,38.95,1.044,
3/6/2024,Dogs Head,DH_31B,72.89,49.59,45.838,33.995,11.034,30.949,1.112,
3/6/2024,Dogs Head,DH_31C,73.77,52.2,56.419,40.08,15.255,37.249,1.581,
3/6/2024,Dogs Head,DH_31D,69.15,49.9,48.856,35.437,11.5,33.211,1.137,
3/6/2024,Dogs Head,DH_31E,87.88,55.15,65.148,46.459,13.714,42.696,1.524,
3/6/2024,Snow Island,SI_31A,76.26,52.69,61.009,40.638,17.014,38.16,1.041,
3/6/2024,Snow Island,SI_31B,75.55,53.12,63.629,47.313,14.262,42.722,1.44,
3/6/2024,Snow Island,SI_31C,78.18,55.21,60.083,46.046,12.407,41.859,1.406,
3/6/2024,Snow Island,SI_31D,78.86,62.15,66.477,47.155,16.872,42.071,2.2,
3/6/2024,Snow Island,SI_31E,86.39,60.4,62.025,40.977,20.046,36.348,2.13,
3/13/2024,Dogs Head,DH_32A,76.64,55.18,53.583,36.116,14.283,35.111,4.115,
3/13/2024,Dogs Head,DH_32B,76.46,53.16,57.173,40.566,15.77,38.493,3.793,
3/13/2024,Dogs Head,DH_32C,76.3,54.29,52.111,35.058,13.902,33.062,4.424,
3/13/2024,Dogs Head,DH_32D,80.56,55.78,63.135,44.773,10.78,43.385,4.037,
3/13/2024,Dogs Head,DH_32E,83.58,54.29,56.8,42.955,12.34,40.22,4.059,
3/13/2024,Snow Island,SI_32A,82.29,48.55,55.683,37.539,16.19,34.55,3.735,
3/13/2024,Snow Island,SI_32B,87.07,55.97,73.509,56.649,15.78,54.006,4.391,
3/13/2024,Snow Island,SI_32C,89.06,59.01,74.272,70.159,15.412,66.777,3.785,wet meat + wet shell weight cannot be more than whole wet weight
3/13/2024,Snow Island,SI_32D,78.88,57.04,75.285,55.348,13.561,50.994,3.355,
3/13/2024,Snow Island,SI_32E,76.71,56.43,63.618,46.081,11.72,43.534,3.741,
3/20/2024,Dogs Head,DH_33A,78.48,60.23,62.145,40.31,20.05,37.097,2.828,
3/20/2024,Dogs Head,DH_33B,81.54,51.12,47.984,30.344,16.263,27.672,1.841,
3/20/2024,Dogs Head,DH_33C,81.65,51.94,46.495,30.042,15.831,27.781,1.846,
3/20/2024,Dogs Head,DH_33D,70.24,58.65,46.334,30.678,14.741,28.464,1.772,
3/20/2024,Dogs Head,DH_33E,84.54,58.5,54.275,35.741,16.159,32.589,3.394,
3/20/2024,Snow Island,SI_33A,78.86,55.31,64.691,50.097,14.248,45.476,0.845,
3/20/2024,Snow Island,SI_33B,87.31,62.61,81.884,59.509,19.869,53.369,2.883,
3/20/2024,Snow Island,SI_33C,74.94,52.34,56.525,42.616,9.731,39.583,0.987,
3/20/2024,Snow Island,SI_33D,72.15,56.68,60.082,45.929,12.107,40.189,1.101,
3/20/2024,Snow Island,SI_33E,89.31,66.77,77.205,57.411,16.618,49.601,2.185,
3/27/2024,Dogs Head,DH_34A,76.22,56.94,60.839,43.7,15.703,38.798,1.353,
3/27/2024,Dogs Head,DH_34B,67.9,52.88,46.63,30.094,15.667,27.978,1.701,
3/27/2024,Dogs Head,DH_34C,84.62,50.4,56.456,39.34,13.87,35.701,1.168,
3/27/2024,Dogs Head,DH_34D,79.08,55.71,61.3,41.694,18.674,38.404,2.961,
3/27/2024,Dogs Head,DH_34E,72.53,52.83,61.437,45.013,14.351,41.79,1.084,
3/27/2024,Snow Island,SI_34A,75.7,51.23,61.068,44.325,14.361,40.655,1.263,
3/27/2024,Snow Island,SI_34B,78.75,54.15,57.662,41.461,15.074,36.321,1.518,
3/27/2024,Snow Island,SI_34C,80.13,57.32,61.994,45.223,13.096,40.378,1.014,
3/27/2024,Snow Island,SI_34D,87.67,65.25,77.844,60.236,14.969,54.413,1.728,
3/27/2024,Snow Island,SI_34E,81.74,56.93,68.186,49.505,17.29,46.056,2.277,
4/3/2024,Dogs Head,DH_35A,97.85,53.95,69.838,42.358,25.645,39.643,3.086,
4/3/2024,Dogs Head,DH_35B,96.46,56.19,64.26,41.519,19.466,39.725,2.916,
4/3/2024,Dogs Head,DH_35C,90.17,62.25,73.024,48.89,22.599,46.246,2.58,
4/3/2024,Dogs Head,DH_35D,98.79,64.09,80.717,54.42,21.473,51.923,3.27,
4/3/2024,Dogs Head,DH_35E,104.06,57.91,86.12,54.733,28.663,50.323,4.244,
4/3/2024,Snow Island,SI_35A,78.7,62.87,68.865,50.559,16.751,44.76,1.803,
4/3/2024,Snow Island,SI_35B,83.52,69.49,76.812,54.305,20.505,47.641,2.502,
4/3/2024,Snow Island,SI_35C,82.72,58.25,71.94,51.99,17.53,46.745,1.813,
4/3/2024,Snow Island,SI_35D,81.99,59.78,75.681,58.756,15.222,55.46,1.527,
4/3/2024,Snow Island,SI_35E,80.97,50.8,63.084,44.39,15.247,39.045,1.501,
4/10/2024,Dogs Head,DH_36A,85.13,61.12,76.273,53.775,18.874,42.82,4.912,
4/10/2024,Dogs Head,DH_36B,86.35,49.6,64.846,45.813,17.67,43.23,4.842,
4/10/2024,Dogs Head,DH_36C,79.31,52.51,52.609,37.488,14.093,36.574,2.967,
4/10/2024,Dogs Head,DH_36D,68.7,49.67,47.104,33.282,13.319,32.051,3.481,
4/10/2024,Dogs Head,DH_36E,72.72,51.32,50.47,38.381,10.571,38.708,3.683,
4/10/2024,Snow Island,SI_36A,79.58,55.06,57.514,42.314,14.403,39.58,3.896,
4/10/2024,Snow Island,SI_36B,78.14,57.97,54.099,38.214,14.263,36.701,4.125,
4/10/2024,Snow Island,SI_36C,77.29,49.76,64.798,47.055,16.235,44.529,3.732,
4/10/2024,Snow Island,SI_36D,76.54,43.99,55.463,41.816,11.775,39.788,3.277,
4/10/2024,Snow Island,SI_36E,81.07,51.14,53.605,34.943,15.387,33.983,3.603,
4/22/2024,Dogs Head,DH_37A,101.88,58.38,71.2,50.132,19.987,43.23,2.224,
4/22/2024,Dogs Head,DH_37B,72.49,54.4,46.177,30.701,13.718,27.566,1.674,
4/22/2024,Dogs Head,DH_37C,72.91,52.14,54.87,36.827,16.864,33.511,2.04,
4/22/2024,Dogs Head,DH_37D,75.35,55.49,51.531,33.247,14.805,29.767,1.276,
4/22/2024,Dogs Head,DH_37E,78.2,47.13,49.9,31.578,17.228,28.913,1.983,
4/22/2024,Snow Island,SI_37A,78.3,58.01,57.521,39.575,16.62,33.733,1.652,
4/22/2024,Snow Island,SI_37B,77.3,51.22,75.288,56.257,14.69,49.526,1.238,
4/22/2024,Snow Island,SI_37C,75.87,56.6,57.044,40.563,15.855,35.684,21.846,dry meat weight cannot be more than wet meat weight
4/22/2024,Snow Island,SI_37D,68.04,41.21,35.622,24.117,9.182,20.885,0.429,
4/22/2024,Snow Island,SI_37E,67.43,39.76,33.588,24.112,6.761,19.148,0.516,
5/1/2024,Dogs Head,DH_38,82.03,59.94,69.502,48.57,19.94,43.97,2.449,
5/1/2024,Dogs Head,DH_38,93.11,65.75,95.152,71.499,21.796,66.025,2.334,
5/1/2024,Dogs Head,DH_38,85.36,59.92,80.95,59.204,23.9,53.238,3.014,
5/1/2024,Dogs Head,DH_38,85.97,62.62,77.328,56.53,17.624,51.961,1.392,
5/1/2024,Dogs Head,DH_38,80.3,62.37,69.283,51.11,18.173,47.337,2.346,
5/1/2024,Snow Island,SI_38,80.56,55.73,56.34,37.312,16.239,31.696,1.962,
5/1/2024,Snow Island,SI_38,90.72,59.33,77.664,54.847,20.729,49.563,3.005,
5/1/2024,Snow Island,SI_38,74.14,52.83,63.281,47.766,11.533,43.263,1.149,
5/1/2024,Snow Island,SI_38,67.22,54.02,50.798,35.897,13.201,30.647,1.446,
5/1/2024,Snow Island,SI_38,88.27,54.41,59.33,42.67,14.934,36.567,1.94,
5/8/2024,Dogs Head,DH_39A,73.99,50.37,46.132,30.136,13.448,27.348,1.177,
5/8/2024,Dogs Head,DH_39B,71.71,48.73,44.581,31.046,10.456,28.756,1.112,
5/8/2024,Dogs Head,DH_39C,73.04,53.93,44.497,30.89,10.475,28.654,1.482,
5/8/2024,Dogs Head,DH_39D,64.96,48.7,44.691,31.557,9.76,29.487,0.711,
5/8/2024,Dogs Head,DH_39E,74.52,46.94,35.035,23.993,9.733,21.724,1.427,
5/8/2024,Snow Island,SI_39A,72.58,44.75,54.006,37.637,11.782,34.99,1.124,
5/8/2024,Snow Island,SI_39B,80.2,48.2,55.51,43.875,9.578,40.592,1.204,
5/8/2024,Snow Island,SI_39C,69.9,49.2,48.423,33.496,10.783,30.501,1.339,
5/8/2024,Snow Island,SI_39D,70.03,50.66,46.448,32.981,10.166,30.666,1.345,
5/8/2024,Snow Island,SI_39E,72.83,49.21,56.332,42.102,12.348,38.063,1.005,
5/23/2024,Dogs Head,DH_40A,96.54,67.05,104.383,74.985,28.346,69.592,3.635,
5/23/2024,Dogs Head,DH_40B,84.91,63.46,89.704,65.211,23.448,58.917,2.48,
5/23/2024,Dogs Head,DH_40C,98.22,62.86,87.949,66.755,18.321,60.63,1.9,
5/23/2024,Dogs Head,DH_40D,98.5,65.93,107.5,79.101,25.4,72.938,3.065,
5/23/2024,Dogs Head,DH_40E,103.12,68.2,108.21,85.402,31.256,78.437,3.711,
5/23/2024,Snow Island,SI_40,84.35,56.4,71.961,49.899,17.863,43.413,2.085,
5/23/2024,Snow Island,SI_40,89.6,62.78,87.922,65.266,20.357,59.851,3.086,
5/23/2024,Snow Island,SI_40,84.55,54.53,62.915,45.773,10.738,41.872,1.165,
5/23/2024,Snow Island,SI_40,72.05,53.96,62.462,46.068,13.714,42.626,1.183,
5/23/2024,Snow Island,SI_40,88.49,57,72.575,50.747,16.766,46.563,2.35,
6/4/2024,Dogs Head,DH_41A,90.28,48.02,50.75,34.717,8.879,30.663,0.984,
6/4/2024,Dogs Head,DH_41B,68.35,50.4,39.877,25.961,10.631,23.159,1.513,
6/4/2024,Dogs Head,DH_41C,76.08,57.92,53.999,36.589,10.626,32.83,2.039,
6/4/2024,Dogs Head,DH_41D,80.55,25.27,44.38,30.685,8.495,26.46,1.305,
6/4/2024,Dogs Head,DH_41E,71.46,57.15,39.92,28.886,9.809,24.942,1.532,
6/4/2024,Snow Island,SI_41A,82.94,65.86,70.06,48.29,15.5,44.737,2.586,
6/4/2024,Snow Island,SI_41B,84.19,66.06,59.25,43.71,8.12,39.177,0.792,
6/4/2024,Snow Island,SI_41C,93.35,63.89,87.288,62.01,23.55,55.024,3.534,
6/4/2024,Snow Island,SI_41D,89.02,63.65,78.379,54.15,17.38,49.284,2.118,
6/4/2024,Snow Island,SI_41E,80.75,62.74,64.598,41.96,16.15,37.313,2.071,
6/10/2024,Snow Island,SI_41 A,78.55,68.22,86.43,63.52,14.96,57.723,2.43,
6/10/2024,Snow Island,SI_41 B,89.31,59.81,84.61,62.04,17.4,56.237,2.816,
6/10/2024,Snow Island,SI_41 C,88.37,64.15,73.35,50.38,18.79,45.192,2.765,
6/10/2024,Snow Island,SI_41 D,71.96,57.51,81.31,58.58,19.91,52.347,2.782,
6/10/2024,Snow Island,SI_41 E,82.98,41.15,48.32,33.49,9.35,26.276,1.107,
6/10/2024,Dogs Head,DH_42A,77.55,53.34,46.05,30.49,9.53,28.637,1.45,
6/10/2024,Dogs Head,DH_42B,81.6,56.09,60.01,45.32,7.23,40.33,1.217,
6/10/2024,Dogs Head,DH_42C,77.42,49.31,43.74,28.61,10.91,26.072,1.163,
6/10/2024,Dogs Head,DH_42D,72.31,57.21,51.31,31.88,11.1,29.556,1.667,
6/10/2024,Dogs Head,DH_42E,78.55,49.35,35.52,23.5,8.98,19.928,0.844,
6/17/2024,Snow Island,SI_42 A,72.47,58.36,60.627,43.534,9.997,40.062,1.396,
6/17/2024,Snow Island,SI_42 B,86.12,56.34,65.469,45.294,12.706,41.137,2.095,
6/17/2024,Snow Island,SI_42 C,77.54,51.77,50.449,36.647,10.48,33.302,1.338,
6/17/2024,Snow Island,SI_42 D,88.4,74.03,110.376,76.444,26.86,69.775,4.804,
6/17/2024,Snow Island,SI_42 E,93.39,68.89,109.095,75.137,27.823,66.907,4.76,
6/17/2024,Dogs Head,DH_43A,72.8,54.67,39.99,26.402,11.204,23.659,1.339,
6/17/2024,Dogs Head,DH_43B,75.33,52.73,49.919,31.822,10.5,28.746,1.572,
6/17/2024,Dogs Head,DH_43C,65.18,53.56,31.603,22.448,7.813,18.827,1.056,
6/17/2024,Dogs Head,DH_43D,64.41,41.46,25.65,17.73,6.07,15.158,0.51,
6/17/2024,Dogs Head,DH_43E,71.97,52.12,41.439,28.552,8.54,24.654,1.003,
7/3/2024,Snow Island,SI_43A,79.91,63.5,78.53,58.76,12.81,52.62,1.736,More than 48 hours
7/3/2024,Snow Island,SI_43B,77.45,52.66,67.37,49.03,13.3,39.954,1.16,More than 48 hours
7/3/2024,Snow Island,SI_43C,81.72,60.15,67.88,51.8,11.23,43.966,1.575,More than 48 hours
7/3/2024,Snow Island,SI_43D,79.49,51.56,52.7,38.97,9.12,32.888,1.356,More than 48 hours
7/3/2024,Snow Island,SI_43E,97.29,61.64,102.27,72.69,22.11,62.929,3.026,More than 48 hours
7/3/2024,Dogs Head,DH_44A,71.8,43.5,38.3,25.1,10.5,21.194,0.869,More than 48 hours
7/3/2024,Dogs Head,DH_44B,67.33,55,52.32,39.66,10.46,32.636,0.953,More than 48 hours
7/3/2024,Dogs Head,DH_44C,70.41,54.2,57.9,43.11,13.78,36.005,1.372,More than 48 hours
7/3/2024,Dogs Head,DH_44D,72.8,53.19,45.7,31.06,13.48,25.335,1.198,
7/3/2024,Dogs Head,DH_44E,71.8,43.19,33.89,24.14,,20.215,0.965,
7/8/2024,Snow Island,SI_44A,77.22,58.8,65.144,48.172,11.819,42.81,1.39,
7/8/2024,Snow Island,SI_44B,80.02,60.75,76.955,54.073,17.175,46.73,2.5,
7/8/2024,Snow Island,SI_44C,84.45,56.92,82.308,60.359,16.708,53.73,3.12,
7/8/2024,Snow Island,SI_44D,82.83,55.05,68.142,48.727,15.702,41.21,2.22,
7/8/2024,Snow Island,SI_44E,94.5,62.38,88.265,62.94,21.038,54.43,2.98,
7/8/2024,Dogs Head,DH_45A,65.55,53.35,48.275,33.564,13.082,31.12,2.08,
7/8/2024,Dogs Head,DH_45B,70.2,47.94,39.44,26.757,9.453,24.01,0.98,
7/8/2024,Dogs Head,DH_45C,73.41,41.53,35.492,22.99,10.713,21.16,1.45,
7/8/2024,Dogs Head,DH_45D,64.3,45.87,39.642,29.815,7.067,26,1.12,
7/8/2024,Dogs Head,DH_45E,83.17,46.4,43.397,30.899,9.431,28.23,1.67,
7/17/2024,Snow Island,SI_45A,108.99,56.97,104.41,79.35,20.72,71.65,2.86,
7/17/2024,Snow Island,SI_45B,86.22,55.14,79.88,58.19,18.75,50.12,1.27,
7/17/2024,Snow Island,SI_45C,78.85,50.21,62.11,46.49,12.67,40.85,2,
7/17/2024,Snow Island,SI_45D,88.36,58.75,85.7,63.13,21.08,56.73,2.71,
7/17/2024,Snow Island,SI_45E,72.34,55.13,62.21,46.62,13.95,41.12,1.48,
7/17/2024,Dogs Head,DH_46A,62.3,45.09,29.06,19.47,8.2,17.42,1.06,
7/17/2024,Dogs Head,DH_46B,63.08,37.97,23.43,15.12,7.11,13.6,0.68,
7/17/2024,Dogs Head,DH_46C,62.5,37.27,33.03,24.49,6.98,22.6,0.998,
7/17/2024,Dogs Head,DH_46D,61.45,44.48,28.99,20.2,8.22,18.39,0.75,
7/17/2024,Dogs Head,DH_46E,71.79,44.43,34.62,23.14,10.28,21.498,0.991,
7/24/2024,Snow Island,SI_46A,101.45,62.57,84.721,59.739,17.149,53.236,1.781,
7/24/2024,Snow Island,SI_46B,78.15,65.86,74.217,54.906,15.729,51.108,0.856,
7/24/2024,Snow Island,SI_46C,83.44,57.04,81.038,56.227,18.512,49.594,2.609,
7/24/2024,Snow Island,SI_46D,65.95,48.59,29.096,51.501,,16.777,,Dead- No substitues
7/24/2024,Snow Island,SI_46E,132.34,75.1,58.167,107.73,26.329,97.92,3.063,whole weight cannot be less than wet shell weight
7/24/2024,Dogs Head,DH_47A,71.03,44.05,26.763,17.63,6.778,16.522,0.738,
7/24/2024,Dogs Head,DH_47B,67.98,44.5,30.814,21.114,6.305,19.81,0.672,
7/24/2024,Dogs Head,DH_47C,73.48,45.02,30.531,21.057,7.06,19.628,0.73,
7/24/2024,Dogs Head,DH_47D,74.34,44.83,35.272,20.486,7.278,18.398,0.61,
7/24/2024,Dogs Head,DH_47E,63.58,44.59,36.216,25.43,7.286,23.328,1.035,
8/2/2024,Snow Island,SI_47A,75.25,50.52,73.695,56.83,15.104,52.027,1.547,
8/2/2024,Snow Island,SI_47B,101.68,67.49,123.523,93.04,26.001,86.061,3.222,
8/2/2024,Snow Island,SI_47C,91.21,57.82,97.07,70.636,25.185,60.128,3.031,
8/2/2024,Snow Island,SI_47D,100.15,66.52,123.595,93.75,26.529,79.415,1.358,
8/2/2024,Snow Island,SI_47E,78.14,61.23,74.426,54.107,18.192,45.387,1.766,
8/2/2024,Dogs Head,DH_48A,61.78,61.66,50.159,35.627,9.187,29.69,1.065,
8/2/2024,Dogs Head,DH_48B,73.03,15.86,67.267,49.333,11.666,43.766,0.986,
8/2/2024,Dogs Head,DH_48C,61.67,44.13,49.961,35.586,9.579,28.742,0.825,
8/2/2024,Dogs Head,DH_48D,75.92,53.52,47.173,32.062,13.54,26.855,1.783,
8/2/2024,Dogs Head,DH_48E,79.62,52.53,47.84,32.6,14.049,27.405,1.683,
8/8/2024,Snow Island,SI_48A,69.61,60.37,73.353,51.433,13.626,45.216,1.268,
8/8/2024,Snow Island,SI_48B,107.9,70.08,148.462,108.617,33.079,96.968,4.731,
8/8/2024,Snow Island,SI_48C,85.84,64,85.223,64.734,16.667,56.889,1.951,
8/8/2024,Snow Island,SI_48D,81.74,56.12,58.678,42.674,13.317,36.83,1.521,
8/8/2024,Snow Island,SI_48E,86.08,64.72,86.95,62.514,19.597,54.37,3.272,
8/8/2024,Dogs Head,DH_49A,72.66,47.79,42.47,27.788,13.618,25.676,0.994,
8/8/2024,Dogs Head,DH_49B,79.81,49.73,40.033,26.538,9.994,23.305,1.125,
8/8/2024,Dogs Head,DH_49C,72.27,46.12,38.02,27.837,9.75,24.9,0.757,
8/8/2024,Dogs Head,DH_49D,70.32,52.17,41.808,28.008,9.708,25.228,0.679,
8/8/2024,Dogs Head,DH_49E,85.26,52.94,44.853,29.629,13.334,25.999,1.2555,
