loc_id,year,date,site_id,site_name,bay_location,substrate,set_time,weather,temp_degc,do_mg/l,salinity_ppt,hermit_crabs,shrimp,notes
2014_001_06,2014,6/16/2014 0:00:00,06,Mackworth Island - North,Mid,mud/shell,6/16/2014 15:20:00,sunny,15,10.4,32.83,,,
2014_001_04,2014,6/16/2014 0:00:00,04,Mussel Cove,Mid,mud,6/16/2014 16:20:00,sunny,17.8,9.8,32.41,,,
2014_001_09,2014,6/16/2014 0:00:00,09,Great Diamond Island,Outer,sand/shell,6/16/2014 17:40:00,sunny,14.8,10.7,31.76,,,
2014_001_07,2014,6/16/2014 0:00:00,07,Mackworth Island - Beach,Mid,sand/shell,6/16/2014 19:10:00,sunny,15.4,10.5,31.46,,,
2014_002_12,2014,6/19/2014 0:00:00,12,Alewife Cove,Outer,gravel,6/19/2014 14:20:00,sunny,14.7,10.3,31.89,,,lots of seaweed at this site
2014_002_11,2014,6/19/2014 0:00:00,11,Cushing Island,Outer,mud,6/19/2014 15:10:00,sunny,16.1,14,33.03,,,Ran the seine in a circular area from the boat (not the beach)
2014_002_03,2014,6/19/2014 0:00:00,03,Audubon,Inner,mud,6/19/2014 16:40:00,sunny,22,8.9,4.35,,,
2014_002_02,2014,6/19/2014 0:00:00,02,Skitterygusset,Inner,mud,6/19/2014 17:30:00,sunny,22.4,9.2,0.84,,,
2014_002_01,2014,6/19/2014 0:00:00,01,Presumpscot Moorings,Inner,mud/gravel,6/19/2014 18:25:00,sunny,21.8,9.3,0.28,,,
2014_002_08,2014,6/19/2014 0:00:00,08,Back Cove,Mid,mud,6/19/2014 19:15:00,sunny,17.6,8.9,32.06,,,
2014_003_12,2014,6/27/2014 0:00:00,12,Alewife Cove,Outer,gravel,6/27/2014 12:50:00,sunny,14.5,9,28.54,,,no catch
2014_003_03,2014,6/27/2014 0:00:00,03,Audubon,Inner,mud,6/27/2014 13:50:00,sunny,19.8,8,7.4,,,
2014_003_01,2014,6/27/2014 0:00:00,01,Presumpscot Moorings,Inner,mud/gravel,6/27/2014 14:30:00,sunny,21,9.2,0.15,,,
2014_003_04,2014,6/27/2014 0:00:00,04,Mussel Cove,Mid,mud,6/27/2014 15:15:00,sunny,17.3,9,31.62,,,
2014_003_09,2014,6/27/2014 0:00:00,09,Great Diamond Island,Outer,sand/shell,6/27/2014 15:55:00,sunny,18.4,9.8,30.28,,,
2014_003_06,2014,6/27/2014 0:00:00,06,Mackworth Island - North,Mid,mud/shell,6/27/2014 16:37:00,,16.3,10.7,33.1,,,
2014_004_10,2014,7/1/2014 0:00:00,10,SMCC,Outer,sand,7/1/2014 11:50:00,sunny,16.5,9.3,29.02,,,
2014_004_11,2014,7/1/2014 0:00:00,11,Cushing Island,Outer,mud,7/1/2014 12:30:00,sunny,15.5,10.1,31.05,,,
2014_004_05,2014,7/1/2014 0:00:00,05,The Brothers - North,Mid,mud/gravel,7/1/2014 13:25:00,sunny,21.1,9.8,33.05,,,
2014_004_07,2014,7/1/2014 0:00:00,07,Mackworth Island - Beach,Mid,sand/shell,7/1/2014 14:05:00,sunny,22.3,8.2,16.9,,,
2014_004_02,2014,7/1/2014 0:00:00,02,Skitterygusset,Inner,mud,7/1/2014 14:55:00,sunny,23.4,8.9,0.86,,,
2014_004_08,2014,7/1/2014 0:00:00,08,Back Cove,Mid,mud,7/1/2014 15:40:00,sunny,20.3,8.1,29.77,,,
2014_005_09,2014,7/8/2014 0:00:00,09,Great Diamond Island,Outer,sand/gravel,7/8/2014 12:35:00,sunny,16,8.2,30.34,0,1,
2014_005_06,2014,7/8/2014 0:00:00,06,Mackworth Island - North,Mid,mud/shell,7/8/2014 13:20:00,sunny,16.2,9.3,31.93,0,3,
2014_005_01,2014,7/8/2014 0:00:00,01,Presumpscot Moorings,Inner,mud/gravel,7/8/2014 14:20:00,sunny,25.5,7.8,0.68,0,0,
2014_005_10,2014,7/8/2014 0:00:00,10,SMCC,Outer,sand/gravel,7/8/2014 12:00:00,sunny,14.6,8.5,32.19,1,1,
2014_005_03,2014,7/8/2014 0:00:00,03,Audubon,Inner,mud,7/8/2014 14:55:00,sunny,24.1,8.1,6.66,0,2,
2014_006_12,2014,7/17/2014 0:00:00,12,Alewife Cove,Outer,gravel,7/17/2014 14:44:00,overcast,13.9,10,30.6,0,3,
2014_006_11,2014,7/17/2014 0:00:00,11,Cushing Island,Outer,mud,7/17/2014 15:55:00,sunny,17.2,8.7,31.83,1,3,
2014_006_08,2014,7/17/2014 0:00:00,08,Back Cove,Mid,mud,7/17/2014 16:55:00,sunny,15.6,8.8,32,0,0,
2014_006_02,2014,7/17/2014 0:00:00,02,Skitterygusset,Inner,mud,7/17/2014 17:50:00,sunny,25.2,9,3.36,0,0,
2014_006_07,2014,7/17/2014 0:00:00,07,Mackworth Island - Beach,Mid,sand/shell,7/17/2014 18:50:00,sunny,18.1,9.7,32.32,0,0,
2014_006_04,2014,7/17/2014 0:00:00,04,Mussel Cove,Mid,mud,7/17/2014 19:42:00,sunny,19.4,9.4,33.3,0,0,
2014_007_10,2014,7/22/2014 0:00:00,10,SMCC,Outer,sand/gravel,7/22/2014 12:15:00,sunny,17.4,8.4,28.64,1,1,
2014_007_09,2014,7/22/2014 0:00:00,09,Great Diamond Island,Outer,sand/gravel,7/22/2014 12:50:00,sunny,16.1,9,31.06,1,0,
2014_007_06,2014,7/22/2014 0:00:00,06,Mackworth Island - North,Mid,gravel,7/22/2014 13:24:00,sunny,16,9.6,33.48,,1,
2014_007_01,2014,7/22/2014 0:00:00,01,Presumpscot Moorings,Inner,gravel,7/22/2014 14:10:00,sunny,24.6,7.8,0.36,0,0,
2014_007_03,2014,7/22/2014 0:00:00,03,Audubon,Inner,sand,7/22/2014 14:40:00,sunny,22.9,8.5,7.25,,,
2014_007_05,2014,7/22/2014 0:00:00,05,The Brothers - North,Mid,mud/shell,7/22/2014 15:20:00,sunny,18,9.9,33.42,1,1,
2014_008_12,2014,8/1/2014 0:00:00,12,Alewife Cove,Outer,sand/gravel,8/1/2014 13:30:00,partly cloudy,15.5,9.5,33.65,0,2,
2014_008_11,2014,8/1/2014 0:00:00,11,Cushing Island,Outer,sand/shell,8/1/2014 14:20:00,sunny,18.4,10.7,33.33,1,3,
2014_008_07,2014,8/1/2014 0:00:00,07,Mackworth Island - Beach,Mid,mud/shell,8/1/2014 15:00:00,overcast,23.1,8.3,16.5,1,3,
2014_008_02,2014,8/1/2014 0:00:00,02,Skitterygusset,Inner,mud,8/1/2014 15:43:00,sunny,25.3,7.3,2.61,0,2,
2014_008_08,2014,8/1/2014 0:00:00,08,Back Cove,Mid,mud,8/1/2014 16:30:00,sunny,18.3,7.5,31.2,0,2,
2014_008_04,2014,8/1/2014 0:00:00,04,Mussel Cove,Mid,mud,8/1/2014 17:15:00,sunny,22.1,9.1,33.62,0,0,
2014_009_01,2014,8/7/2014 0:00:00,01,Presumpscot Moorings,Inner,mud/gravel,8/7/2014 13:35:00,overcast,23.4,7.4,0.49,0,1,
2014_009_03,2014,8/7/2014 0:00:00,03,Audubon,Inner,mud/sand,8/7/2014 13:55:00,overcast,21.3,7.6,11.95,0,1,
2014_009_06,2014,8/7/2014 0:00:00,06,Mackworth Island - North,Mid,mud/shell,8/7/2014 14:30:00,overcast,20.1,9.1,30.96,0,2,
2014_009_05,2014,8/7/2014 0:00:00,05,The Brothers - North,Mid,sand/gravel,8/7/2014 14:55:00,overcast,20.8,9.2,31.07,1,0,
2014_009_09,2014,8/7/2014 0:00:00,09,Great Diamond Island,Outer,sand/shell,8/7/2014 15:30:00,sunny,18.3,9.2,32.07,0,1,
2014_009_10,2014,8/7/2014 0:00:00,10,SMCC,Outer,sand/shell,8/7/2014 16:27:00,rain,19.2,8.9,29.07,1,2,
2014_010_12,2014,8/12/2014 0:00:00,12,Alewife Cove,Outer,,8/12/2014 12:15:00,,15.5,7.8,32.7,0,1,"Extremely foggy, Rock crab also present in seine (haven't seen many before)."
2014_010_11,2014,8/12/2014 0:00:00,11,Cushing Island,Outer,mud/gravel,8/12/2014 13:05:00,foggy,16.6,8.2,31.77,1,3,
2014_010_07,2014,8/12/2014 0:00:00,07,Mackworth Island - Beach,Mid,sand/gravel,8/12/2014 13:30:00,foggy,18.4,7.7,25.61,0,1,
2014_010_02,2014,8/12/2014 0:00:00,02,Skitterygusset,Inner,mud,8/12/2014 14:20:00,foggy,20.9,6.8,14.7,0,0,
2014_010_08,2014,8/12/2014 0:00:00,08,Back Cove,Mid,mud/gravel,8/12/2014 15:05:00,foggy,16.8,7.6,31.43,0,0,
2014_010_04,2014,8/12/2014 0:00:00,04,Mussel Cove,Mid,mud,8/12/2014 15:45:00,foggy,18.8,8.2,33.24,0,0,Seine on the marsh edge
2014_011_10,2014,8/21/2014 0:00:00,10,SMCC,Outer,sand/gravel,8/21/2014 7:55:00,overcast,17.4,8.3,27.56,1,1,
2014_011_03,2014,8/21/2014 0:00:00,03,Audubon,Inner,sand/mud/gravel,8/21/2014 9:10:00,overcast,20.6,7.9,5.8,0,1,
2014_011_01,2014,8/21/2014 0:00:00,01,Presumpscot Moorings,Inner,mud/gravel,8/21/2014 9:50:00,sunny,21.8,8.5,0.15,0,0,
2014_011_05,2014,8/21/2014 0:00:00,05,The Brothers - North,Mid,sand/gravel,8/21/2014 10:30:00,overcast,18.6,9.7,32.55,0,1,
2014_011_09,2014,8/21/2014 0:00:00,09,Great Diamond Island,Outer,sand/gravel,8/21/2014 11:20:00,overcast,17.4,8.9,31.54,1,2,
2014_011_06,2014,8/21/2014 0:00:00,06,Mackworth Island - North,Mid,sand/gravel,8/21/2014 10:00:00,sunny,17.6,8.7,32.63,0,1,
2014_012_12,2014,8/28/2014 0:00:00,12,Alewife Cove,Outer,sand/gravel,8/28/2014 9:00:00,sunny,16.1,8.7,33.44,0,1,too much algae for effective seining
2014_012_11,2014,8/28/2014 0:00:00,11,Cushing Island,Outer,mud/gravel,8/28/2014 9:48:00,sunny,17.6,8.6,30.53,1,1,
2014_012_07,2014,8/28/2014 0:00:00,07,Mackworth Island - Beach,Mid,sand/gravel,8/28/2014 10:30:00,sunny,21.4,9.1,19.22,0,3,
2014_012_02,2014,8/28/2014 0:00:00,02,Skitterygusset,Inner,mud,8/28/2014 11:15:00,partly cloudy,23.3,8.2,8.2,0,1,
2014_012_04,2014,8/28/2014 0:00:00,04,Mussel Cove,Mid,mud,8/28/2014 12:45:00,partly cloudy,21.6,8.2,33.01,0,1,
2014_012_08,2014,8/28/2014 0:00:00,08,Back Cove,Mid,mud/gravel,8/28/2014 13:30:00,partly cloudy,19.5,8.2,33.01,0,0,
2015_013_01,2015,6/12/2015 0:00:00,01,Presumpscot Moorings,Inner,,6/12/2015 11:21:00,overcast,19.1,14,3.66,0,0,
2015_013_03,2015,6/12/2015 0:00:00,03,Audubon,Inner,,6/12/2015 12:05:00,overcast,13.3,11.4,39.5,0,0,
2015_013_07,2015,6/12/2015 0:00:00,07,Mackworth Island - Beach,Mid,,6/12/2015 12:40:00,overcast,13.4,9.2,33.22,0,2,
2015_013_05,2015,6/12/2015 0:00:00,05,The Brothers - North,Mid,,6/12/2015 13:20:00,overcast,12.9,10.4,33.76,1,0,
2015_013_09,2015,6/12/2015 0:00:00,09,Great Diamond Island,Outer,,6/12/2015 14:00:00,partly cloudy,12.5,10.5,33.44,1,2,
2015_013_10,2015,6/12/2015 0:00:00,10,SMCC,Outer,,6/12/2015 14:40:00,sunny,12.2,10.8,33.76,1,2,
2015_013_11,2015,6/12/2015 0:00:00,11,Cushing Island,Outer,,6/12/2015 15:30:00,overcast,13.7,10.7,33.77,1,2,
2015_014_12,2015,6/17/2015 0:00:00,12,Alewife Cove,Outer,,6/17/2015 14:30:00,sunny,12.8,13.2,33.08,0,0,no catch
2015_014_08,2015,6/17/2015 0:00:00,08,Back Cove,Mid,,6/17/2015 15:40:00,sunny,14.8,11.4,33.2,0,0,
2015_014_02,2015,6/17/2015 0:00:00,02,Skitterygusset,Inner,,6/17/2015 16:20:00,sunny,15.2,9.9,28.29,0,0,
2015_014_06,2015,6/17/2015 0:00:00,06,Mackworth Island - North,Mid,,6/17/2015 17:00:00,sunny,15.2,11.8,33.65,1,3,
2015_014_04,2015,6/17/2015 0:00:00,04,Mussel Cove,Mid,,6/17/2015 17:35:00,sunny,19,12,34.46,0,2,
2015_015_05,2015,6/30/2015 0:00:00,05,The Brothers - North,Mid,,6/30/2015 12:15:00,sunny,16.5,9.5,30.5,0,0,
2015_015_07,2015,6/30/2015 0:00:00,07,Mackworth Island - Beach,Mid,,6/30/2015 12:45:00,sunny,16.2,9,28.24,0,1,
2015_015_01,2015,6/30/2015 0:00:00,01,Presumpscot Moorings,Inner,,6/30/2015 13:20:00,sunny,18.5,10.6,0.47,0,0,
2015_015_03,2015,6/30/2015 0:00:00,03,Audubon,Inner,,6/30/2015 13:55:00,sunny,18.2,9.1,8.24,0,0,
2015_015_09,2015,6/30/2015 0:00:00,09,Great Diamond Island,Outer,,6/30/2015 14:50:00,sunny,17.5,9.3,30.7,1,2,
2015_015_10,2015,6/30/2015 0:00:00,10,SMCC,Outer,,6/30/2015 15:25:00,sunny,16.3,10.8,30.26,0,1,
2015_016_02,2015,7/9/2015 0:00:00,02,Skitterygusset,Inner,,7/9/2015 11:25:00,sunny,16.4,7,30.48,0,1,
2015_016_08,2015,7/9/2015 0:00:00,08,Back Cove,Mid,,7/9/2015 12:00:00,overcast,15.7,7.2,32.45,0,0,no catch
2015_016_06,2015,7/9/2015 0:00:00,06,Mackworth Island - North,Mid,,7/9/2015 12:50:00,overcast,16.8,9.6,33,0,3,
2015_016_11,2015,7/9/2015 0:00:00,11,Cushing Island,Outer,,7/9/2015 15:00:00,overcast,13.3,11.2,33.76,0,0,
2015_017_04,2015,7/14/2015 0:00:00,04,Mussel Cove,Mid,,7/14/2015 12:50:00,foggy,18.4,8.5,33.3,0,2,
2015_017_05,2015,7/14/2015 0:00:00,05,The Brothers - North,Mid,,7/14/2015 13:20:00,sunny,18.2,10.1,33.68,1,0,no catch
2015_017_07,2015,7/14/2015 0:00:00,07,Mackworth Island - Beach,Mid,,7/14/2015 13:52:00,sunny,17,9.3,31.79,0,0,
2015_017_01,2015,7/14/2015 0:00:00,01,Presumpscot Moorings,Inner,,7/14/2015 14:30:00,overcast,24.6,8.2,1.46,0,0,
2015_017_03,2015,7/14/2015 0:00:00,03,Audubon,Inner,,7/14/2015 15:05:00,overcast,18.6,8.7,18.99,0,2,
2015_017_09,2015,7/14/2015 0:00:00,09,Great Diamond Island,Outer,,7/14/2015 15:50:00,sunny,16,9.7,33.41,0,1,
2015_018_11,2015,7/21/2015 0:00:00,11,Cushing Island,Outer,,7/21/2015 14:05:00,foggy,14.8,10.1,32.62,1,3,
2015_018_12,2015,7/21/2015 0:00:00,12,Alewife Cove,Outer,,7/21/2015 15:03:00,foggy,15.5,11.5,33.65,1,3,
2015_018_10,2015,7/21/2015 0:00:00,10,SMCC,Outer,,7/21/2015 16:00:00,foggy,17,11.2,31.67,1,3,
2015_018_04,2015,7/21/2015 0:00:00,04,Mussel Cove,Mid,,7/21/2015 16:35:00,foggy,19.5,9.9,33.26,0,2,
2015_018_06,2015,7/21/2015 0:00:00,06,Mackworth Island - North,Mid,,7/21/2015 17:30:00,foggy,17.9,11.7,33.06,1,1,
2015_018_02,2015,7/21/2015 0:00:00,02,Skitterygusset,Inner,,7/21/2015 18:05:00,foggy,22.1,9.3,18.28,0,0,
2015_018_08,2015,7/21/2015 0:00:00,08,Back Cove,Mid,,7/21/2015 18:45:00,foggy,17.1,10.1,32.04,0,0,
2015_019_05,2015,7/29/2015 0:00:00,05,The Brothers - North,Mid,,7/29/2015 14:36:00,sunny,19.1,9.3,32.17,0,0,
2015_019_07,2015,7/29/2015 0:00:00,07,Mackworth Island - Beach,Mid,,7/29/2015 15:00:00,sunny,19.3,9.2,31.17,0,0,
2015_019_01,2015,7/29/2015 0:00:00,01,Presumpscot Moorings,Inner,,7/29/2015 15:42:00,partly cloudy,23.9,8.4,2.75,0,0,
2015_019_03,2015,7/29/2015 0:00:00,03,Audubon,Inner,,7/29/2015 16:17:00,sunny,23,9.7,17.8,0,0,
2015_019_09,2015,7/29/2015 0:00:00,09,Great Diamond Island,Outer,,7/29/2015 17:00:00,sunny,17.2,9.8,33.31,0,0,
2015_019_10,2015,7/29/2015 0:00:00,10,SMCC,Outer,,7/29/2015 17:30:00,sunny,17,10.4,33.32,1,2,
2015_020_12,2015,8/5/2015 0:00:00,12,Alewife Cove,Outer,,8/5/2015 15:07:00,mostly sunny,15.3,9.5,34.23,1,2,
2015_020_11,2015,8/5/2015 0:00:00,11,Cushing Island,Outer,,8/5/2015 15:42:00,mostly sunny,16.6,10,32.79,1,2,
2015_020_04,2015,8/5/2015 0:00:00,04,Mussel Cove,Mid,,8/5/2015 16:41:00,mostly sunny,19.3,9.4,33.72,0,0,
2015_020_06,2015,8/5/2015 0:00:00,06,Mackworth Island - North,Mid,,8/5/2015 17:40:00,partly cloudy,17.4,9.9,33.8,1,2,
2015_020_02,2015,8/5/2015 0:00:00,02,Skitterygusset,Inner,,8/5/2015 18:07:00,partly cloudy,19.7,8.2,24.23,0,0,
2015_021_10,2015,8/13/2015 0:00:00,10,SMCC,Outer,,8/13/2015 13:59:00,sunny,16.7,8.5,32.52,1,1,
2015_021_09,2015,8/13/2015 0:00:00,09,Great Diamond Island,Outer,,8/13/2015 14:45:00,sunny,16.4,10,33.27,1,0,
2015_021_05,2015,8/13/2015 0:00:00,05,The Brothers - North,Mid,,8/13/2015 15:35:00,sunny,18.4,8.9,33.34,1,0,no catch
2015_021_07,2015,8/13/2015 0:00:00,07,Mackworth Island - Beach,Mid,,8/13/2015 16:08:00,sunny,17.6,8.6,33.44,0,3,
2015_021_01,2015,8/13/2015 0:00:00,01,Presumpscot Moorings,Inner,,8/13/2015 17:13:00,sunny,23.4,9,1.8,0,1,
2015_021_03,2015,8/13/2015 0:00:00,03,Audubon,Inner,,8/13/2015 18:00:00,sunny,22.3,8.5,7.8,0,1,
2015_022_12,2015,8/19/2015 0:00:00,12,Alewife Cove,Outer,,8/19/2015 12:21:00,foggy,17,8,34.42,0,1,
2015_022_11,2015,8/19/2015 0:00:00,11,Cushing Island,Outer,,8/19/2015 13:05:00,foggy,18.2,10.1,32.72,1,2,
2015_022_04,2015,8/19/2015 0:00:00,04,Mussel Cove,Mid,,8/19/2015 14:07:00,sunny,23.2,8.9,14.7,0,0,"very low tide, seine taken in about 1 ft of water"
2015_022_06,2015,8/19/2015 0:00:00,06,Mackworth Island - North,Mid,,8/19/2015 15:02:00,sunny,20.8,9.3,32.21,1,3,
2015_022_02,2015,8/19/2015 0:00:00,02,Skitterygusset,Inner,,8/19/2015 15:43:00,sunny,24.4,8.5,8.72,0,0,
2015_022_08,2015,8/19/2015 0:00:00,08,Back Cove,Mid,,8/19/2015 16:32:00,sunny,19.5,8.1,32.32,0,0,
2015_023_10,2015,8/25/2015 0:00:00,10,SMCC,Outer,,8/25/2015 12:45:00,,18.8,8.1,32.7,1,0,
2015_023_01,2015,8/25/2015 0:00:00,01,Presumpscot Moorings,Inner,,8/25/2015 13:20:00,rain,24,7.7,2.23,0,2,
2015_023_03,2015,8/25/2015 0:00:00,03,Audubon,Inner,,8/25/2015 13:45:00,,20.5,7.2,28.22,0,1,
2015_023_07,2015,8/25/2015 0:00:00,07,Mackworth Island - Beach,Mid,,8/25/2015 14:30:00,,21.2,7.8,22.7,1,2,
2015_023_05,2015,8/25/2015 0:00:00,05,The Brothers - North,Mid,,8/25/2015 15:05:00,,20.2,8.8,33.8,,,
2015_023_09,2015,8/25/2015 0:00:00,09,Great Diamond Island,Outer,,8/25/2015 15:55:00,rain,19.1,0,33.37,,,
2015_024_06,2015,9/1/2015 0:00:00,06,Mackworth Island - North,Mid,,,sunny,18.1,9.1,34.33,0,0,
2015_024_04,2015,9/1/2015 0:00:00,04,Mussel Cove,Mid,,,,19.9,9.8,34.48,,,
2015_024_12,2015,9/1/2015 0:00:00,12,Alewife Cove,Outer,,,,16.5,8.5,34.46,,,"A lot of sandlances schooling, but none captured"
2015_024_11,2015,9/1/2015 0:00:00,11,Cushing Island,Outer,,,sunny,17.7,9.7,34.09,1,1,
2015_024_02,2015,9/1/2015 0:00:00,02,Skitterygusset,Inner,,,,19.9,8.8,27.89,,,
2015_024_08,2015,9/1/2015 0:00:00,08,Back Cove,Mid,,,,18.3,8.7,33.54,,,no catch
2015_025_10,2015,9/10/2015 0:00:00,10,SMCC,Outer,,9/10/2015 13:40:00,overcast,17.6,8.4,33.35,0,0,
2015_025_09,2015,9/10/2015 0:00:00,09,Great Diamond Island,Outer,,9/10/2015 14:40:00,overcast,16.5,8.3,34.39,1,1,
2015_025_03,2015,9/10/2015 0:00:00,03,Audubon,Inner,,9/10/2015 15:20:00,overcast,18.5,8,32.42,1,2,
2015_025_01,2015,9/10/2015 0:00:00,01,Presumpscot Moorings,Inner,,9/10/2015 16:00:00,overcast,21.1,6.6,22.49,0,3,
2015_025_07,2015,9/10/2015 0:00:00,07,Mackworth Island - Beach,Mid,,9/10/2015 16:50:00,overcast,19,1.4,29.94,,,
2015_025_05,2015,9/10/2015 0:00:00,05,The Brothers - North,Mid,,9/10/2015 17:40:00,overcast,19.5,9.4,34.5,,,
2015_026_12,2015,9/16/2015 0:00:00,12,Alewife Cove,Outer,,9/16/2015 13:30:00,sunny,16.3,,,,,
2015_026_11,2015,9/16/2015 0:00:00,11,Cushing Island,Outer,,9/16/2015 14:35:00,sunny,,,,0,1,
2015_026_02,2015,9/16/2015 0:00:00,02,Skitterygusset,Inner,,9/16/2015 15:10:00,sunny,,,,,,
2015_026_08,2015,9/16/2015 0:00:00,08,Back Cove,Mid,,9/16/2015 15:55:00,sunny,,,,1,1,
2015_026_06,2015,9/16/2015 0:00:00,06,Mackworth Island - North,Mid,,9/16/2015 16:40:00,sunny,,,,,,
2015_026_04,2015,9/16/2015 0:00:00,04,Mussel Cove,Mid,,9/16/2015 17:21:00,sunny,,,,,,
2015_027_09,2015,9/24/2015 0:00:00,09,Great Diamond Island,Outer,,,sunny,17.4,12,34.74,1,0,
2015_027_07,2015,9/24/2015 0:00:00,07,Mackworth Island - Beach,Mid,,,sunny,16.9,10.4,31.1,0,3,
2015_027_03,2015,9/24/2015 0:00:00,03,Audubon,Inner,,,sunny,17.5,10.2,29.57,0,1,
2015_027_01,2015,9/24/2015 0:00:00,01,Presumpscot Moorings,Inner,,9/24/2015 10:30:00,partly cloudy,18.6,9.4,11.4,0,1,
2015_027_10,2015,9/24/2015 0:00:00,10,SMCC,Outer,,,overcast,16.3,9.7,33.71,,,
2015_027_05,2015,9/24/2015 0:00:00,05,The Brothers - North,Mid,,,sunny,17.7,12,34.86,,,
2016_028_01,2016,6/16/2016 0:00:00,01,Presumpscot Moorings,Inner,gravel,6/16/2016 14:00:00,sunny,20,11.4,2.7,,,
2016_028_03,2016,6/16/2016 0:00:00,03,Audubon,Inner,sand,6/16/2016 14:40:00,sunny,17.7,10.7,14.8,,,
2016_028_06,2016,6/16/2016 0:00:00,06,Mackworth Island - North,Mid,sand,6/16/2016 15:15:00,sunny,15.5,11,30.96,,,
2016_028_04,2016,6/16/2016 0:00:00,04,Mussel Cove,Mid,mud,6/16/2016 15:55:00,sunny,17.3,11.6,30.87,,2,
2016_028_09,2016,6/16/2016 0:00:00,09,Great Diamond Island,Outer,sand,6/16/2016 16:39:00,sunny,15,12,30.64,,,
2016_028_11,2016,6/16/2016 0:00:00,11,Cushing Island,Outer,sand,6/16/2016 17:00:00,sunny,15.4,11.5,30.7,,,
2016_029_07,2016,6/24/2016 0:00:00,07,Mackworth Island - Beach,Mid,sand/shell,,sunny,18.4,12.9,26.52,,3,
2016_029_12,2016,6/24/2016 0:00:00,12,Alewife Cove,Outer,sand,6/24/2016 13:55:00,sunny,12.8,10.3,30.21,,1,lots of sandlance too small for mesh
2016_029_10,2016,6/24/2016 0:00:00,10,SMCC,Outer,sand,6/24/2016 14:35:00,sunny,15,10.1,29.97,,,no catch
2016_029_05,2016,6/24/2016 0:00:00,05,The Brothers - North,Mid,gravel/shell,6/24/2016 15:25:00,sunny,16.5,12.6,31.13,,,
2016_029_02,2016,6/24/2016 0:00:00,02,Skitterygusset,Inner,,6/24/2016 16:50:00,sunny,19.4,11.7,23.03,,2,grass
2016_029_08,2016,6/24/2016 0:00:00,08,Back Cove,Mid,,6/24/2016 17:50:00,sunny,16.3,11,29.85,,,
2016_030_01,2016,6/30/2016 0:00:00,01,Presumpscot Moorings,Inner,sand/gravel,6/30/2016 13:40:00,sunny,,,,,,Ysi dead
2016_030_03,2016,6/30/2016 0:00:00,03,Audubon,Inner,sand,6/30/2016 14:20:00,windy,,,,0,2,YSI batteries dead; collected sed texture sample
2016_030_06,2016,6/30/2016 0:00:00,06,Mackworth Island - North,Mid,sand/shell,6/30/2016 15:00:00,sunny,18.6,10.7,29.9,,,site has lots of rockweed
2016_030_04,2016,6/30/2016 0:00:00,04,Mussel Cove,Mid,mud,6/30/2016 15:40:00,sunny,25,11.7,30.8,0,0,no catch
2016_030_09,2016,6/30/2016 0:00:00,09,Great Diamond Island,Outer,mud/sand,6/30/2016 16:30:00,sunny,19,12.5,30.35,,3,
2016_030_11,2016,6/30/2016 0:00:00,11,Cushing Island,Outer,mud/sand,6/30/2016 17:00:00,sunny,17,14.3,31.28,1,1,eelgrass
2016_031_02,2016,7/13/2016 0:00:00,02,Skitterygusset,Inner,,7/13/2016 13:30:00,sunny,19,8.2,26.58,0,1,"many sturgeon jumping, mussels"
2016_031_08,2016,7/13/2016 0:00:00,08,Back Cove,Mid,,7/13/2016 14:15:00,sunny,20,8.7,29.86,0,0,"lots of mud snails, some mussels found"
2016_031_07,2016,7/13/2016 0:00:00,07,Mackworth Island - Beach,Mid,,7/13/2016 15:00:00,sunny,21.7,9.4,21.09,,,
2016_031_05,2016,7/13/2016 0:00:00,05,The Brothers - North,Mid,,7/13/2016 15:50:00,sunny,18.8,11,31.46,1,2,
2016_031_12,2016,7/13/2016 0:00:00,12,Alewife Cove,Outer,,7/13/2016 17:00:00,sunny,16,11.8,31.5,1,1,
2016_031_10,2016,7/13/2016 0:00:00,10,SMCC,Outer,,7/13/2016 18:00:00,sunny,19,13.2,30.49,1,2,
2016_032_09,2016,7/19/2016 0:00:00,09,Great Diamond Island,Outer,sand/gravel,7/19/2016 12:10:00,sunny,18.6,9.3,27.01,1,3,
2016_032_06,2016,7/19/2016 0:00:00,06,Mackworth Island - North,Mid,mud/gravel,7/19/2016 12:35:00,sunny,18.8,10.2,30.36,1,3,
2016_032_03,2016,7/19/2016 0:00:00,03,Audubon,Inner,sand,7/19/2016 13:00:00,sunny,20.2,9.1,22.96,0,3,
2016_032_01,2016,7/19/2016 0:00:00,01,Presumpscot Moorings,Inner,gravel,7/19/2016 13:37:00,sunny,25.6,9.7,3.8,,2,
2016_032_04,2016,7/19/2016 0:00:00,04,Mussel Cove,Mid,mud,7/19/2016 14:25:00,sunny,21.5,9.8,31.33,1,2,
2016_032_11,2016,7/19/2016 0:00:00,11,Cushing Island,Outer,sand,7/19/2016 14:55:00,sunny,17.9,10.6,31.29,1,2,
2016_033_12,2016,7/20/2016 0:00:00,12,Alewife Cove,Outer,,,,16,9.8,31.5,,,no catch
2016_033_10,2016,7/20/2016 0:00:00,10,SMCC,Outer,,,,17.6,10.3,30.7,1,,no catch
2016_033_02,2016,7/20/2016 0:00:00,02,Skitterygusset,Inner,,,,19.4,8.6,23.88,,,no catch
2016_033_07,2016,7/20/2016 0:00:00,07,Mackworth Island - Beach,Mid,,7/20/2016 15:25:00,,19,9,28.55,,,
2016_033_05,2016,7/20/2016 0:00:00,05,The Brothers - North,Mid,,7/20/2016 15:50:00,,24.7,9.4,27.55,,,
2016_033_08,2016,7/20/2016 0:00:00,08,Back Cove,Mid,,7/20/2016 17:00:00,,18.5,26.5,30.84,,,no catch
2016_034_09,2016,7/26/2016 0:00:00,09,Great Diamond Island,Outer,mud/gravel,7/26/2016 13:13:00,sunny,18.6,12.7,31.03,,3,no catch; scattered grass in set area
2016_034_11,2016,7/26/2016 0:00:00,11,Cushing Island,Outer,,7/26/2016 14:00:00,sunny,16.8,12.6,31.83,,3,
2016_034_06,2016,7/26/2016 0:00:00,06,Mackworth Island - North,Mid,mud/shell,7/26/2016 15:30:00,sunny,22.1,13.7,30.89,,3,set area included large patch of eelgrass
2016_034_04,2016,7/26/2016 0:00:00,04,Mussel Cove,Mid,mud,7/26/2016 16:20:00,sunny,24.8,10.9,31.71,,3,rising tide
2016_034_03,2016,7/26/2016 0:00:00,03,Audubon,Inner,mud/sand,7/26/2016 17:10:00,sunny,22,9.4,23.15,,3,
2016_034_01,2016,7/26/2016 0:00:00,01,Presumpscot Moorings,Inner,mud/gravel,7/26/2016 17:35:00,sunny,25.3,9.5,6.45,,2,
2016_035_12,2016,8/2/2016 0:00:00,12,Alewife Cove,Outer,,8/2/2016 12:40:00,overcast,16.2,8.9,31.55,,,no catch
2016_035_10,2016,8/2/2016 0:00:00,10,SMCC,Outer,sand/gravel,8/2/2016 13:20:00,overcast,17.1,9.5,30.38,,,
2016_035_09,2016,8/2/2016 0:00:00,09,Great Diamond Island,Outer,sand/gravel,8/2/2016 13:50:00,sunny,17.9,9.2,29.81,,,
2016_035_07,2016,8/2/2016 0:00:00,07,Mackworth Island - Beach,Mid,sand/shell,8/2/2016 14:30:00,sunny,17.8,9.2,30.92,,,
2016_035_02,2016,8/2/2016 0:00:00,02,Skitterygusset,Inner,,8/2/2016 14:50:00,sunny,19,8.5,20.92,,,
2016_035_08,2016,8/2/2016 0:00:00,08,Back Cove,Mid,gravel,8/2/2016 15:20:00,sunny,18.8,9.6,30.55,,,
2016_036_01,2016,8/11/2016 0:00:00,01,Presumpscot Moorings,Inner,,8/11/2016 12:45:00,foggy,23.2,8.5,3.83,,2,
2016_036_03,2016,8/11/2016 0:00:00,03,Audubon,Inner,,8/11/2016 13:15:00,foggy,22.4,7.9,9.38,,3,
2016_036_06,2016,8/11/2016 0:00:00,06,Mackworth Island - North,Mid,,8/11/2016 14:00:00,sunny,18.2,9.5,31.62,1,3,
2016_036_05,2016,8/11/2016 0:00:00,05,The Brothers - North,Mid,,8/11/2016 14:30:00,sunny,19.1,8.6,31.66,1,2,
2016_036_04,2016,8/11/2016 0:00:00,04,Mussel Cove,Mid,,8/11/2016 15:00:00,sunny,24.5,11.9,31.7,1,3,
2016_036_11,2016,8/11/2016 0:00:00,11,Cushing Island,Outer,sand,8/11/2016 17:10:00,sunny,21.3,11.6,31.87,1,3,
2016_037_02,2016,8/18/2016 0:00:00,02,Skitterygusset,Inner,mud,8/18/2016 12:30:00,overcast,21.6,8.2,13.4,,,
2016_037_08,2016,8/18/2016 0:00:00,08,Back Cove,Mid,gravel,8/18/2016 13:15:00,sunny,18.7,7.9,30.79,,0,
2016_037_09,2016,8/18/2016 0:00:00,09,Great Diamond Island,Outer,mud/sand,8/18/2016 14:00:00,sunny,18.5,9.7,30.81,1,1,
2016_037_10,2016,8/18/2016 0:00:00,10,SMCC,Outer,sand,8/18/2016 14:30:00,overcast,18.3,9.1,30.91,0,1,
2016_037_07,2016,8/18/2016 0:00:00,07,Mackworth Island - Beach,Mid,sand/shell,8/18/2016 15:00:00,sunny,19.4,8.5,30.8,1,2,
2016_037_12,2016,8/18/2016 0:00:00,12,Alewife Cove,Outer,sand/gravel,8/18/2016 17:00:00,sunny,17.3,9.9,31.68,0,0,
2016_038_11,2016,9/2/2016 0:00:00,11,Cushing Island,Outer,,9/2/2016 12:50:00,sunny,16.9,9.3,30.51,1,2,
2016_038_04,2016,9/2/2016 0:00:00,04,Mussel Cove,Mid,,9/2/2016 13:30:00,sunny,19.3,7.8,31.94,,,
2016_038_06,2016,9/2/2016 0:00:00,06,Mackworth Island - North,Mid,,9/2/2016 14:30:00,sunny,18.8,9,31.67,,,
2016_038_03,2016,9/2/2016 0:00:00,03,Audubon,Inner,,9/2/2016 15:15:00,sunny,19.5,7.9,24.7,,2,
2016_038_01,2016,9/2/2016 0:00:00,01,Presumpscot Moorings,Inner,,9/2/2016 15:35:00,sunny,21.7,8.7,11.3,,,
2016_039_10,2016,9/7/2016 0:00:00,10,SMCC,Outer,,9/7/2016 13:10:00,foggy,17.5,8.11,31.02,,2,
2016_039_09,2016,9/7/2016 0:00:00,09,Great Diamond Island,Outer,,9/7/2016 13:50:00,foggy,18,8.8,31.58,,2,
2016_039_07,2016,9/7/2016 0:00:00,07,Mackworth Island - Beach,Mid,,9/7/2016 15:00:00,foggy,,,,,2,
2016_039_02,2016,9/7/2016 0:00:00,02,Skitterygusset,Inner,,9/7/2016 15:45:00,foggy,19.7,8.3,19.23,,,
2016_039_08,2016,9/7/2016 0:00:00,08,Back Cove,Mid,,9/7/2016 16:35:00,,18.5,7.5,29.97,,,
2016_039_12,2016,9/7/2016 0:00:00,12,Alewife Cove,Outer,,,,,,,,,
2017_040_02,2017,6/22/2017 0:00:00,02,Skitterygusset,Inner,,6/22/2017 14:45:00,,,,,,1,
2017_040_06,2017,6/22/2017 0:00:00,06,Mackworth Island - North,Mid,,6/22/2017 15:45:00,,15,13.5,26.78,,,
2017_040_04,2017,6/22/2017 0:00:00,04,Mussel Cove,Mid,,6/22/2017 16:30:00,sunny,16.3,12.3,29.59,,3,
2017_040_09,2017,6/22/2017 0:00:00,09,Great Diamond Island,Outer,,6/22/2017 17:25:00,sunny,13.7,12.4,29.55,,3,
2017_040_11,2017,6/22/2017 0:00:00,11,Cushing Island,Outer,,6/22/2017 18:07:00,sunny,12.6,12.7,30.16,1,2,
2017_040_10,2017,6/22/2017 0:00:00,10,SMCC,Outer,,6/22/2017 18:39:00,sunny,,,,1,2,
2017_041_12,2017,6/27/2017 0:00:00,12,Alewife Cove,Outer,,6/27/2017 15:00:00,overcast,13.3,11.8,29.51,0,0,
2017_041_05,2017,6/27/2017 0:00:00,05,The Brothers - North,Mid,,6/27/2017 16:00:00,overcast,15.4,11.9,30.41,0,0,
2017_041_07,2017,6/27/2017 0:00:00,07,Mackworth Island - Beach,Mid,,6/27/2017 16:40:00,overcast,14.5,12.3,29.35,,,
2017_041_01,2017,6/27/2017 0:00:00,01,Presumpscot Moorings,Inner,,6/27/2017 17:30:00,overcast,23,8.8,1.41,0,0,
2017_041_03,2017,6/27/2017 0:00:00,03,Audubon,Inner,,6/27/2017 17:45:00,overcast,15.5,10.8,28.14,0,1,
2017_042_10,2017,7/6/2017 0:00:00,10,SMCC,Outer,,7/6/2017 10:22:00,sunny,14.1,12.5,30.31,1,2,
2017_042_02,2017,7/6/2017 0:00:00,02,Skitterygusset,Inner,,7/6/2017 15:07:00,sunny,18,9,22.95,0,1,
2017_042_04,2017,7/6/2017 0:00:00,04,Mussel Cove,Mid,,7/6/2017 16:05:00,sunny,16.6,10.6,30.95,0,2,
2017_042_09,2017,7/6/2017 0:00:00,09,Great Diamond Island,Outer,,7/6/2017 17:00:00,sunny,16,14.5,29.37,1,1,
2017_042_11,2017,7/6/2017 0:00:00,11,Cushing Island,Outer,,7/6/2017 17:20:00,sunny,16.3,12.3,30.21,1,2,
2017_043_12,2017,7/12/2017 0:00:00,12,Alewife Cove,Outer,,7/12/2017 10:45:00,sunny,21.1,10,25.69,,,
2017_043_01,2017,7/12/2017 0:00:00,01,Presumpscot Moorings,Inner,,7/12/2017 11:30:00,sunny,28.1,9,1.43,0,1,
2017_043_03,2017,7/12/2017 0:00:00,03,Audubon,Inner,,7/12/2017 12:00:00,sunny,27,8.6,19.73,,,
2017_043_08,2017,7/12/2017 0:00:00,08,Back Cove,Mid,,7/12/2017 12:40:00,sunny,25.4,8.6,24.41,0,0,
2017_043_06,2017,7/12/2017 0:00:00,06,Mackworth Island - North,Mid,,7/12/2017 13:05:00,sunny,26,8.6,26.37,1,0,
2017_043_07,2017,7/12/2017 0:00:00,07,Mackworth Island - Beach,Mid,,7/12/2017 13:25:00,sunny,18.1,10.5,29.58,,,
2017_044_02,2017,7/18/2017 0:00:00,02,Skitterygusset,Inner,,7/18/2017 15:15:00,sunny,20.7,8,13.55,,,
2017_044_06,2017,7/18/2017 0:00:00,06,Mackworth Island - North,Mid,,7/18/2017 15:45:00,sunny,20.8,12,27.91,1,2,
2017_044_04,2017,7/18/2017 0:00:00,04,Mussel Cove,Mid,,7/18/2017 16:25:00,sunny,22.6,10.1,30.44,1,3,
2017_044_09,2017,7/18/2017 0:00:00,09,Great Diamond Island,Outer,,7/18/2017 17:15:00,sunny,20.2,12.2,29.29,1,3,
2017_044_11,2017,7/18/2017 0:00:00,11,Cushing Island,Outer,,7/18/2017 18:00:00,sunny,18.9,13.8,29.79,1,1,
2017_044_10,2017,7/18/2017 0:00:00,10,SMCC,Outer,,7/18/2017 18:30:00,sunny,19.1,10.9,27.67,1,1,
2017_045_12,2017,7/26/2017 0:00:00,12,Alewife Cove,Outer,,7/26/2017 13:30:00,sunny,15.4,14.2,30.23,0,0,
2017_045_07,2017,7/26/2017 0:00:00,07,Mackworth Island - Beach,Mid,,7/26/2017 14:20:00,sunny,25,5.7,13.44,1,2,
2017_045_03,2017,7/26/2017 0:00:00,03,Audubon,Inner,,7/26/2017 15:15:00,sunny,21.4,9.3,17.53,0,2,
2017_045_01,2017,7/26/2017 0:00:00,01,Presumpscot Moorings,Inner,,7/26/2017 15:55:00,sunny,24.2,10.3,0.3,0,0,
2017_045_05,2017,7/26/2017 0:00:00,05,The Brothers - North,Mid,,7/26/2017 16:44:00,sunny,16.2,11.1,30.16,1,1,
2017_045_08,2017,7/26/2017 0:00:00,08,Back Cove,Mid,,7/26/2017 17:10:00,sunny,17.4,11,28.83,0,0,
2017_046_02,2017,8/2/2017 0:00:00,02,Skitterygusset,Inner,,8/2/2017 13:00:00,sunny,19.3,8.4,22.82,0,0,
2017_046_06,2017,8/2/2017 0:00:00,06,Mackworth Island - North,Mid,,8/2/2017 13:45:00,sunny,19,10,26.75,0,1,
2017_046_04,2017,8/2/2017 0:00:00,04,Mussel Cove,Mid,,8/2/2017 14:15:00,sunny,20.6,8.9,30.45,0,0,
2017_046_09,2017,8/2/2017 0:00:00,09,Great Diamond Island,Outer,,8/2/2017 14:40:00,sunny,18.3,9.9,29.82,0,3,
2017_046_11,2017,8/2/2017 0:00:00,11,Cushing Island,Outer,,8/2/2017 15:05:00,sunny,17,10,29.57,1,2,
2017_046_10,2017,8/2/2017 0:00:00,10,SMCC,Outer,,8/2/2017 15:30:00,sunny,18.5,10.6,28.45,1,3,
2017_047_12,2017,8/11/2017 0:00:00,12,Alewife Cove,Outer,,8/11/2017 13:15:00,sunny,15.2,10.9,30.64,1,1,
2017_047_03,2017,8/11/2017 0:00:00,03,Audubon,Inner,,8/11/2017 14:00:00,sunny,23.2,7.6,7.55,0,3,
2017_047_01,2017,8/11/2017 0:00:00,01,Presumpscot Moorings,Inner,,8/11/2017 14:35:00,sunny,23.9,9.1,0.51,0,3,tide too low to access site-set closer to dock
2017_047_07,2017,8/11/2017 0:00:00,07,Mackworth Island - Beach,Mid,,8/11/2017 15:40:00,sunny,21.2,11.4,23.39,0,3,
2017_047_08,2017,8/11/2017 0:00:00,08,Back Cove,Mid,,8/11/2017 16:20:00,sunny,18.1,9.4,29.35,0,0,
2017_048_10,2017,8/25/2017 0:00:00,10,SMCC,Outer,,8/25/2017 13:00:00,sunny,16.8,11,29.47,1,2,
2017_048_11,2017,8/25/2017 0:00:00,11,Cushing Island,Outer,,8/25/2017 13:40:00,sunny,16.3,11.3,29.75,1,1,
2017_048_09,2017,8/25/2017 0:00:00,09,Great Diamond Island,Outer,,8/25/2017 10:30:00,partly cloudy,16.8,11,29.47,0,2,
2017_048_04,2017,8/25/2017 0:00:00,04,Mussel Cove,Mid,,8/25/2017 15:04:00,partly cloudy,20.2,6.2,30.85,,,
2017_048_06,2017,8/25/2017 0:00:00,06,Mackworth Island - North,Mid,,8/25/2017 15:40:00,overcast,17.9,10.8,30.29,0,1,
2017_048_02,2017,8/25/2017 0:00:00,02,Skitterygusset,Inner,,8/25/2017 16:15:00,sunny,18.8,8.1,24.63,0,0,
2017_049_08,2017,9/15/2017 0:00:00,08,Back Cove,Mid,,9/15/2017 13:23:00,overcast,15.8,9,30.05,,,
2017_049_03,2017,9/15/2017 0:00:00,03,Audubon,Inner,,9/15/2017 14:10:00,overcast,18,8.9,16.01,0,1,
2017_049_07,2017,9/15/2017 0:00:00,07,Mackworth Island - Beach,Mid,,9/15/2017 14:39:00,overcast,17.2,9.3,23.81,,,
2017_049_01,2017,9/15/2017 0:00:00,01,Presumpscot Moorings,Inner,,9/15/2017 14:50:00,overcast,20.3,9.5,3.04,0,1,
2017_049_05,2017,9/15/2017 0:00:00,05,The Brothers - North,Mid,,9/15/2017 15:07:00,overcast,17,10.1,31.2,0,1,
2017_049_12,2017,9/15/2017 0:00:00,12,Alewife Cove,Outer,,9/15/2017 15:55:00,overcast,15.3,11.6,31.35,0,0,
2018_050_03,2018,6/15/2018 0:00:00,03,Audubon,Inner,,6/15/2018 15:15:00,sunny,15.7,8.9,20.67,0,1,
2018_050_01,2018,6/15/2018 0:00:00,01,Presumpscot Moorings,Inner,,6/15/2018 14:41:00,overcast,17.4,8.4,11,0,0,
2018_050_09,2018,6/15/2018 0:00:00,09,Great Diamond Island,Outer,,6/15/2018 17:10:00,sunny,15.9,9.5,29.32,0,0,
2018_050_11,2018,6/15/2018 0:00:00,11,Cushing Island,Outer,,6/15/2018 17:35:00,sunny,13.6,10.3,29.97,1,1,
2018_050_06,2018,6/15/2018 0:00:00,06,Mackworth Island - North,Mid,,6/15/2018 16:13:00,sunny,15.9,10.6,29.76,0,0,
2018_050_04,2018,6/15/2018 0:00:00,04,Mussel Cove,Mid,,6/15/2018 16:45:00,sunny,16.2,9.1,29.89,0,0,
2018_051_10,2018,6/27/2018 0:00:00,10,SMCC,Outer,,6/27/2018 17:10:00,sunny,14.8,9.9,29.85,0,0,
2018_051_06,2018,6/27/2018 0:00:00,06,Mackworth Island - North,Mid,,6/27/2018 16:30:00,sunny,15.3,9.6,29.48,1,0,
2018_051_02,2018,6/27/2018 0:00:00,02,Skitterygusset,Inner,,6/27/2018 15:40:00,sunny,18,9.1,23.21,0,0,
2018_051_08,2018,6/27/2018 0:00:00,08,Back Cove,Mid,,6/27/2018 15:00:00,sunny,16.9,7.5,29.64,0,0,
2018_051_12,2018,6/27/2018 0:00:00,12,Alewife Cove,Outer,,6/27/2018 14:05:00,sunny,13.4,9.8,30.3,0,0,
2018_052_10,2018,7/11/2018 0:00:00,10,SMCC,Outer,,7/11/2018 17:50:00,sunny,17.2,9.8,29.4,1,1,
2018_052_07,2018,7/11/2018 0:00:00,07,Mackworth Island - Beach,Mid,,7/11/2018 17:15:00,sunny,18.9,8.1,28.22,0,3,
2018_052_03,2018,7/11/2018 0:00:00,03,Audubon,Inner,,7/11/2018 16:40:00,sunny,22.1,7.2,19.53,0,1,
2018_052_01,2018,7/11/2018 0:00:00,01,Presumpscot Moorings,Inner,,7/11/2018 16:05:00,sunny,25.2,6.8,4.54,0,0,
2018_052_06,2018,7/11/2018 0:00:00,06,Mackworth Island - North,Mid,,7/11/2018 15:30:00,sunny,18.9,9,30.04,1,1,
2018_052_04,2018,7/11/2018 0:00:00,04,Mussel Cove,Mid,,7/11/2018 14:45:00,sunny,19.2,8,30.43,0,0,
2018_052_09,2018,7/11/2018 0:00:00,09,Great Diamond Island,Outer,,7/11/2018 14:15:00,sunny,17.2,8.8,28.95,0,1,
2020_053_10,2020,6/24/2020 0:00:00,10,SMCC,Outer,,6/24/2020 13:50:00,foggy,16.6,,,1,1,
2020_053_11,2020,6/24/2020 0:00:00,11,Cushing Island,Outer,,6/24/2020 14:15:00,foggy,15.8,,,1,1,
2020_053_09,2020,6/24/2020 0:00:00,09,Great Diamond Island,Outer,,6/24/2020 14:51:00,foggy,18,,,1,2,
2020_053_05,2020,6/24/2020 0:00:00,05,The Brothers - North,Mid,,6/24/2020 11:15:00,foggy,18,,,,,
2020_053_01,2020,6/24/2020 0:00:00,01,Presumpscot Moorings,Inner,,6/24/2020 15:45:00,foggy,22.7,,,,,
2020_053_08,2020,6/24/2020 0:00:00,08,Back Cove,Mid,,6/24/2020 16:30:00,foggy,17.3,,,,,
2020_054_12,2020,6/25/2020 0:00:00,12,Alewife Cove,Outer,,6/25/2020 14:10:00,sunny,14.6,,,0,1,
2020_054_04,2020,6/25/2020 0:00:00,04,Mussel Cove,Mid,,6/25/2020 15:15:00,sunny,20.8,,,,1,
2020_054_06,2020,6/25/2020 0:00:00,06,Mackworth Island - North,Mid,,6/25/2020 16:00:00,sunny,18.4,,,,,
2020_054_07,2020,6/25/2020 0:00:00,07,Mackworth Island - Beach,Mid,,6/25/2020 16:15:00,,19.4,,,,2,
2020_054_03,2020,6/25/2020 0:00:00,03,Audubon,Inner,,6/25/2020 16:40:00,sunny,20.9,,,,,
2020_054_02,2020,6/25/2020 0:00:00,02,Skitterygusset,Inner,,6/25/2020 17:00:00,sunny,20.2,,,,,
2020_055_06,2020,7/6/2020 0:00:00,06,Mackworth Island - North,Mid,,7/6/2020 15:30:00,sunny,21.2,,,1,1,
2020_055_04,2020,7/6/2020 0:00:00,04,Mussel Cove,Mid,,7/6/2020 16:50:00,sunny,19.2,,,0,0,
2020_055_08,2020,7/6/2020 0:00:00,08,Back Cove,Mid,,7/6/2020 18:00:00,sunny,20,,,0,0,
2020_056_12,2020,7/7/2020 0:00:00,12,Alewife Cove,Outer,,7/7/2020 13:25:00,overcast,16.4,,,,,
2020_056_10,2020,7/7/2020 0:00:00,10,SMCC,Outer,,7/7/2020 14:15:00,overcast,18.2,,,1,,
2020_056_03,2020,7/7/2020 0:00:00,03,Audubon,Inner,,7/7/2020 15:10:00,overcast,20.6,,,0,1,
2020_056_01,2020,7/7/2020 0:00:00,01,Presumpscot Moorings,Inner,,7/7/2020 16:00:00,overcast,,,,0,1,
2020_057_11,2020,7/9/2020 0:00:00,11,Cushing Island,Outer,,7/9/2020 15:20:00,foggy,19.3,,,,,
2020_057_06,2020,7/9/2020 0:00:00,06,Mackworth Island - North,Mid,,7/9/2020 16:35:00,sunny,22.9,,,,,
2020_057_09,2020,7/9/2020 0:00:00,09,Great Diamond Island,Outer,,7/9/2020 17:13:00,sunny,23.6,,,,,
2020_057_02,2020,7/9/2020 0:00:00,02,Skitterygusset,Inner,,7/9/2020 17:55:00,sunny,22,,,,,
2020_058_04,2020,7/21/2020 0:00:00,04,Mussel Cove,Mid,,7/21/2020 13:45:00,,22.4,,,,,
2020_058_06,2020,7/21/2020 0:00:00,06,Mackworth Island - North,Mid,,7/21/2020 14:21:00,,,,,,,
2020_058_08,2020,7/21/2020 0:00:00,08,Back Cove,Mid,,7/21/2020 14:54:00,,21.2,,,,,
2020_058_01,2020,7/21/2020 0:00:00,01,Presumpscot Moorings,Inner,,7/21/2020 15:27:00,,26.6,,,,,
2020_058_03,2020,7/21/2020 0:00:00,03,Audubon,Inner,,7/21/2020 16:00:00,,22.5,,,,,
2020_058_09,2020,7/21/2020 0:00:00,09,Great Diamond Island,Outer,,7/21/2020 16:40:00,,19.3,,,,,
2020_059_12,2020,7/22/2020 0:00:00,12,Alewife Cove,Outer,,7/22/2020 14:10:00,,20.6,,,,,
2020_059_11,2020,7/22/2020 0:00:00,11,Cushing Island,Outer,,7/22/2020 14:55:00,,22,,,,,
2020_059_07,2020,7/22/2020 0:00:00,07,Mackworth Island - Beach,Mid,,7/22/2020 15:28:00,,24.4,,,,,
2020_059_02,2020,7/22/2020 0:00:00,02,Skitterygusset,Inner,,7/22/2020 16:03:00,,24,,,,,
2020_059_05,2020,7/22/2020 0:00:00,05,The Brothers - North,Mid,,7/22/2020 16:35:00,,21.4,,,,,
2020_059_10,2020,7/22/2020 0:00:00,10,SMCC,Outer,,7/22/2020 17:02:00,,20.9,,,,,
2020_060_10,2020,8/6/2020 0:00:00,10,SMCC,Outer,,8/6/2020 14:44:00,,21.7,,,,,
2020_060_11,2020,8/6/2020 0:00:00,11,Cushing Island,Outer,,8/6/2020 15:20:00,,20.4,,,,,
2020_060_07,2020,8/6/2020 0:00:00,07,Mackworth Island - Beach,Mid,,8/6/2020 16:03:00,,22.9,,,,,
2020_060_03,2020,8/6/2020 0:00:00,03,Audubon,Inner,,8/6/2020 16:41:00,,24.8,,,,,
2020_060_01,2020,8/6/2020 0:00:00,01,Presumpscot Moorings,Inner,,8/6/2020 17:20:00,,29.9,,,,,
2020_060_02,2020,8/6/2020 0:00:00,02,Skitterygusset,Inner,,8/6/2020 17:29:00,,26.3,,,,,
2020_061_12,2020,8/7/2020 0:00:00,12,Alewife Cove,Outer,,8/7/2020 14:12:00,,18.2,,,,,
2020_061_04,2020,8/7/2020 0:00:00,04,Mussel Cove,Mid,,8/7/2020 15:20:00,,,,,,,
2020_061_05,2020,8/7/2020 0:00:00,05,The Brothers - North,Mid,,8/7/2020 16:04:00,,,,,,,
2020_061_06,2020,8/7/2020 0:00:00,06,Mackworth Island - North,Mid,,8/7/2020 16:14:00,,,,,,,
2020_061_09,2020,8/7/2020 0:00:00,09,Great Diamond Island,Outer,,8/7/2020 16:36:00,,18.7,,,,,
2020_061_08,2020,8/7/2020 0:00:00,08,Back Cove,Mid,,8/7/2020 17:00:00,,,,,,,
2020_062_11,2020,8/19/2020 0:00:00,11,Cushing Island,Outer,,8/19/2020 12:30:00,,18.6,,,,,
2020_062_07,2020,8/19/2020 0:00:00,07,Mackworth Island - Beach,Mid,,8/19/2020 13:29:00,,19.2,,,,,
2020_062_05,2020,8/19/2020 0:00:00,05,The Brothers - North,Mid,,8/19/2020 13:39:00,,19.7,,,,,
2020_062_01,2020,8/19/2020 0:00:00,01,Presumpscot Moorings,Inner,,8/19/2020 14:15:00,,23.6,,,,,
2020_062_02,2020,8/19/2020 0:00:00,02,Skitterygusset,Inner,,8/19/2020 14:41:00,,22.2,,,,,
2020_062_08,2020,8/19/2020 0:00:00,08,Back Cove,Mid,,8/19/2020 15:14:00,,20.4,,,,,
2020_063_12,2020,8/20/2020 0:00:00,12,Alewife Cove,Outer,,8/20/2020 13:26:00,,18.1,,,,,
2020_063_10,2020,8/20/2020 0:00:00,10,SMCC,Outer,,8/20/2020 14:02:00,,19.5,,,,,
2020_063_03,2020,8/20/2020 0:00:00,03,Audubon,Inner,,8/20/2020 14:33:00,,19.6,,,,,
2020_063_06,2020,8/20/2020 0:00:00,06,Mackworth Island - North,Mid,,8/20/2020 15:05:00,,20,,,,,
2020_063_04,2020,8/20/2020 0:00:00,04,Mussel Cove,Mid,,8/20/2020 15:36:00,,20.5,,,,,
2020_063_09,2020,8/20/2020 0:00:00,09,Great Diamond Island,Outer,,8/20/2020 16:09:00,,19.5,,,,,
2020_064_07,2020,9/3/2020 0:00:00,07,Mackworth Island - Beach,Mid,,9/3/2020 13:50:00,,18.8,,,,,
2020_064_03,2020,9/3/2020 0:00:00,03,Audubon,Inner,,9/3/2020 10:30:00,,19.1,,,,,
2020_064_01,2020,9/3/2020 0:00:00,01,Presumpscot Moorings,Inner,,9/3/2020 11:00:00,,20,,,,,
2020_064_02,2020,9/3/2020 0:00:00,02,Skitterygusset,Inner,,9/3/2020 15:24:00,,19,,,,,
2020_064_04,2020,9/3/2020 0:00:00,04,Mussel Cove,Mid,,9/3/2020 15:44:00,,19.6,,,,,
2020_064_05,2020,9/3/2020 0:00:00,05,The Brothers - North,Mid,,9/3/2020 16:15:00,,19,,,,,
2020_065_12,2020,9/4/2020 0:00:00,12,Alewife Cove,Outer,,9/4/2020 15:30:00,sunny,17,,,,,
2020_065_11,2020,9/4/2020 0:00:00,11,Cushing Island,Outer,,9/4/2020 16:00:00,,18.5,,,,,
2020_065_10,2020,9/4/2020 0:00:00,10,SMCC,Outer,,9/4/2020 16:30:00,,17.4,,,,,
2020_065_08,2020,9/4/2020 0:00:00,08,Back Cove,Mid,,9/4/2020 5:10:00,,,,,,,
2020_065_06,2020,9/4/2020 0:00:00,06,Mackworth Island - North,Mid,,9/4/2020 6:15:00,,,,,,,
2020_065_09,2020,9/4/2020 0:00:00,09,Great Diamond Island,Outer,,9/4/2020 6:45:00,,,,,,,
2021_066_11,2021,6/10/2021 0:00:00,11,Cushing Island,Outer,,6/10/2021 14:55:00,sunny,,,,1,1,
2021_066_10,2021,6/10/2021 0:00:00,10,SMCC,Outer,,6/10/2021 15:25:00,sunny,,,,1,0,
2021_066_09,2021,6/10/2021 0:00:00,09,Great Diamond Island,Outer,,6/10/2021 15:53:00,sunny,,,,0,0,
2021_066_04,2021,6/10/2021 0:00:00,04,Mussel Cove,Mid,,6/10/2021 16:22:00,sunny,,,,0,1,
2021_066_05,2021,6/10/2021 0:00:00,05,The Brothers - North,Mid,,6/10/2021 16:41:00,sunny,,,,,,
2021_066_06,2021,6/10/2021 0:00:00,06,Mackworth Island - North,Mid,,6/10/2021 17:09:00,sunny,,,,,,
2021_067_12,2021,6/17/2021 0:00:00,12,Alewife Cove,Outer,,6/17/2021 13:51:00,sunny,15.4,16.1,27.08,0,2,
2021_067_03,2021,6/17/2021 0:00:00,03,Audubon,Inner,,6/17/2021 15:14:00,sunny,16.6,9.6,15.74,0,3,
2021_067_02,2021,6/17/2021 0:00:00,02,Skitterygusset,Inner,,6/17/2021 15:54:00,sunny,21.4,6.2,6.06,0,0,
2021_067_01,2021,6/17/2021 0:00:00,01,Presumpscot Moorings,Inner,,6/17/2021 16:08:00,sunny,21.3,12.5,2.42,1,0,
2021_067_07,2021,6/17/2021 0:00:00,07,Mackworth Island - Beach,Mid,,6/17/2021 17:24:00,sunny,21,15,20,1,1,
2021_067_08,2021,6/17/2021 0:00:00,08,Back Cove,Mid,,6/17/2021 18:00:00,sunny,20.5,12,27.79,1,1,
2021_068_03,2021,6/25/2021 0:00:00,03,Audubon,Inner,,6/25/2021 14:20:00,sunny,16,12,24.99,1,,
2021_068_01,2021,6/25/2021 0:00:00,01,Presumpscot Moorings,Inner,,6/25/2021 14:58:00,sunny,21.3,7.6,3.7,,,
2021_068_02,2021,6/25/2021 0:00:00,02,Skitterygusset,Inner,,6/25/2021 15:25:00,sunny,18.2,9.2,13.22,,,
2021_068_07,2021,6/25/2021 0:00:00,07,Mackworth Island - Beach,Mid,,6/25/2021 16:04:00,sunny,15.7,7.7,26.8,1,1,
2021_068_08,2021,6/25/2021 0:00:00,08,Back Cove,Mid,,6/25/2021 16:40:00,sunny,,,,,,
2021_068_10,2021,6/25/2021 0:00:00,10,SMCC,Outer,,6/25/2021 17:17:00,sunny,15.6,7.9,28,0,0,
2021_069_12,2021,6/30/2021 0:00:00,12,Alewife Cove,Outer,,6/30/2021 13:52:00,overcast,14.7,8,29.05,0,1,
2021_069_11,2021,6/30/2021 0:00:00,11,Cushing Island,Outer,,6/30/2021 14:33:00,overcast,16.7,15.3,28.84,1,2,
2021_069_05,2021,6/30/2021 0:00:00,05,The Brothers - North,Mid,,6/30/2021 15:03:00,overcast,22.7,17.3,28.89,1,1,
2021_069_06,2021,6/30/2021 0:00:00,06,Mackworth Island - North,Mid,,6/30/2021 15:52:00,sunny,18.8,14.1,29.08,1,1,
2021_069_09,2021,6/30/2021 0:00:00,09,Great Diamond Island,Outer,,6/30/2021 16:35:00,sunny,19.6,19.4,30.1,1,3,
2021_069_04,2021,6/30/2021 0:00:00,04,Mussel Cove,Mid,,6/30/2021 17:08:00,sunny,23.8,10.1,29.35,,,
2021_070_10,2021,7/7/2021 0:00:00,10,SMCC,Outer,,7/7/2021 13:36:00,sunny,18.2,14.6,27.78,1,1,
2021_070_08,2021,7/7/2021 0:00:00,08,Back Cove,Mid,,7/7/2021 14:19:00,sunny,17.8,13.1,23.4,0,0,
2021_070_07,2021,7/7/2021 0:00:00,07,Mackworth Island - Beach,Mid,,7/7/2021 14:48:00,sunny,18.9,12.6,25.88,0,0,
2021_070_03,2021,7/7/2021 0:00:00,03,Audubon,Inner,,7/7/2021 15:21:00,sunny,21.6,11.1,11.21,0,1,
2021_070_01,2021,7/7/2021 0:00:00,01,Presumpscot Moorings,Inner,,7/7/2021 15:52:00,sunny,21.5,8.1,10.45,0,1,
2021_070_02,2021,7/7/2021 0:00:00,02,Skitterygusset,Inner,,7/7/2021 16:18:00,sunny,23.6,13,12.66,0,0,
2021_071_12,2021,7/13/2021 0:00:00,12,Alewife Cove,Outer,,7/13/2021 14:03:00,overcast,16.4,7.3,25.01,0,1,
2021_071_11,2021,7/13/2021 0:00:00,11,Cushing Island,Outer,,7/13/2021 14:42:00,overcast,17.2,12,26.84,1,1,
2021_071_09,2021,7/13/2021 0:00:00,09,Great Diamond Island,Outer,,7/13/2021 15:16:00,overcast,17.8,13.3,26.24,0,1,
2021_071_06,2021,7/13/2021 0:00:00,06,Mackworth Island - North,Mid,,7/13/2021 15:45:00,overcast,18.4,10.2,26.62,1,1,
2021_071_05,2021,7/13/2021 0:00:00,05,The Brothers - North,Mid,,7/13/2021 16:25:00,overcast,18,10.3,28.46,0,0,
2021_071_04,2021,7/13/2021 0:00:00,04,Mussel Cove,Mid,,7/13/2021 17:03:00,overcast,17.8,9.9,26.66,0,0,
2021_072_10,2021,7/23/2021 0:00:00,10,SMCC,Outer,,7/23/2021 13:20:00,sunny,18.3,13.2,25.22,0,0,
2021_072_08,2021,7/23/2021 0:00:00,08,Back Cove,Mid,,7/23/2021 14:09:00,sunny,19.4,13.9,23.46,0,1,
2021_072_07,2021,7/23/2021 0:00:00,07,Mackworth Island - Beach,Mid,,7/23/2021 14:39:00,sunny,19.8,15.1,26.45,0,1,
2021_072_02,2021,7/23/2021 0:00:00,02,Skitterygusset,Inner,,7/23/2021 15:22:00,sunny,21.4,14.5,11.68,0,0,
2021_072_01,2021,7/23/2021 0:00:00,01,Presumpscot Moorings,Inner,,7/23/2021 16:04:00,sunny,24.9,15.4,9.15,0,0,
2021_072_03,2021,7/23/2021 0:00:00,03,Audubon,Inner,,7/23/2021 16:42:00,sunny,22,15.5,11.68,0,0,
2021_073_12,2021,7/28/2021 0:00:00,12,Alewife Cove,Outer,,7/28/2021 14:05:00,overcast,17,10.8,27.41,0,1,
2021_073_11,2021,7/28/2021 0:00:00,11,Cushing Island,Outer,,7/28/2021 14:32:00,overcast,18.5,11.8,28.39,0,2,
2021_073_09,2021,7/28/2021 0:00:00,09,Great Diamond Island,Outer,,7/28/2021 15:12:00,overcast,18.3,8,28.17,1,1,
2021_073_05,2021,7/28/2021 0:00:00,05,The Brothers - North,Mid,,7/28/2021 15:32:00,overcast,20.5,8.5,28.28,0,1,
2021_073_06,2021,7/28/2021 0:00:00,06,Mackworth Island - North,Mid,,7/28/2021 16:25:00,overcast,21.7,10.3,27.85,0,0,
2021_073_04,2021,7/28/2021 0:00:00,04,Mussel Cove,Mid,,7/28/2021 16:42:00,overcast,23.4,7.2,27.88,0,1,
2021_074_07,2021,8/6/2021 0:00:00,07,Mackworth Island - Beach,Mid,,8/6/2021 13:37:00,sunny,18.3,7.3,26.92,0,1,
2021_074_03,2021,8/6/2021 0:00:00,03,Audubon,Inner,,8/6/2021 14:20:00,sunny,18.9,5.7,19.27,0,1,
2021_074_01,2021,8/6/2021 0:00:00,01,Presumpscot Moorings,Inner,,8/6/2021 15:00:00,sunny,21.3,7.5,7.83,0,0,
2021_074_02,2021,8/6/2021 0:00:00,02,Skitterygusset,Inner,,8/6/2021 15:29:00,sunny,18.5,10.4,24.31,0,0,
2021_074_08,2021,8/6/2021 0:00:00,08,Back Cove,Mid,,8/6/2021 16:10:00,sunny,18.3,9.1,27.3,0,0,
2021_074_10,2021,8/6/2021 0:00:00,10,SMCC,Outer,,8/6/2021 16:56:00,sunny,17.9,12.3,27.62,0,1,
2021_075_12,2021,8/11/2021 0:00:00,12,Alewife Cove,Outer,,8/11/2021 14:37:00,sunny,18.4,25.4,28.53,0,0,
2021_075_11,2021,8/11/2021 0:00:00,11,Cushing Island,Outer,,8/11/2021 15:11:00,sunny,19.3,17.3,28.14,1,1,
2021_075_09,2021,8/11/2021 0:00:00,09,Great Diamond Island,Outer,,8/11/2021 15:43:00,sunny,20,16.1,27.63,0,0,
2021_075_06,2021,8/11/2021 0:00:00,06,Mackworth Island - North,Mid,,8/11/2021 16:04:00,sunny,20,13,27.92,1,1,
2021_075_05,2021,8/11/2021 0:00:00,05,The Brothers - North,Mid,,8/11/2021 16:24:00,sunny,20.2,12.3,27.23,1,1,
2021_075_04,2021,8/11/2021 0:00:00,04,Mussel Cove,Mid,,8/11/2021 16:53:00,sunny,21,15.4,28.07,0,1,
2021_076_02,2021,8/16/2021 0:00:00,02,Skitterygusset,Inner,,8/16/2021 13:54:00,overcast,22.1,5.8,17.12,0,3,
2021_076_10,2021,8/16/2021 0:00:00,10,SMCC,Outer,,8/16/2021 15:34:00,overcast,21.8,11.6,27.6,0,3,
2021_077_08,2021,8/20/2021 0:00:00,08,Back Cove,Mid,,8/20/2021 13:45:00,overcast,19.7,7,27.36,0,0,
2021_077_07,2021,8/20/2021 0:00:00,07,Mackworth Island - Beach,Mid,,8/20/2021 14:22:00,overcast,19.1,6.9,28.2,0,1,
2021_077_03,2021,8/20/2021 0:00:00,03,Audubon,Inner,,8/20/2021 15:12:00,overcast,21.2,6.5,19.5,0,1,
2021_077_01,2021,8/20/2021 0:00:00,01,Presumpscot Moorings,Inner,,8/20/2021 15:53:00,overcast,21.8,11.1,17.67,0,0,
2021_077_04,2021,8/20/2021 0:00:00,04,Mussel Cove,Mid,,8/20/2021 16:39:00,overcast,22.1,0.9,27.78,1,1,
2021_077_05,2021,8/20/2021 0:00:00,05,The Brothers - North,Mid,,8/20/2021 17:15:00,overcast,21.6,7.3,28.4,1,1,
2021_078_12,2021,8/24/2021 0:00:00,12,Alewife Cove,Outer,,8/24/2021 13:33:00,sunny,18.2,9.2,28.35,0,1,
2021_078_11,2021,8/24/2021 0:00:00,11,Cushing Island,Outer,,8/24/2021 14:05:00,sunny,20.1,12.3,27.32,1,1,
2021_078_09,2021,8/24/2021 0:00:00,09,Great Diamond Island,Outer,,8/24/2021 14:37:00,sunny,19.8,7.4,27.47,0,0,
2021_078_06,2021,8/24/2021 0:00:00,06,Mackworth Island - North,Mid,,8/24/2021 15:00:00,sunny,20.5,14,28.5,0,0,
2018_102_12,2018,7/25/2018 0:00:00,12,Alewife Cove,Outer,sand/gravel,7/25/2018 14:40:00,foggy,16.7,10.1,30.6,0,0,
2018_102_11,2018,7/25/2018 0:00:00,11,Cushing Island,Outer,sand/gravel,7/25/2018 15:10:00,foggy,16.6,7.5,30.55,1,1,
2018_102_08,2018,7/25/2018 0:00:00,08,Back Cove,Mid,mud,7/25/2018 15:45:00,overcast,20.2,8.2,27.7,0,0,
2018_102_02,2018,7/25/2018 0:00:00,02,Skitterygusset,Inner,mud,7/25/2018 16:15:00,overcast,19.7,7.8,25.3,,,
2018_102_05,2018,7/25/2018 0:00:00,05,The Brothers - North,Mid,gravel,7/25/2018 17:05:00,sunny,18.5,9.4,30.01,1,,
2018_102_07,2018,7/25/2018 0:00:00,07,Mackworth Island - Beach,Mid,sand/gravel,7/25/2018 17:45:00,overcast,20.5,7.8,29.91,,2,
2018_103_10,2018,8/10/2018 0:00:00,10,SMCC,Outer,sand/gravel,8/10/2018 13:50:00,sunny,18.5,9.1,28.75,0,0,
2018_103_09,2018,8/10/2018 0:00:00,09,Great Diamond Island,Outer,sand/gravel,8/10/2018 14:15:00,sunny,16.8,8.6,30.18,1,0,
2018_103_04,2018,8/10/2018 0:00:00,04,Mussel Cove,Mid,mud,8/10/2018 15:00:00,sunny,21.1,9.3,30.3,0,0,
2018_103_06,2018,8/10/2018 0:00:00,06,Mackworth Island - North,Mid,sand/gravel,8/10/2018 15:40:00,sunny,20,10.6,29.86,0,2,
2018_103_01,2018,8/10/2018 0:00:00,01,Presumpscot Moorings,Inner,mud,8/10/2018 16:15:00,sunny,22,8.4,22.49,0,0,
2018_103_03,2018,8/10/2018 0:00:00,03,Audubon,Inner,sand,8/10/2018 16:30:00,sunny,22,8,19.57,0,1,
2018_104_07,2018,8/21/2018 0:00:00,07,Mackworth Island - Beach,Mid,sand,,,22.1,8.6,21.21,1,,
2018_104_05,2018,8/21/2018 0:00:00,05,The Brothers - North,Mid,gravel,,,28.2,7.5,26.96,0,1,
2018_104_11,2018,8/21/2018 0:00:00,11,Cushing Island,Outer,sand/gravel,,,20.7,10.3,30.23,1,3,
2018_104_02,2018,8/21/2018 0:00:00,02,Skitterygusset,Inner,mud,,,22.8,7.6,11.51,0,0,
2018_105_01,2018,9/7/2018 0:00:00,01,Presumpscot Moorings,Inner,mud,9/7/2018 13:30:00,sunny,20.4,7.7,23.92,0,0,
2018_105_03,2018,9/7/2018 0:00:00,03,Audubon,Inner,sand,9/7/2018 14:00:00,sunny,19.8,7.3,16.03,,,
2018_105_06,2018,9/7/2018 0:00:00,06,Mackworth Island - North,Mid,sand/gravel,9/7/2018 14:20:00,sunny,18.6,7.3,30.44,1,1,
2018_105_04,2018,9/7/2018 0:00:00,04,Mussel Cove,Mid,mud,9/7/2018 14:50:00,sunny,19.7,14.6,31.02,1,0,
2018_105_10,2018,9/7/2018 0:00:00,10,SMCC,Outer,sand/gravel,9/7/2018 15:40:00,sunny,18.7,8.2,30.16,1,2,
2018_105_09,2018,9/7/2018 0:00:00,09,Great Diamond Island,Outer,sand/gravel,,sunny,18.6,8.2,30.47,1,1,
2018_105_08,2018,8/21/2018 0:00:00,08,Back Cove,Mid,mud,,sunny,19.7,24.1,28.86,0,2,
2019_106_06,2019,6/12/2019 0:00:00,06,Mackworth Island - North,Mid,sand/gravel,6/12/2019 12:05:00,sunny,13.2,8.1,19.54,0,0,
2019_106_02,2019,6/12/2019 0:00:00,02,Skitterygusset,Inner,mud,6/12/2019 12:30:00,sunny,12.6,9.4,23.5,,,
2019_106_05,2019,6/12/2019 0:00:00,05,The Brothers - North,Mid,gravel,6/12/2019 13:05:00,sunny,13.3,9.8,28.67,0,1,
2019_106_08,2019,6/12/2019 0:00:00,08,Back Cove,Mid,mud,6/12/2019 13:40:00,sunny,12.1,11.9,27.82,,,
2019_106_09,2019,6/12/2019 0:00:00,09,Great Diamond Island,Outer,sand/gravel,6/12/2019 14:05:00,sunny,13.5,9.7,26.61,1,1,"site assumed, not indicated on sheet"
2019_106_10,2019,6/12/2019 0:00:00,10,SMCC,Outer,sand/gravel,6/12/2019 14:30:00,sunny,14.5,10,21.22,1,1,
2019_107_12,2019,7/2/2019 0:00:00,12,Alewife Cove,Outer,sand/gravel,7/2/2019 15:00:00,sunny,15.4,10.5,28.75,1,0,
2019_107_11,2019,7/2/2019 0:00:00,11,Cushing Island,Outer,sand/gravel,7/2/2019 16:05:00,sunny,13.2,11.2,27.28,,,
2019_107_01,2019,7/2/2019 0:00:00,01,Presumpscot Moorings,Inner,mud,7/2/2019 16:45:00,sunny,20.7,7.5,6.07,,1,bad set
2019_107_03,2019,7/2/2019 0:00:00,03,Audubon,Inner,sand,7/2/2019 17:15:00,sunny,22,8.9,8.45,,1,
2019_107_04,2019,7/2/2019 0:00:00,04,Mussel Cove,Mid,mud,7/2/2019 17:45:00,sunny,17.8,10.4,28.92,1,1,
2019_107_07,2019,7/2/2019 0:00:00,07,Mackworth Island - Beach,Mid,sand,7/2/2019 18:15:00,sunny,19,10.4,28.73,1,1,
2022_079_11,2022,6/1/2022 0:00:00,11,Cushing Island,Outer,sand,6/1/2022 13:30:00,overcast,12.06,,32.76,1,1,
2022_079_10,2022,6/1/2022 0:00:00,10,SMCC,Outer,sand/gravel,6/1/2022 14:02:00,overcast,12.07,,32.83,1,1,
2022_079_05,2022,6/1/2022 0:00:00,05,The Brothers - North,Mid,gravel,6/1/2022 14:37:00,partly cloudy,13.68,,32.99,0,0,
2022_079_06,2022,6/1/2022 0:00:00,06,Mackworth Island - North,Mid,sand/gravel,6/1/2022 15:06:00,partly cloudy,13.85,,32.86,1,1,
2022_079_03,2022,6/1/2022 0:00:00,03,Audubon,Inner,sand,6/1/2022 15:36:00,partly cloudy,14,,28.47,0,0,
2022_080_12,2022,6/14/2022 0:00:00,12,Alewife Cove,Outer,sand/gravel,6/14/2022 13:53:00,sunny,13.9,,33.3,0,0,
2022_080_02,2022,6/14/2022 0:00:00,02,Skitterygusset,Inner,mud,6/14/2022 15:03:00,overcast,15.5,,30.3,0,0,
2022_080_01,2022,6/14/2022 0:00:00,01,Presumpscot Moorings,Inner,mud,6/14/2022 15:45:00,partly cloudy,20.3,,4.68,0,0,"had to go the left of the usual site, dock was in the way"
2022_080_04,2022,6/14/2022 0:00:00,04,Mussel Cove,Mid,mud,6/14/2022 16:32:00,sunny,16.2,,32.91,0,1,
2022_080_07,2022,6/14/2022 0:00:00,07,Mackworth Island - Beach,Mid,sand,6/14/2022 17:15:00,sunny,16.5,,32.28,0,1,
2022_080_08,2022,6/14/2022 0:00:00,08,Back Cove,Mid,mud,6/14/2022 18:00:00,sunny,15.6,,31.89,1,0,tide going out rapidly
2022_081_03,2022,6/21/2022 0:00:00,03,Audubon,Inner,sand,6/21/2022 14:00:00,partly cloudy,15.2,,29.74,0,1,"tide moving too fast, seine set was flipped"
2022_081_09,2022,6/21/2022 0:00:00,09,Great Diamond Island,Outer,sand/gravel,6/21/2022 14:49:00,partly cloudy,14.3,,32.9,1,3,"the in eDNA sample was not collected, forgot due to challenging set"
2022_081_11,2022,6/21/2022 0:00:00,11,Cushing Island,Outer,sand,6/21/2022 15:27:00,partly cloudy,13.2,,33.4,1,2,a lot of macroalgae
2022_081_10,2022,6/21/2022 0:00:00,10,SMCC,Outer,sand/gravel,6/21/2022 16:22:00,sunny,14.7,,32.2,1,3,
2022_082_06,2022,6/23/2022 0:00:00,06,Mackworth Island - North,Mid,sand/gravel,6/23/2022 13:25:00,overcast,15.5,,32.6,0,1,had to do two net sets
2022_082_05,2022,6/23/2022 0:00:00,05,The Brothers - North,Mid,gravel,6/23/2022 14:16:00,overcast,14.78,,30.93,0,1,
2022_082_04,2022,6/23/2022 0:00:00,04,Mussel Cove,Mid,mud,6/23/2022 14:53:00,partly cloudy,15.9,,33.16,0,1,had to hand haul the net
2022_083_03,2022,6/27/2022 0:00:00,03,Audubon,Inner,sand,6/27/2022 13:49:00,rain,17.54,,29.76,0,1,
2022_083_02,2022,6/27/2022 0:00:00,02,Skitterygusset,Inner,mud,6/27/2022 14:17:00,rain,18.08,,28.31,0,0,"net snagged, probably released most of catch"
2022_083_01,2022,6/27/2022 0:00:00,01,Presumpscot Moorings,Inner,mud,6/27/2022 14:49:00,rain,18.92,,26.27,0,0,
2022_083_07,2022,6/27/2022 0:00:00,07,Mackworth Island - Beach,Mid,sand,6/27/2022 15:20:00,rain,15.98,,32.37,0,1,pouring rain!
2022_083_08,2022,6/27/2022 0:00:00,08,Back Cove,Mid,mud,6/27/2022 15:57:00,overcast,16.3,,28.02,0,0,
2022_084_10,2022,6/30/2022 0:00:00,10,SMCC,Outer,sand/gravel,6/30/2022 14:24:00,sunny,16.5,,31.86,1,0,
2022_084_11,2022,6/30/2022 0:00:00,11,Cushing Island,Outer,sand,6/30/2022 15:02:00,sunny,15.4,,32.95,0,1,
2022_084_12,2022,6/30/2022 0:00:00,12,Alewife Cove,Outer,sand/gravel,6/30/2022 15:40:00,sunny,14.6,,33.62,0,0,"good set, no fish"
2022_085_09,2022,7/8/2022 0:00:00,09,Great Diamond Island,Outer,sand/gravel,7/8/2022 12:23:00,partly cloudy,15.813,,33.39,1,1,
2022_085_05,2022,7/8/2022 0:00:00,05,The Brothers - North,Mid,gravel,7/8/2022 13:02:00,partly cloudy,15.02,,33.78,1,0,squid!
2022_085_06,2022,7/8/2022 0:00:00,06,Mackworth Island - North,Mid,sand/gravel,7/8/2022 13:36:00,sunny,15.18,,33.76,0,0,"no fish, nothing in seine"
2022_085_03,2022,7/8/2022 0:00:00,03,Audubon,Inner,sand,7/8/2022 14:18:00,sunny,18.23,,30.42,0,1,"surface (in) sample only filtered 900mL, filter too clogged"
2022_086_04,2022,7/12/2022 0:00:00,04,Mussel Cove,Mid,mud,7/12/2022 13:28:00,partly cloudy,15.6,,33.78,0,1,
2022_086_07,2022,7/12/2022 0:00:00,07,Mackworth Island - Beach,Mid,sand,7/12/2022 14:18:00,partly cloudy,15.6,,33.38,0,1,
2022_086_03,2022,7/12/2022 0:00:00,03,Audubon,Inner,sand,7/12/2022 15:00:00,partly cloudy,16.57,,31.73,0,1,a lot of little silversides swam through seine net holes
2022_086_02,2022,7/12/2022 0:00:00,02,Skitterygusset,Inner,mud,7/12/2022 15:30:00,partly cloudy,17.11,,31.05,0,0,"first set, bottom of ledge caught net, no fish, did a second set after the Presumpscot site - no other data was collected at second visit, just the fish in seine"
2022_086_01,2022,7/12/2022 0:00:00,01,Presumpscot Moorings,Inner,mud,7/12/2022 15:38:00,windy,19.21,,23.41,0,0,
2022_087_12,2022,7/19/2022 0:00:00,12,Alewife Cove,Outer,sand/gravel,7/19/2022 17:28:00,sunny,14.11,,34.08,0,0,eDNA sample cooler packed with ice
2022_087_11,2022,7/19/2022 0:00:00,11,Cushing Island,Outer,sand,7/19/2022 18:07:00,sunny,15.68,,33.68,1,0,"tons of macroalgae, eDNA sample cooler packed with ice"
2022_087_10,2022,7/19/2022 0:00:00,10,SMCC,Outer,sand/gravel,7/19/2022 18:46:00,sunny,16.83,,33.44,1,0,"did seine first, then sonde and plankton. eDNA sample cooler packed with ice"
2022_087_09,2022,7/19/2022 0:00:00,09,Great Diamond Island,Outer,sand/gravel,7/19/2022 19:15:00,sunny,18.53,,32.8,1,1,eDNA sample cooler packed with ice
2022_088_05,2022,7/20/2022 0:00:00,05,The Brothers - North,Mid,gravel,7/20/2022 17:47:00,overcast,19.72,,33.59,,1,eDNA sample cooler packed with ice
2022_088_06,2022,7/20/2022 0:00:00,06,Mackworth Island - North,Mid,sand/gravel,7/20/2022 18:21:00,overcast,16.51,,33.77,1,1,eDNA sample cooler packed with ice
2022_088_03,2022,7/20/2022 0:00:00,03,Audubon,Inner,sand,7/20/2022 18:56:00,rain,19.12,,30.54,0,1,eDNA sample cooler packed with ice
2022_088_08,2022,7/20/2022 0:00:00,08,Back Cove,Mid,mud,7/20/2022 19:47:00,overcast,17.2,,33.07,0,0,"no fish, eDNA sample cooler packed with ice"
2022_089_04,2022,7/25/2022 0:00:00,04,Mussel Cove,Mid,mud,7/25/2022 13:46:00,rain,17.32,,33.61,1,1,many silversides escape net
2022_089_05,2022,7/25/2022 0:00:00,05,The Brothers - North,Mid,gravel,7/25/2022 14:25:00,not recorded,16.23,,33.95,0,0,
2022_089_06,2022,7/25/2022 0:00:00,06,Mackworth Island - North,Mid,sand/gravel,7/25/2022 14:54:00,not recorded,15.79,,33.98,,,
2022_089_08,2022,7/25/2022 0:00:00,08,Back Cove,Mid,mud,7/25/2022 15:51:00,not recorded,17.92,,33.37,0,0,
2022_089_10,2022,7/25/2022 0:00:00,10,SMCC,Outer,sand/gravel,7/25/2022 16:32:00,not recorded,16.18,,33.79,1,0,
2022_090_07,2022,7/26/2022 0:00:00,07,Mackworth Island - Beach,Mid,sand,7/26/2022 14:42:00,partly cloudy,17.7,,33.26,0,1,quahog bay intern day
2022_090_03,2022,7/26/2022 0:00:00,03,Audubon,Inner,sand,7/26/2022 15:21:00,partly cloudy,17.88,,32.01,0,1,"quahog bay intern day, a lot of silversides escaping net, huge schools"
2022_091_12,2022,8/3/2022 0:00:00,12,Alewife Cove,Outer,sand/gravel,8/3/2022 13:40:00,mostly sunny,15.93,,34.08,1,1,many sandlance escaped
2022_091_11,2022,8/3/2022 0:00:00,11,Cushing Island,Outer,sand,8/3/2022 14:31:00,mostly sunny,16.45,,33.68,1,0,"a lot of macroalge, a lot left in seine"
2022_091_09,2022,8/3/2022 0:00:00,09,Great Diamond Island,Outer,sand/gravel,8/3/2022 15:25:00,partly cloudy,17.54,,33.68,1,2,
2022_091_03,2022,8/3/2022 0:00:00,03,Audubon,Inner,sand,8/3/2022 16:06:00,partly cloudy,21.43,,26,0,2,"caught alewife, on dry ice"
2022_092_02,2022,8/4/2022 0:00:00,02,Skitterygusset,Inner,mud,8/4/2022 12:00:00,sunny,21.74,,24.29,0,0,"tide moving too fast, no fish, had to walk in seine net"
2022_092_01,2022,8/4/2022 0:00:00,01,Presumpscot Moorings,Inner,mud,8/4/2022 12:42:00,sunny,20.9,,28.24,0,1,"not normal site, set on the point"
2022_093_04,2022,8/8/2022 0:00:00,04,Mussel Cove,Mid,mud,8/8/2022 13:50:00,partly cloudy,20.78,,33.84,,1,little silversides escaping from net as pulling in
2022_093_03,2022,8/8/2022 0:00:00,03,Audubon,Inner,sand,8/8/2022 14:32:00,sunny,19.76,,31.77,0,1,
2022_093_02,2022,8/8/2022 0:00:00,02,Skitterygusset,Inner,mud,8/8/2022 15:08:00,partly cloudy,21.15,,29.69,0,0,
2022_093_01,2022,8/8/2022 0:00:00,01,Presumpscot Moorings,Inner,mud,8/8/2022 15:48:00,partly cloudy,20.82,,29.99,0,0,done at edge of river bank
2022_094_08,2022,8/10/2022 0:00:00,08,Back Cove,Mid,mud,8/10/2022 13:33:00,overcast,19.17,,32.74,0,0,
2022_094_07,2022,8/10/2022 0:00:00,07,Mackworth Island - Beach,Mid,sand,8/10/2022 14:19:00,overcast,20.64,,33.55,0,1,a little to the right of the regular site
2022_094_06,2022,8/10/2022 0:00:00,06,Mackworth Island - North,Mid,sand/gravel,8/10/2022 14:54:00,overcast,20.67,,33.83,1,2,large horseshoe crab present
2022_094_09,2022,8/10/2022 0:00:00,09,Great Diamond Island,Outer,sand/gravel,8/10/2022 15:38:00,overcast,18.65,,33.62,1,1,
2022_095_12,2022,8/15/2022 0:00:00,12,Alewife Cove,Outer,sand/gravel,8/15/2022 13:45:00,mostly sunny,17.07,,34,0,1,many silversides escaping net
2022_095_11,2022,8/15/2022 0:00:00,11,Cushing Island,Outer,sand,8/15/2022 14:46:00,mostly sunny,17.99,,33.66,1,2,
2022_095_10,2022,8/15/2022 0:00:00,10,SMCC,Outer,sand/gravel,8/15/2022 15:27:00,mostly sunny,18.3,,33.28,1,1,"dogs at beach, lots of seaweed"
2022_095_05,2022,8/15/2022 0:00:00,05,The Brothers - North,Mid,gravel,8/15/2022 16:15:00,mostly sunny,18.76,,33.97,,,
2022_096_10,2022,8/19/2022 0:00:00,10,SMCC,Outer,sand/gravel,8/19/2022 16:35:00,sunny,19.74,,32.88,,1,dogs and people at beach and in water
2022_096_09,2022,8/19/2022 0:00:00,09,Great Diamond Island,Outer,sand/gravel,8/19/2022 17:15:00,mostly sunny,18.9,,33.21,1,2,some people at beach
2022_096_01,2022,8/19/2022 0:00:00,01,Presumpscot Moorings,Inner,mud,8/19/2022 18:18:00,mostly sunny,19.95,,27.74,0,0,"bad set, net did not get a chance to open up, mummichog outside of net"
2022_096_03,2022,8/19/2022 0:00:00,03,Audubon,Inner,sand,8/19/2022 18:52:00,mostly sunny,19.73,,30.14,1,1,
2022_097_04,2022,8/25/2022 0:00:00,04,Mussel Cove,Mid,mud,8/25/2022 16:38:00,mostly sunny,20.99,,33.86,0,1,
2022_097_02,2022,8/25/2022 0:00:00,02,Skitterygusset,Inner,mud,8/25/2022 17:45:00,mostly sunny,21.61,,25.27,0,1,
2022_097_07,2022,8/25/2022 0:00:00,07,Mackworth Island - Beach,Mid,sand,8/25/2022 18:45:00,mostly sunny,22.18,,29.32,1,3,"plankton tow not collected, tide too low; several people at beach, in water"
2022_098_12,2022,8/29/2022 0:00:00,12,Alewife Cove,Outer,sand/gravel,8/29/2022 13:40:00,mostly sunny,17.18,,33.92,1,0,several hundred sanlance were swimming out of net
2022_098_11,2022,8/29/2022 0:00:00,11,Cushing Island,Outer,sand,8/29/2022 14:39:00,mostly sunny,17.78,,33.59,1,1,"seals and ducks close to boat during water collecting, heavy macroalgae"
2022_098_05,2022,8/29/2022 0:00:00,05,The Brothers - North,Mid,gravel,8/29/2022 15:29:00,mostly sunny,19.86,,33.39,0,1,
2022_098_06,2022,8/29/2022 0:00:00,06,Mackworth Island - North,Mid,sand/gravel,8/29/2022 16:13:00,mostly sunny,18.43,,33.84,0,1,
2022_098_08,2022,8/29/2022 0:00:00,08,Back Cove,Mid,mud,8/29/2022 17:12:00,mostly sunny,19.67,,32.53,0,0,"lots of schools swimming nearby, very small fish"
2022_099_03,2022,9/9/2022 0:00:00,03,Audubon,Inner,sand,9/9/2022 11:22:00,sunny,18.24,,24.22,0,3,
2022_099_01,2022,9/9/2022 0:00:00,01,Presumpscot Moorings,Inner,mud,9/9/2022 12:00:00,sunny,18.77,,11.74,0,0,"check salinity on sonde file, set was done at grass ledge"
2022_099_02,2022,9/9/2022 0:00:00,02,Skitterygusset,Inner,mud,9/9/2022 12:29:00,sunny,17.98,,26.5,0,1,seal present during water collection
2022_099_07,2022,9/9/2022 0:00:00,07,Mackworth Island - Beach,Mid,sand,9/9/2022 13:01:00,sunny,17.44,,32.7,0,1,1 alewife on dry ice
2022_100_11,2022,9/16/2022 0:00:00,11,Cushing Island,Outer,sand,9/16/2022 13:24:00,mostly sunny,16.46,,33.85,1,3,
2022_100_10,2022,9/16/2022 0:00:00,10,SMCC,Outer,sand/gravel,9/16/2022 14:00:00,mostly sunny,16.78,,32.85,0,3,shrimp are large!
2022_100_07,2022,9/16/2022 0:00:00,07,Mackworth Island - Beach,Mid,sand,9/16/2022 14:56:00,mostly sunny,18.43,,24.39,0,1,"had to wait after plankton tow for tide to rise enough to reach the beach, net came in folded - lots of fish escaping, alewife in ziploc #1"
2022_100_03,2022,9/16/2022 0:00:00,03,Audubon,Inner,sand,9/16/2022 15:52:00,mostly sunny,18.37,,22.4,0,1,alewife in ziploc #2
2022_101_01,2022,9/30/2022 0:00:00,01,Presumpscot Moorings,Inner,mud,9/30/2022 17:04:00,partly cloudy,15.22,,25.7,0,1,did at original site location
2022_101_02,2022,9/30/2022 0:00:00,02,Skitterygusset,Inner,mud,9/30/2022 17:32:00,partly cloudy,15.06,,29,0,1,no flowmeter
2022_101_11,2022,9/30/2022 0:00:00,11,Cushing Island,Outer,sand,9/30/2022 18:14:00,partly cloudy,14.38,,34.14,1,1,
2022_101_10,2022,9/30/2022 0:00:00,10,SMCC,Outer,sand/gravel,9/30/2022 18:39:00,partly cloudy,14.62,,33.66,0,0,no flowmeter
2023_108_08,2023,5/31/2023 0:00:00,08,Back Cove,Mid,mud/gravel,5/31/2023 13:06:00,sunny,13.9,,,0,1,
2023_108_01,2023,5/31/2023 0:00:00,01,Presumpscot Moorings,Inner,mud/gravel,5/31/2023 13:30:00,sunny,16.7,,,0,0,no fish
2023_108_03,2023,5/31/2023 0:00:00,03,Audubon,Inner,mud/sand,5/31/2023 14:15:00,sunny,17.3,,,0,1,no fish
2023_108_02,2023,5/31/2023 0:00:00,02,Skitterygusset,Inner,mud,5/31/2023 13:52:00,sunny,17.5,,,0,0,no fish
2023_108_10,2023,5/31/2023 0:00:00,10,SMCC,Outer,sand/gravel,5/31/2023 15:05:00,sunny,13.3,,,1,1,
2023_108_07,2023,5/31/2023 0:00:00,07,Mackworth Island - Beach,Mid,sand/shell,5/31/2023 14:35:00,sunny,15.7,,,0,1,
2023_109_06,2023,6/2/2023 0:00:00,06,Mackworth Island - North,Mid,mud/shell,6/2/2023 14:48:00,sunny,18.6,,,0,0,
2023_109_05,2023,6/2/2023 0:00:00,05,The Brothers - North,Mid,sand/gravel,6/2/2023 14:32:00,sunny,18.6,,,1,0,no fish
2023_109_09,2023,6/2/2023 0:00:00,09,Great Diamond Island,Outer,sand/gravel,6/2/2023 13:45:00,sunny,15,,,0,0,
2023_109_04,2023,6/2/2023 0:00:00,04,Mussel Cove,Mid,mud,6/2/2023 14:08:00,sunny,17.7,,,0,0,
2023_109_12,2023,6/2/2023 0:00:00,12,Alewife Cove,Outer,sand/gravel,6/2/2023 12:56:00,overcast,13.6,,,0,0,
2023_109_11,2023,6/2/2023 0:00:00,11,Cushing Island,Outer,mud/sand,6/2/2023 13:21:00,overcast,13.7,,,0,1,
2023_110_08,2023,6/14/2023 0:00:00,08,Back Cove,Mid,mud/gravel,6/14/2023 13:40:00,overcast,15,,,0,1,
2023_110_03,2023,6/14/2023 0:00:00,03,Audubon,Inner,mud/sand,6/14/2023 14:25:00,overcast,17.1,,,0,1,
2023_110_02,2023,6/14/2023 0:00:00,02,Skitterygusset,Inner,mud,6/14/2023 14:53:00,overcast,17.8,,,0,0,bad set
2023_110_01,2023,6/14/2023 0:00:00,01,Presumpscot Moorings,Inner,mud/gravel,6/14/2023 15:29:00,overcast,17.5,,,0,0,
2023_111_04,2023,6/16/2023 0:00:00,04,Mussel Cove,Mid,mud,,overcast,16.46,,,0,0,
2023_111_05,2023,6/16/2023 0:00:00,05,The Brothers - North,Mid,sand/gravel,,overcast,16.37,,,,,
2023_111_07,2023,6/16/2023 0:00:00,07,Mackworth Island - Beach,Mid,sand/shell,6/16/2023 14:50:00,overcast,14.57,,,0,1,
2023_111_06,2023,6/16/2023 0:00:00,06,Mackworth Island - North,Mid,mud/shell,6/16/2023 15:19:00,overcast,15.18,,,,,
2023_112_12,2023,6/21/2023 0:00:00,12,Alewife Cove,Outer,sand/gravel,6/21/2023 14:20:00,partly cloudy,15.6,,,0,0,
2023_112_11,2023,6/21/2023 0:00:00,11,Cushing Island,Outer,mud/sand,,partly cloudy,15.6,,,1,1,
2023_112_09,2023,6/21/2023 0:00:00,09,Great Diamond Island,Outer,sand/gravel,,partly cloudy,17,,,1,1,
2023_112_10,2023,6/21/2023 0:00:00,10,SMCC,Outer,sand/gravel,,partly cloudy,,,,1,1,temp missing
2023_113_03,2023,6/28/2023 0:00:00,03,Audubon,Inner,mud/sand,6/28/2023 13:13:00,rain,20.3,,,0,1,
2023_113_02,2023,6/28/2023 0:00:00,02,Skitterygusset,Inner,mud,6/28/2023 13:36:00,rain,20.7,,,0,1,
2023_113_01,2023,6/28/2023 0:00:00,01,Presumpscot Moorings,Inner,mud/gravel,6/28/2023 13:59:00,rain,20.7,,,0,1,
2023_113_07,2023,6/28/2023 0:00:00,07,Mackworth Island - Beach,Mid,sand/shell,6/28/2023 14:32:00,rain,19.46,,,0,2,
2023_113_11,2023,6/28/2023 0:00:00,11,Cushing Island,Outer,mud/sand,6/28/2023 15:14:00,rain,16,,,1,1,
2023_113_10,2023,6/28/2023 0:00:00,10,SMCC,Outer,sand/gravel,6/28/2023 15:38:00,rain,15.52,,,1,2,sandlance escaping through net
2023_114_09,2023,7/11/2023 0:00:00,09,Great Diamond Island,Outer,sand/gravel,7/11/2023 13:19:00,overcast,16.3,,,0,1,
2023_114_11,2023,7/11/2023 0:00:00,11,Cushing Island,Outer,mud/sand,7/11/2023 14:47:00,overcast,16.4,,,1,2,sandlance escaping through net
2023_114_10,2023,7/11/2023 0:00:00,10,SMCC,Outer,sand/gravel,7/11/2023 15:51:00,overcast,16.2,,,1,3,"dogs in water, pipefish escaping through net"
2023_115_12,2023,7/14/2023 0:00:00,12,Alewife Cove,Outer,sand/gravel,7/14/2023 13:49:00,overcast,16.22,,,0,,sandlance escaping through net
2023_115_04,2023,7/14/2023 0:00:00,04,Mussel Cove,Mid,mud,7/14/2023 14:43:00,overcast,18.74,,,0,1,silversides escaping net
2023_115_05,2023,7/14/2023 0:00:00,05,The Brothers - North,Mid,sand/gravel,7/14/2023 15:23:00,overcast,17.69,,,0,1,bad set
2023_115_06,2023,7/14/2023 0:00:00,06,Mackworth Island - North,Mid,mud/shell,7/14/2023 16:00:00,overcast,18.03,,,1,2,
2023_116_07,2023,7/19/2023 0:00:00,07,Mackworth Island - Beach,Mid,sand/shell,7/19/2023 14:40:00,overcast,13.21,,,0,3,thousands of alewife escaping net
2023_116_03,2023,7/19/2023 0:00:00,03,Audubon,Inner,mud/sand,7/19/2023 15:27:00,overcast,19.9,,,0,1,please measure alewife - cajun spice bag
2023_116_02,2023,7/19/2023 0:00:00,02,Skitterygusset,Inner,mud,7/19/2023 16:01:00,overcast,20.8,,,0,0,please measure alewife - purple small ziploc
2023_116_01,2023,7/19/2023 0:00:00,01,Presumpscot Moorings,Inner,mud/gravel,7/19/2023 16:39:00,overcast,24.9,,,0,0,please measure alewife - ziploc w black tape
2023_116_08,2023,7/19/2023 0:00:00,08,Back Cove,Mid,mud/gravel,7/19/2023 17:39:00,overcast,17.4,,,0,1,
2023_117_11,2023,7/24/2023 0:00:00,11,Cushing Island,Outer,mud/sand,7/24/2023 13:25:00,overcast,17.67,,,,1,
2023_117_10,2023,7/24/2023 0:00:00,10,SMCC,Outer,sand/gravel,7/24/2023 13:57:00,overcast,19.59,,,0,2,dogs in water
2023_117_05,2023,7/24/2023 0:00:00,05,The Brothers - North,Mid,sand/gravel,7/24/2023 15:20:00,partly cloudy,23.05,,,1,1,
2023_117_09,2023,7/24/2023 0:00:00,09,Great Diamond Island,Outer,sand/gravel,7/24/2023 16:05:00,partly cloudy,20.46,,,1,1,
2023_118_02,2023,7/26/2023 0:00:00,02,Skitterygusset,Inner,mud,7/26/2023 12:53:00,sunny,24.71,,,0,1,"low tide, set not ideal"
2023_118_01,2023,7/26/2023 0:00:00,01,Presumpscot Moorings,Inner,mud/gravel,7/26/2023 13:28:00,sunny,24.48,,,0,,"fish fleeing net, low tide and seine set on ledge"
2023_118_03,2023,7/26/2023 0:00:00,03,Audubon,Inner,mud/sand,7/26/2023 14:02:00,sunny,22.7,,,0,1,please measure alewife
2023_118_12,2023,7/26/2023 0:00:00,12,Alewife Cove,Outer,sand/gravel,7/26/2023 15:40:00,sunny,16.87,,,0,1,sandlance escaping through net
2023_119_06,2023,8/7/2023 0:00:00,06,Mackworth Island - North,Mid,mud/shell,8/7/2023 13:46:00,overcast,17.55,,,1,3,"low tide, walked seine in"
2023_119_04,2023,8/7/2023 0:00:00,04,Mussel Cove,Mid,mud,8/7/2023 14:43:00,overcast,17.51,,,1,1,"low tide, seine set to left of cove by sand bar"
2023_119_07,2023,8/7/2023 0:00:00,07,Mackworth Island - Beach,Mid,sand/shell,8/7/2023 15:55:00,rain,21.56,,,0,1,"low tide, walked seine in"
2023_119_08,2023,8/7/2023 0:00:00,08,Back Cove,Mid,mud/gravel,8/7/2023 17:02:00,rain,16.38,,,0,1,
2023_120_12,2023,8/10/2023 0:00:00,12,Alewife Cove,Outer,sand/gravel,8/10/2023 13:05:00,partly cloudy,15.8,,,0,1,
2023_120_09,2023,8/10/2023 0:00:00,09,Great Diamond Island,Outer,sand/gravel,8/10/2023 13:57:00,partly cloudy,15.7,,,0,0,please measure alewife
2023_120_10,2023,8/10/2023 0:00:00,10,SMCC,Outer,sand/gravel,8/10/2023 14:37:00,overcast,16.21,,,0,1,
2023_120_11,2023,8/10/2023 0:00:00,11,Cushing Island,Outer,mud/sand,8/10/2023 15:12:00,overcast,16.78,,,1,2,
2023_121_04,2023,8/11/2023 0:00:00,04,Mussel Cove,Mid,mud,8/11/2023 14:07:00,,17.4,,,0,1,boat grounded
2023_122_08,2023,8/14/2023 0:00:00,08,Back Cove,Mid,mud/gravel,8/14/2023 13:45:00,sunny,17.27,,,0,0,
2023_122_07,2023,8/14/2023 0:00:00,07,Mackworth Island - Beach,Mid,sand/shell,8/14/2023 14:18:00,sunny,18.93,,,0,1,
2023_122_03,2023,8/14/2023 0:00:00,03,Audubon,Inner,mud/sand,8/14/2023 14:53:00,sunny,18.93,,,0,1,second set
2023_122_02,2023,8/14/2023 0:00:00,02,Skitterygusset,Inner,mud,8/14/2023 15:33:00,partly cloudy,18.44,,,0,0,
2023_122_01,2023,8/14/2023 0:00:00,01,Presumpscot Moorings,Inner,mud/gravel,8/14/2023 16:04:00,overcast,22.79,,,0,0,"no fish, good set"
2023_123_05,2023,8/17/2023 0:00:00,05,The Brothers - North,Mid,sand/gravel,8/17/2023 14:50:00,overcast,19.8,,,0,1,
2023_123_06,2023,8/17/2023 0:00:00,06,Mackworth Island - North,Mid,mud/shell,8/17/2023 15:52:00,overcast,18.8,,,1,2,
2023_124_12,2023,8/22/2023 0:00:00,12,Alewife Cove,Outer,sand/gravel,8/22/2023 14:52:00,sunny,17.4,,,0,1,
2023_124_11,2023,8/22/2023 0:00:00,11,Cushing Island,Outer,mud/sand,8/22/2023 15:54:00,sunny,18.4,,,1,1,
2023_124_10,2023,8/22/2023 0:00:00,10,SMCC,Outer,sand/gravel,8/22/2023 16:34:00,sunny,19.57,,,1,2,
2023_124_09,2023,8/22/2023 0:00:00,09,Great Diamond Island,Outer,sand/gravel,8/22/2023 17:06:00,sunny,19.98,,,1,1,
2023_124_04,2023,8/22/2023 0:00:00,04,Mussel Cove,Mid,mud,8/22/2023 17:45:00,sunny,20.3,,,0,1,first instance of summer flounder
2023_124_05,2023,8/22/2023 0:00:00,05,The Brothers - North,Mid,sand/gravel,8/22/2023 18:20:00,sunny,19.87,,,0,1,
2023_124_06,2023,8/22/2023 0:00:00,06,Mackworth Island - North,Mid,mud/shell,8/22/2023 18:54:00,partly cloudy,20.3,,,0,1,
2023_125_08,2023,8/24/2023 0:00:00,08,Back Cove,Mid,mud/gravel,8/24/2023 11:40:00,sunny,16.1,,,0,1,
2023_125_07,2023,8/24/2023 0:00:00,07,Mackworth Island - Beach,Mid,sand/shell,8/24/2023 12:25:00,sunny,19.45,,,0,3,
2023_125_02,2023,8/24/2023 0:00:00,02,Skitterygusset,Inner,mud,8/24/2023 13:11:00,sunny,21.28,,,0,0,"no fish, bag tangled in low water"
2023_125_01,2023,8/24/2023 0:00:00,01,Presumpscot Moorings,Inner,mud/gravel,8/24/2023 13:44:00,sunny,22.08,,,0,0,
2023_125_03,2023,8/24/2023 0:00:00,03,Audubon,Inner,mud/sand,8/24/2023 14:35:00,sunny,21.81,,,0,1,
2023_q01_22,2023,6/15/2023 0:00:00,22,Snow Island,north,mud,6/15/2023 11:57:00,overcast,16.1,8.52,30.28,0,0,
2023_q01_26,2023,6/15/2023 0:00:00,26,Long Point Cove,north,sand/gravel,6/15/2023 12:36:00,partly cloudy,15,8.07,29.48,0,1,
2023_q01_25,2023,6/15/2023 0:00:00,25,Garrison Cove,north,sand/gravel,6/15/2023 13:50:00,sunny,15,8.83,29.77,0,1,
2023_q01_23,2023,6/15/2023 0:00:00,23,Lowell Cove,north,mud/sand,6/15/2023 13:05:00,overcast,14.4,8.59,29.47,0,1,
2023_q01_24,2023,6/15/2023 0:00:00,24,Cedar Beach,north,sand,6/15/2023 13:29:00,overcast,14.6,9.13,29.45,0,1,
2023_q01_21,2023,6/15/2023 0:00:00,21,Orrs Cove,north,mud,6/15/2023 14:45:00,overcast,17.5,8.34,30.4,0,0,
2023_q02_22,2023,6/21/2023 0:00:00,22,Snow Island,north,sand/gravel,6/21/2023 17:55:00,sunny,16.8,8.93,28.9,0,1,
2023_q02_21,2023,6/21/2023 0:00:00,21,Orrs Cove,north,mud,6/21/2023 17:15:00,sunny,18.7,9.17,29.79,0,0,
2023_q02_26,2023,6/21/2023 0:00:00,26,Long Point Cove,north,sand/gravel,6/21/2023 16:26:00,sunny,16.4,10.6,26.17,1,1,
2023_q03_24,2023,6/27/2023 0:00:00,24,Cedar Beach,north,sand,6/27/2023 12:41:00,overcast,19,7.71,25.91,0,0,
2023_q03_23,2023,6/27/2023 0:00:00,23,Lowell Cove,north,mud/sand,6/27/2023 13:32:00,foggy,19.2,7.85,25.45,1,1,redone 30 minutes after failed set
2023_q04_25,2023,7/5/2023 0:00:00,25,Garrison Cove,north,sand/gravel,7/5/2023 14:40:00,sunny,18.1,8.77,27.31,1,1,
2023_q04_26,2023,7/5/2023 0:00:00,26,Long Point Cove,north,sand/gravel,7/5/2023 16:20:00,sunny,20.9,8.9,26.34,0,1,
2023_q04_21,2023,7/5/2023 0:00:00,21,Orrs Cove,north,mud,7/5/2023 17:05:00,sunny,24.7,8.63,25.68,0,1,teeny tiny school of fish passed through mesh
2023_q04_22,2023,7/5/2023 0:00:00,22,Snow Island,north,mud/sand,7/5/2023 17:55:00,sunny,25.1,9.65,26.74,1,0,
2023_q05_23,2023,7/12/2023 0:00:00,23,Lowell Cove,north,sand/gravel,7/12/2023 11:42:00,sunny,19.4,8.14,27.45,0,2,
2023_q05_24,2023,7/12/2023 0:00:00,24,Cedar Beach,north,sand/gravel,7/12/2023 12:09:00,sunny,20,8.42,27.48,0,1,
2023_q05_25,2023,7/12/2023 0:00:00,25,Garrison Cove,north,sand/gravel,7/12/2023 12:38:00,sunny,18.2,8.49,28.55,1,1,gravid female green crab caught in seine
2023_q05_26,2023,7/12/2023 0:00:00,26,Long Point Cove,north,gravel,7/12/2023 13:42:00,sunny,21,9.11,27.54,0,1,unidentified sculpin taken back to lab
2023_q06_21,2023,7/13/2023 0:00:00,21,Orrs Cove,north,mud,7/13/2023 11:49:00,sunny,23.4,6.6,27.51,0,0,reset net
2023_q06_22,2023,7/13/2023 0:00:00,22,Snow Island,north,gravel,7/13/2023 12:49:00,sunny,22.4,7.92,27.89,0,0,unidentified fish taken back to lab
2023_q07_21,2023,7/20/2023 0:00:00,21,Orrs Cove,north,mud,7/20/2023 14:08:00,sunny,24.3,6.73,26.91,1,0,Many sand shrimp; seine set across the cove from the normal site
2023_q07_22,2023,7/20/2023 0:00:00,22,Snow Island,north,mud/gravel,7/20/2023 15:03:00,sunny,24.6,8.52,27.23,1,1,small silverside went through the net
2023_q07_23,2023,7/20/2023 0:00:00,23,Lowell Cove,north,sand,7/20/2023 16:17:00,sunny,22.6,9.13,27.61,1,0,
2023_q07_25,2023,7/20/2023 0:00:00,25,Garrison Cove,north,sand,7/20/2023 16:45:00,sunny,22.3,8.59,28.08,0,0,
2023_q07_26,2023,7/20/2023 0:00:00,26,Long Point Cove,north,sand/gravel,7/20/2023 15:38:00,sunny,24.1,7.5,27.29,1,0,
2023_q08_21,2023,8/2/2023 0:00:00,21,Orrs Cove,north,mud,8/2/2023 17:15:00,sunny,21.1,7.8,30.01,0,0,"large school of fish, big silverside 136 mm"
2023_q08_22,2023,8/2/2023 0:00:00,22,Snow Island,north,gravel,8/2/2023 17:56:00,sunny,21.6,8.34,30.38,0,0,
2023_q08_23,2023,8/2/2023 0:00:00,23,Lowell Cove,north,sand,8/2/2023 15:40:00,sunny,19.2,8.12,30.72,0,0,
2023_q08_24,2023,8/2/2023 0:00:00,24,Cedar Beach,north,sand/gravel,8/2/2023 15:17:00,sunny,19.1,8.51,30.55,0,0,
2023_q08_25,2023,8/2/2023 0:00:00,25,Garrison Cove,north,sand/gravel,8/2/2023 14:51:00,sunny,18.5,8.18,30.7,1,1,
2023_q08_26,2023,8/2/2023 0:00:00,26,Long Point Cove,north,gravel,8/2/2023 16:14:00,sunny,20.4,8.43,30.63,0,1,2 squished herring and 2 herrings heads counted
2023_q09_21,2023,8/9/2023 0:00:00,21,Orrs Cove,north,mud,8/9/2023 11:40:00,partly cloudy,20.1,6.31,30.45,0,0,
2023_q09_22,2023,8/9/2023 0:00:00,22,Snow Island,north,sand/gravel,8/9/2023 12:25:00,partly cloudy,19.6,6.85,30.82,0,0,estimated start and end times
2023_q10_23,2023,8/10/2023 0:00:00,23,Lowell Cove,north,sand/gravel,8/10/2023 12:12:00,sunny,18.6,7.85,30.13,1,1,
2023_q10_24,2023,8/10/2023 0:00:00,24,Cedar Beach,north,sand,8/10/2023 11:25:00,sunny,17.9,7.75,30.18,1,0,
2023_q10_25,2023,8/10/2023 0:00:00,25,Garrison Cove,north,sand,8/10/2023 11:48:00,sunny,18,8.12,30.44,0,0,
2023_q10_26,2023,8/10/2023 0:00:00,26,Long Point Cove,north,sand/gravel,8/10/2023 12:41:00,sunny,18.7,7.11,30.37,1,0,
2023_q11_21,2023,8/16/2023 0:00:00,21,Orrs Cove,north,mud,8/16/2023 17:23:00,overcast,22.4,8.64,28.85,0,0,
2023_q11_22,2023,8/16/2023 0:00:00,22,Snow Island,north,gravel,8/16/2023 16:25:00,,21.3,8.79,27.45,0,0,
2023_q11_23,2023,8/16/2023 0:00:00,23,Lowell Cove,north,sand,8/16/2023 15:04:00,,21.3,8,27.21,1,1,
2023_q11_24,2023,8/16/2023 0:00:00,24,Cedar Beach,north,sand/gravel,8/16/2023 14:40:00,,20.8,8.08,27.21,0,0,people in water
2023_q11_25,2023,8/16/2023 0:00:00,25,Garrison Cove,north,sand/gravel,8/16/2023 14:20:00,,20.1,8.1,29.01,1,0,
2023_q11_26,2023,8/16/2023 0:00:00,26,Long Point Cove,north,sand/gravel,8/16/2023 15:47:00,,20.9,8.1,26.74,1,2,
2023_q12_21,2023,8/28/2023 0:00:00,21,Orrs Cove,north,mud,8/28/2023 12:40:00,sunny,20.2,6.76,29.24,0,1,
2023_q12_22,2023,8/28/2023 0:00:00,22,Snow Island,north,mud,8/28/2023 13:10:00,sunny,19.8,7.42,29.5,0,0,
2023_q12_23,2023,8/28/2023 0:00:00,23,Lowell Cove,north,sand/gravel,8/28/2023 14:25:00,sunny,19.9,7.44,28.81,0,0,
2023_q12_24,2023,8/28/2023 0:00:00,24,Cedar Beach,north,sand/gravel,8/28/2023 14:50:00,sunny,19.5,7.8,29.04,0,0,
2023_q12_25,2023,8/28/2023 0:00:00,25,Garrison Cove,north,sand/gravel,8/28/2023 15:25:00,sunny,18.8,7.78,29.6,0,0,
2023_q12_26,2023,8/28/2023 0:00:00,26,Long Point Cove,north,mud/gravel,8/28/2023 13:55:00,sunny,19.4,8.2,28.99,1,2,
