"date","mean.sst","min.sst","max.sst","sd","ten","nine","month","year","doy"
2025-01-01,6.38489913043478,6.19499999999999,6.57100000000003,0.0857471380813265,6.26480000000001,6.50460000000001,1,2025,1
2025-01-02,5.94536695652174,5.66800000000001,6.29000000000002,0.147151191372187,5.74679999999998,6.15360000000001,1,2025,2
2025-01-03,5.59363478260869,5.32499999999999,6.30000000000001,0.237135685384624,5.363,5.94799999999998,1,2025,3
2025-01-04,5.56175130434783,5.33100000000002,6.24599999999998,0.217126672819554,5.36339999999999,5.89180000000001,1,2025,4
2025-01-05,5.57834260869565,5.33999999999997,6.14100000000002,0.212744122967697,5.37200000000001,5.92959999999999,1,2025,5
2025-01-06,5.59109913043478,5.327,6.24599999999998,0.243212168991569,5.36200000000002,6.0008,1,2025,6
2025-01-07,5.60979304347826,5.34699999999998,6.15300000000002,0.214575573182443,5.38400000000001,5.95060000000001,1,2025,7
2025-01-08,5.63551652173913,5.44,5.83199999999999,0.0988488586276658,5.4984,5.76400000000001,1,2025,8
2025-01-09,5.56087826086957,5.45600000000002,5.827,0.0737052643303147,5.48599999999999,5.67599999999999,1,2025,9
2025-01-10,5.46616347826087,5.28500000000003,5.80200000000002,0.132447837559893,5.32499999999999,5.67500000000001,1,2025,10
2025-01-11,5.50704,5.35000000000002,5.81200000000001,0.112124791105658,5.38680000000001,5.67979999999999,1,2025,11
2025-01-12,5.66029391304348,5.46600000000001,5.947,0.109580649254817,5.52539999999999,5.82959999999999,1,2025,12
2025-01-13,5.42257217391304,5.226,5.69400000000002,0.100870676120541,5.29399999999998,5.56400000000002,1,2025,13
2025-01-14,4.49568,4.27800000000002,4.87700000000001,0.123038499399557,4.33800000000002,4.66500000000002,1,2025,14
2025-01-15,4.28252,4.05599999999998,4.66300000000001,0.154633541849134,4.0924,4.49700000000001,1,2025,15
2025-01-16,4.34733565217391,4.077,4.73099999999999,0.159041117440782,4.14240000000001,4.565,1,2025,16
2025-01-17,4.45024695652174,4.238,4.827,0.150868998093277,4.2694,4.66000000000003,1,2025,17
2025-01-18,4.69778086956522,4.54700000000003,5.03300000000002,0.104475564300118,4.577,4.86019999999999,1,2025,18
2025-01-19,4.75285565217391,4.61900000000003,4.92399999999998,0.0723895652856683,4.6564,4.85359999999999,1,2025,19
2025-01-20,4.73114608695652,4.56999999999999,5.00599999999997,0.0957011147275569,4.61200000000002,4.86599999999999,1,2025,20
2025-01-21,4.56241565217391,4.37400000000002,4.87700000000001,0.110421173889272,4.41899999999998,4.7128,1,2025,21
2025-01-22,4.14535478260869,3.93799999999999,4.66800000000001,0.170558692649295,3.976,4.40459999999998,1,2025,22
2025-01-23,4.25644869565217,3.97500000000002,4.56799999999998,0.15080187660295,4.05500000000001,4.46459999999998,1,2025,23
2025-01-24,4.42097565217391,4.024,4.774,0.185321641759424,4.16239999999999,4.66560000000001,1,2025,24
2025-01-25,4.22809391304348,3.90899999999999,4.56700000000001,0.146129834213296,4.02999999999997,4.41500000000002,1,2025,25
2025-01-26,3.99815304347826,3.76600000000002,4.34800000000001,0.103462499157957,3.85939999999999,4.12099999999998,1,2025,26
2025-01-27,4.03362956521739,3.767,4.327,0.136632216329126,3.8568,4.23079999999998,1,2025,27
2025-01-28,4.53477217391304,4.25599999999997,4.82100000000003,0.13770937909945,4.35040000000001,4.71819999999999,1,2025,28
2025-01-29,4.70274434782609,4.358,5.096,0.160003938426759,4.495,4.91340000000001,1,2025,29
2025-01-30,4.66988347826087,4.32999999999998,5.09899999999999,0.15701041484932,4.4734,4.88879999999999,1,2025,30
2025-01-31,4.39726782608695,4.18599999999998,4.697,0.116847400072925,4.24400000000003,4.55820000000002,1,2025,31
2025-02-01,3.93423652173913,3.755,4.36599999999999,0.115634244299774,3.79839999999999,4.0962,2,2025,32
2025-02-02,3.74136347826087,3.54899999999998,4.35000000000002,0.131905989071904,3.59540000000002,3.89499999999998,2,2025,33
2025-02-03,4.00440695652174,3.79700000000003,4.36099999999999,0.125399978689613,3.8534,4.18860000000001,2,2025,34
2025-02-04,4.03096869565217,3.76999999999998,4.51400000000001,0.192283823304879,3.81999999999999,4.33560000000001,2,2025,35
2025-02-05,4.13704173913043,3.834,4.54899999999998,0.16631124529195,3.92599999999999,4.38539999999999,2,2025,36
2025-02-06,3.81509217391304,3.48599999999999,4.27699999999999,0.20827786533743,3.5622,4.1278,2,2025,37
2025-02-07,4.13297391304348,3.82900000000001,4.48599999999999,0.158338755013392,3.93200000000002,4.36319999999999,2,2025,38
2025-02-08,4.30655652173913,3.971,4.68799999999999,0.175045687978501,4.08079999999999,4.55319999999998,2,2025,39
2025-02-09,4.26750956521739,4.04399999999998,4.54000000000002,0.116831005274133,4.11599999999999,4.43000000000001,2,2025,40
2025-02-10,4.17012,4.02199999999999,4.37799999999999,0.0744455781863385,4.06900000000002,4.2658,2,2025,41
2025-02-11,4.14905043478261,4.01400000000001,4.43900000000002,0.0877475943205521,4.05240000000001,4.2826,2,2025,42
2025-02-12,3.83009217391304,3.678,4.21899999999999,0.104085750252111,3.72300000000001,3.9772,2,2025,43
2025-02-13,3.65699130434782,3.40100000000001,4.13,0.147014522952997,3.47699999999998,3.86380000000001,2,2025,44
2025-02-14,3.53252695652174,3.31,3.99299999999999,0.132088525722263,3.38440000000001,3.72159999999999,2,2025,45
2025-02-15,3.58277739130435,3.34699999999998,3.95799999999997,0.123818623010971,3.41899999999998,3.74599999999998,2,2025,46
2025-02-16,3.53107826086957,3.221,3.81200000000001,0.14719742767705,3.32339999999999,3.72300000000001,2,2025,47
2025-02-17,3.26283652173913,2.94799999999998,3.69299999999998,0.144004818886192,3.0674,3.43460000000001,2,2025,48
2025-02-18,3.20879652173913,2.899,3.63499999999999,0.145227379049239,3.01419999999999,3.38240000000001,2,2025,49
2025-02-19,3.40632173913043,3.05700000000002,3.79000000000002,0.144058710194952,3.20339999999999,3.57100000000003,2,2025,50
2025-02-20,2.89348869565217,2.58800000000002,3.33600000000001,0.148037614561132,2.69999999999999,3.06700000000001,2,2025,51
2025-02-21,2.82728869565217,2.52100000000002,3.22000000000003,0.153737479740197,2.62,3.0266,2,2025,52
2025-02-22,2.80690782608695,2.50700000000001,3.24299999999999,0.153392201390282,2.60979999999998,3.01660000000001,2,2025,53
2025-02-23,2.94204173913043,2.64400000000001,3.512,0.174324755000631,2.738,3.18580000000002,2,2025,54
2025-02-24,3.18618956521739,2.99599999999998,3.43599999999998,0.0953842434466745,3.05940000000002,3.31900000000002,2,2025,55
2025-02-25,3.07974608695652,2.88200000000001,3.41899999999998,0.118785469147764,2.93539999999999,3.2426,2,2025,56
2025-02-26,3.19862956521739,3.04199999999997,3.45699999999999,0.0887653613087753,3.084,3.3186,2,2025,57
2025-02-27,2.9932,2.69499999999999,3.37299999999999,0.149365020696499,2.80320000000002,3.19679999999998,2,2025,58
2025-02-28,3.10825217391304,2.84100000000001,3.38499999999999,0.129111628462159,2.93900000000002,3.28399999999999,2,2025,59
2025-03-01,3.0926852173913,2.87700000000001,3.47300000000001,0.129325535448622,2.93700000000001,3.2742,3,2025,60
2025-03-02,2.92610782608696,2.72699999999998,3.40600000000001,0.131980223117125,2.77600000000001,3.11099999999999,3,2025,61
2025-03-03,2.94129913043478,2.75299999999999,3.31,0.118561856637861,2.80000000000001,3.10599999999999,3,2025,62
2025-03-04,3.20558434782609,3.077,3.42899999999997,0.0821523575992334,3.10699999999997,3.32900000000001,3,2025,63
2025-03-05,3.62989391304348,3.50599999999997,3.75999999999999,0.0565557683003359,3.548,3.69900000000001,3,2025,64
2025-03-06,3.30778260869565,3.11500000000001,3.488,0.0906129901434101,3.18099999999998,3.42660000000001,3,2025,65
2025-03-07,2.95919130434783,2.745,3.29300000000001,0.131144114126019,2.80200000000002,3.15319999999999,3,2025,66
2025-03-08,2.79946086956522,2.56900000000002,3.30399999999997,0.183766662330009,2.60500000000002,3.08099999999997,3,2025,67
2025-03-09,2.8311547826087,2.55599999999998,3.39300000000003,0.223198015334784,2.59699999999998,3.18059999999999,3,2025,68
2025-03-10,3.03513913043478,2.84399999999999,3.41500000000002,0.115019820058158,2.90439999999999,3.19799999999998,3,2025,69
2025-03-11,3.27726782608696,2.959,3.70600000000002,0.200020098096362,3,3.5506,3,2025,70
2025-03-12,3.46701739130435,3.10500000000002,4.11599999999999,0.27376518406042,3.13640000000001,3.88019999999999,3,2025,71
2025-03-13,3.54368695652174,3.20600000000002,4.05700000000002,0.234020092246834,3.26900000000001,3.90520000000001,3,2025,72
2025-03-14,3.66804695652174,3.423,4.09199999999998,0.142120818529645,3.48679999999999,3.8646,3,2025,73
2025-03-15,3.90758956521739,3.68700000000001,4.25799999999998,0.124136579956354,3.75039999999999,4.08259999999998,3,2025,74
2025-03-16,4.02442260869565,3.79899999999998,4.23000000000002,0.108045144020881,3.87020000000002,4.16420000000002,3,2025,75
2025-03-17,3.65110956521739,3.46800000000002,3.892,0.107898892030358,3.51800000000003,3.80960000000001,3,2025,76
2025-03-18,3.64952695652174,3.44200000000001,3.89100000000002,0.12297547510644,3.48500000000001,3.8196,3,2025,77
2025-03-19,4.10557217391304,3.90899999999999,4.35300000000001,0.0997159446008276,3.97899999999998,4.24599999999998,3,2025,78
2025-03-20,4.86463130434783,4.48199999999997,5.363,0.211818301254999,4.58499999999998,5.16060000000001,3,2025,79
2025-03-21,4.11830608695652,3.82799999999997,4.33499999999998,0.0891553290503489,4.0128,4.23859999999999,3,2025,80
2025-03-22,4.08552,3.65899999999999,4.31,0.0978350806025917,3.96079999999998,4.20499999999998,3,2025,81
2025-03-23,4.03558782608696,3.64800000000002,4.21499999999997,0.0956626195822351,3.908,4.1386,3,2025,82
2025-03-24,3.91330608695652,3.50799999999998,4.14499999999998,0.141636183888785,3.70699999999999,4.08720000000002,3,2025,83
2025-03-25,3.2356452173913,2.84699999999998,3.71899999999999,0.249061428495801,2.91899999999998,3.5928,3,2025,84
2025-03-26,3.23921913043478,2.72899999999998,3.73899999999998,0.246578002830908,2.90100000000001,3.5576,3,2025,85
2025-03-27,3.43733217391304,2.90100000000001,3.84899999999999,0.148155944508984,3.25679999999998,3.63059999999998,3,2025,86
2025-03-28,3.6294,3.22300000000001,3.87799999999999,0.136304831053933,3.43240000000001,3.80559999999999,3,2025,87
2025-03-29,3.72061217391304,3.30399999999997,3.96699999999998,0.136685340947501,3.524,3.88099999999997,3,2025,88
2025-03-30,3.53826260869565,3.23500000000001,3.77499999999998,0.122605237069817,3.3672,3.69520000000002,3,2025,89
2025-03-31,3.54705739130435,3.11399999999998,3.81999999999999,0.171378033885354,3.2894,3.75360000000001,3,2025,90
2025-04-01,3.78227304347826,3.21199999999999,4.012,0.1683489828339,3.5314,3.976,4,2025,91
2025-04-02,3.81437913043478,3.21199999999999,4.05799999999999,0.178036578424441,3.5516,4.01400000000001,4,2025,92
2025-04-03,3.90092,3.50299999999999,4.077,0.119241259257893,3.73059999999999,4.04700000000003,4,2025,93
2025-04-04,4.26125217391304,3.80599999999998,4.59500000000003,0.185005614543217,4.00379999999999,4.53680000000002,4,2025,94
2025-04-05,4.47204695652174,4.00400000000002,4.94900000000001,0.231653839328348,4.16899999999998,4.75299999999999,4,2025,95
2025-04-06,4.46788695652174,4.02999999999997,4.79899999999998,0.186123238799482,4.19499999999999,4.71119999999999,4,2025,96
2025-04-07,4.23074782608696,3.98199999999997,4.387,0.0914883175914757,4.10319999999999,4.34899999999999,4,2025,97
2025-04-08,3.88347478260869,3.84100000000001,3.91500000000002,0.0179272331110294,3.858,3.90600000000001,4,2025,98
2025-04-09,3.63053217391304,3.58600000000001,3.67399999999998,0.0204774523226944,3.601,3.65699999999998,4,2025,99
2025-04-10,3.57007652173913,3.51999999999998,3.62299999999999,0.0240036521990113,3.536,3.601,4,2025,100
2025-04-11,3.62449739130435,3.59399999999999,3.69900000000001,0.0220346474908724,3.60199999999998,3.65899999999999,4,2025,101
2025-04-12,3.69479478260869,3.66699999999997,3.77499999999998,0.0278262335911142,3.66899999999998,3.7406,4,2025,102
2025-04-13,4.09780173913043,4.02199999999999,4.20100000000002,0.0325984276961237,4.05099999999999,4.1386,4,2025,103
2025-04-14,4.32681565217391,4.07799999999997,4.53699999999998,0.117311242552226,4.19,4.50200000000001,4,2025,104
2025-04-15,4.70745739130435,4.16699999999997,5.09399999999999,0.243242135374927,4.3558,5.0124,4,2025,105
2025-04-16,4.8037252173913,4.25200000000001,5.166,0.186769392289198,4.53300000000002,5.04259999999999,4,2025,106
2025-04-17,4.71701043478261,4.36200000000002,4.97800000000001,0.12307719693999,4.53439999999999,4.85899999999998,4,2025,107
2025-04-18,4.69662260869565,4.38900000000001,5.06400000000002,0.127514425679015,4.52800000000002,4.85519999999999,4,2025,108
2025-04-19,4.90188173913044,4.697,5.21600000000001,0.134433421718779,4.74400000000003,5.1026,4,2025,109
2025-04-20,4.90274608695652,4.77800000000002,4.97199999999998,0.0388640740541049,4.84800000000001,4.94900000000001,4,2025,110
2025-04-21,5.29861739130435,5.23700000000002,5.34399999999999,0.0263152896722557,5.25900000000001,5.33100000000002,4,2025,111
2025-04-22,5.51685739130435,5.358,5.59399999999999,0.0579012180865015,5.43200000000002,5.58299999999997,4,2025,112
2025-04-23,5.63131652173913,5.40100000000001,5.80200000000002,0.0850854703819095,5.51239999999999,5.74599999999998,4,2025,113
2025-04-24,6.4283147826087,6.00099999999998,7.08600000000001,0.216752488238083,6.1894,6.721,4,2025,114
2025-04-25,6.22451652173913,5.93900000000002,6.80900000000003,0.196364721425804,6.03899999999999,6.54640000000001,4,2025,115
2025-04-26,5.82324695652174,5.625,6.03399999999999,0.100236036174812,5.6874,5.96360000000001,4,2025,116
2025-04-27,5.91591652173913,5.49400000000003,6.37700000000001,0.202897134959171,5.66279999999998,6.21140000000002,4,2025,117
2025-04-28,5.98877565217391,5.50999999999999,6.524,0.218825882046747,5.7196,6.3056,4,2025,118
2025-04-29,6.47677391304348,6.06999999999999,6.71100000000001,0.153807702742141,6.23339999999999,6.64999999999998,4,2025,119
2025-04-30,6.69421739130435,6.47399999999999,6.90300000000002,0.109573530480828,6.54239999999999,6.846,4,2025,120
2025-05-01,7.37489391304348,6.93799999999999,7.81,0.190589853377013,7.13299999999998,7.6338,5,2025,121
2025-05-02,7.59253913043478,7.13799999999998,8.04700000000003,0.2016083020073,7.3294,7.8668,5,2025,122
2025-05-03,7.68114260869565,7.23599999999999,8.12299999999999,0.200221786026033,7.41880000000001,7.9566,5,2025,123
2025-05-04,7.7658852173913,7.346,8.17000000000002,0.1888391108815,7.5178,8.02339999999999,5,2025,124
2025-05-05,7.35696695652174,7.10199999999998,7.60300000000001,0.109214891999439,7.21699999999998,7.50419999999999,5,2025,125
2025-05-06,7.4944747826087,7.23000000000002,7.76299999999998,0.118435764388636,7.34440000000001,7.661,5,2025,126
2025-05-07,7.63716173913043,7.37099999999998,7.90899999999999,0.124497386440117,7.4784,7.81400000000002,5,2025,127
2025-05-08,7.6130452173913,7.34699999999998,7.88799999999998,0.123546707332053,7.45640000000001,7.7888,5,2025,128
2025-05-09,7.31678608695652,7.07400000000001,7.58100000000002,0.110833653557004,7.178,7.47000000000003,5,2025,129
2025-05-10,6.52974086956522,6.32299999999998,6.76299999999998,0.097532880094822,6.39939999999999,6.6626,5,2025,130
2025-05-11,6.58563304347826,6.38299999999998,6.80900000000003,0.0940411687237942,6.4578,6.71360000000001,5,2025,131
2025-05-12,7.65307652173913,7.274,8.03500000000003,0.165335392592238,7.43280000000002,7.87599999999998,5,2025,132
2025-05-13,9.90522434782609,9.58600000000001,10.215,0.144832644374581,9.71180000000002,10.1036,5,2025,133
2025-05-14,10.4144156521739,9.96300000000002,10.783,0.193148656706007,10.1474,10.666,5,2025,134
2025-05-15,10.4199739130435,9.959,10.801,0.199213692142635,10.1438,10.6856,5,2025,135
2025-05-16,10.10668,9.70400000000001,10.498,0.181860588716255,9.8664,10.352,5,2025,136
2025-05-17,9.7172852173913,9.38499999999999,10.034,0.14537546740511,9.51980000000001,9.90899999999999,5,2025,137
2025-05-18,9.87722782608696,9.65499999999997,10.078,0.0947808324135268,9.74539999999999,10.002,5,2025,138
2025-05-19,9.90323652173913,9.63200000000001,10.171,0.117083533069785,9.7532,10.063,5,2025,139
2025-05-20,8.91105043478261,8.68900000000002,9.101,0.0885978812382958,8.78800000000001,9.02760000000001,5,2025,140
2025-05-21,8.54798434782609,8.33299999999997,8.74099999999999,0.0873564811954297,8.42899999999997,8.66399999999999,5,2025,141
2025-05-22,8.17521391304348,7.97199999999998,8.37200000000001,0.0864476507591114,8.0634,8.29159999999998,5,2025,142
2025-05-23,7.79293739130435,7.63799999999998,7.95299999999997,0.0699572261808958,7.70499999999998,7.89060000000001,5,2025,143
2025-05-24,7.89127304347826,7.73199999999997,8.04899999999998,0.0712835058717105,7.80099999999999,7.99099999999999,5,2025,144
2025-05-25,9.56322086956522,9.375,9.678,0.0585933388248462,9.48439999999999,9.637,5,2025,145
2025-05-26,9.57158260869565,9.262,9.78500000000003,0.112498082260752,9.4194,9.71960000000001,5,2025,146
2025-05-27,9.47247130434782,9.16399999999999,9.69900000000001,0.117208525546734,9.31440000000001,9.62960000000001,5,2025,147
2025-05-28,10.1301826086957,9.68799999999999,10.531,0.185319019719613,9.88600000000001,10.3796,5,2025,148
2025-05-29,10.4291652173913,10.063,10.767,0.160968645118878,10.2178,10.65,5,2025,149
2025-05-30,10.4944347826087,10.191,10.788,0.141849562705108,10.3064,10.6896,5,2025,150
2025-05-31,10.3532017391304,9.97899999999998,10.708,0.16336202394697,10.1396,10.5752,5,2025,151
2025-06-01,10.2821182608696,9.90499999999997,10.639,0.157965825474615,10.0778,10.4946,6,2025,152
2025-06-02,11.8199043478261,11.585,11.957,0.0855408061142755,11.6968,11.9216,6,2025,153
2025-06-03,11.7719617391304,11.582,11.95,0.0922548654870258,11.6398,11.892,6,2025,154
2025-06-04,11.7534086956522,11.563,11.944,0.0949482983879248,11.618,11.8756,6,2025,155
2025-06-05,11.6636104347826,11.43,11.864,0.107619253498982,11.508,11.802,6,2025,156
2025-06-06,11.6587843478261,11.409,11.795,0.0902225013762241,11.5264,11.7666,6,2025,157
2025-06-07,14.0224886956522,13.599,14.25,0.157475398645659,13.796,14.216,6,2025,158
2025-06-08,14.2232939130435,13.719,14.438,0.167093462802459,13.9664,14.392,6,2025,159
2025-06-09,14.2503408695652,13.767,14.47,0.15909948671104,14.0032,14.4086,6,2025,160
2025-06-10,14.1171043478261,13.637,14.373,0.186591056972297,13.8476,14.349,6,2025,161
2025-06-11,14.2833739130435,13.947,14.535,0.128204014574928,14.1138,14.4536,6,2025,162
2025-06-12,14.8790434782609,14.355,15.185,0.192353858337048,14.6094,15.118,6,2025,163
2025-06-13,14.6935252173913,14.159,15.038,0.205294211348371,14.4046,14.9506,6,2025,164
2025-06-14,14.2603356521739,13.738,14.642,0.232920326357622,13.9188,14.555,6,2025,165
2025-06-15,14.3964104347826,13.775,14.761,0.272120192551125,13.9764,14.712,6,2025,166
2025-06-16,14.2097773913043,13.589,14.56,0.273810062559863,13.7904,14.525,6,2025,167
2025-06-17,14.1942434782609,13.626,14.576,0.251329433550998,13.8202,14.501,6,2025,168
2025-06-18,14.3855130434783,13.773,14.94,0.279105364104812,14.0164,14.7718,6,2025,169
2025-06-19,14.477667826087,13.939,14.935,0.208587516015701,14.1674,14.7428,6,2025,170
2025-06-20,14.3666017391304,13.871,14.794,0.234381214382694,14.0192,14.659,6,2025,171
2025-06-21,14.6459026086957,14.126,15.198,0.291643267325784,14.26,15.062,6,2025,172
2025-06-22,14.7598991304348,14.431,15.063,0.152932144033507,14.555,14.96,6,2025,173
2025-06-23,15.8073460869565,15.362,16.267,0.200220819424025,15.5562,16.0892,6,2025,174
2025-06-24,17.3288626086957,16.953,17.607,0.139389111111015,17.1434,17.508,6,2025,175
2025-06-25,16.9369826086957,16.705,17.056,0.0662052797731262,16.839,17.01,6,2025,176
2025-06-26,17.0519408695652,16.767,17.177,0.0858066052293446,16.9252,17.148,6,2025,177
2025-06-27,16.6940643478261,16.482,16.838,0.0788501712786993,16.581,16.7916,6,2025,178
2025-06-28,16.4386904347826,16.234,16.656,0.107272479409495,16.299,16.593,6,2025,179
2025-06-29,16.9338139130435,16.49,17.491,0.22142722469011,16.6664,17.2534,6,2025,180
2025-06-30,16.8099339130435,16.388,17.543,0.223944498664398,16.5764,17.1516,6,2025,181
2025-07-01,17.4521930434783,16.975,17.818,0.218461174969246,17.1244,17.7032,7,2025,182
2025-07-02,17.8962173913043,17.568,18.184,0.160340696860897,17.681,18.1262,7,2025,183
2025-07-03,18.1835843478261,17.797,18.515,0.18864703347496,17.8928,18.4146,7,2025,184
2025-07-04,18.066667826087,17.449,18.495,0.205892776612716,17.76,18.286,7,2025,185
2025-07-05,17.8041634782609,17.058,18.075,0.153530318159483,17.626,17.971,7,2025,186
2025-07-06,17.5490730434783,16.709,17.926,0.183783584155878,17.3384,17.7868,7,2025,187
2025-07-07,17.410107826087,16.733,17.713,0.16172571800884,17.2018,17.5958,7,2025,188
2025-07-08,17.3295860869565,16.706,17.852,0.255157044927481,16.9846,17.6772,7,2025,189
2025-07-09,17.5383791304348,16.786,18.237,0.339087727102761,17.0852,18.0044,7,2025,190
2025-07-10,17.0354139130435,16.467,17.567,0.261549508603418,16.6854,17.4,7,2025,191
2025-07-11,17.1396834782609,16.602,17.626,0.234434824836019,16.8298,17.4624,7,2025,192
2025-07-12,17.2525860869565,16.699,17.725,0.243375906494129,16.9226,17.5842,7,2025,193
2025-07-13,17.327827826087,16.741,17.805,0.242715947725133,17.004,17.6522,7,2025,194
2025-07-14,17.5651704347826,16.955,18.034,0.243217003869106,17.2358,17.884,7,2025,195
2025-07-15,20.3215495652174,20.119,20.638,0.128485810015137,20.175,20.5188,7,2025,196
2025-07-16,20.1155286956522,19.983,20.579,0.135912180067884,19.995,20.3378,7,2025,197
2025-07-17,20.1757356521739,20.017,20.736,0.175953974318923,20.025,20.467,7,2025,198
2025-07-18,20.3382834782609,20.187,20.844,0.159324897565937,20.209,20.603,7,2025,199
2025-07-19,19.9390973913043,19.36,20.314,0.231379579181424,19.6018,20.2256,7,2025,200
2025-07-20,17.4659147826087,16.867,17.949,0.280039789433773,17.0668,17.8092,7,2025,201
2025-07-21,16.7170069565217,16.4,17.273,0.190868590309809,16.4744,16.978,7,2025,202
2025-07-22,16.6696886956522,16.453,16.991,0.132193207222429,16.5054,16.8542,7,2025,203
2025-07-23,16.5918643478261,16.159,16.845,0.141748743575049,16.3782,16.7542,7,2025,204
2025-07-24,16.6897165217391,16.291,17.095,0.205084680364684,16.3874,16.932,7,2025,205
2025-07-25,16.9185826086957,16.44,17.294,0.214385881804808,16.595,17.1458,7,2025,206
2025-07-26,17.0662347826087,16.413,17.758,0.279362406541681,16.629,17.4152,7,2025,207
2025-07-27,17.1548886956522,16.613,17.563,0.21387640475195,16.8102,17.4104,7,2025,208
2025-07-28,18.0805826086957,17.967,18.197,0.0558438250665274,18.007,18.1596,7,2025,209
2025-07-29,18.9310956521739,18.712,19.178,0.0695683022248152,18.8464,19.015,7,2025,210
2025-07-30,18.7922243478261,18.53,18.928,0.0737711412930823,18.6808,18.8616,7,2025,211
2025-07-31,17.9911408695652,17.808,18.171,0.0720542477302144,17.8988,18.0896,7,2025,212
2025-08-01,17.8025756521739,17.501,18.087,0.0765454074791591,17.7274,17.872,8,2025,213
2025-08-02,17.8079530434783,17.425,18.123,0.0893080029674338,17.7314,17.8868,8,2025,214
2025-08-03,17.6073669565217,17.373,17.821,0.0868462293213782,17.505,17.731,8,2025,215
2025-08-04,17.5558852173913,17.367,17.883,0.113518962055907,17.4264,17.7142,8,2025,216
2025-08-05,17.7468313043478,17.302,18.09,0.123095828485192,17.5942,17.8886,8,2025,217
2025-08-06,18.1658486956522,17.446,18.537,0.219893171071399,17.8354,18.4272,8,2025,218
2025-08-07,18.2873269565217,17.619,18.774,0.230403911858297,17.9734,18.585,8,2025,219
2025-08-08,18.2751426086957,17.721,18.694,0.173625685260081,18.0312,18.486,8,2025,220
2025-08-09,18.5669426086957,18.303,18.988,0.168126275268595,18.371,18.7988,8,2025,221
2025-08-10,19.1754626086957,19.047,19.487,0.0923372940055254,19.075,19.2974,8,2025,222
2025-08-11,20.025892173913,19.747,20.445,0.149545742566715,19.8614,20.2486,8,2025,223
2025-08-12,20.2234713043478,19.732,20.965,0.33351323121375,19.8184,20.7452,8,2025,224
2025-08-13,20.3213130434783,19.594,21.201,0.398180731407755,19.838,20.9358,8,2025,225
2025-08-14,20.4850573913043,20.015,21.051,0.222055032519082,20.2242,20.823,8,2025,226
2025-08-15,20.1942956521739,19.941,20.555,0.134771000374855,20.046,20.387,8,2025,227
2025-08-16,19.77932,19.455,20.057,0.129396475779873,19.6124,19.9656,8,2025,228
2025-08-17,19.4752591304348,19.059,19.829,0.190425876959953,19.224,19.724,8,2025,229
2025-08-18,19.0121304347826,18.721,19.304,0.128553431301105,18.8284,19.1802,8,2025,230
2025-08-19,19.1322817391304,18.788,19.402,0.12642061285983,18.951,19.2816,8,2025,231
2025-08-20,17.1986904347826,16.464,18.024,0.402100796248761,16.7114,17.7708,8,2025,232
2025-08-21,17.1484817391304,16.147,18.287,0.552535359295884,16.5208,18.019,8,2025,233
2025-08-22,17.2248973913043,16.104,18.604,0.641205206334769,16.535,18.2602,8,2025,234
2025-08-23,17.0608730434783,16.12,18.118,0.503043811400614,16.4488,17.8026,8,2025,235
2025-08-24,16.8186330434783,16.176,17.493,0.303337025717327,16.4296,17.2386,8,2025,236
2025-08-25,19.2044017391304,18.981,19.407,0.091949976915766,19.0858,19.328,8,2025,237
2025-08-26,18.6395547826087,18.442,18.822,0.081696451250635,18.529,18.7486,8,2025,238
2025-08-27,16.9663339130435,16.799,17.222,0.102524866438077,16.8354,17.1152,8,2025,239
2025-08-28,16.7976539130435,16.371,17.122,0.163863481722825,16.5684,16.9856,8,2025,240
2025-08-29,16.8500730434783,16.391,17.245,0.184909352178172,16.6002,17.0736,8,2025,241
2025-08-30,16.9203426086957,16.603,17.085,0.0747554608738714,16.818,17.003,8,2025,242
2025-08-31,17.0661808695652,16.731,17.489,0.179370012475745,16.8394,17.3112,8,2025,243
2025-09-01,17.2288452173913,16.884,17.654,0.188714222787101,16.9744,17.4856,9,2025,244
2025-09-02,17.4579130434783,17.072,17.953,0.175344656385506,17.243,17.7116,9,2025,245
2025-09-03,17.5118713043478,17.066,18.023,0.22099680920853,17.2128,17.8276,9,2025,246
2025-09-04,17.5401947826087,17.045,18.025,0.232121341962203,17.2066,17.8096,9,2025,247
2025-09-05,17.6804765217391,17.263,18.215,0.263469776357901,17.3472,18.0706,9,2025,248
2025-09-06,17.7434817391304,17.192,18.305,0.321241617681721,17.3422,18.2286,9,2025,249
2025-09-07,17.3971060869565,17.104,17.796,0.177169570384425,17.1668,17.658,9,2025,250
2025-09-08,16.5043704347826,16.064,17.13,0.311803537764894,16.104,16.9146,9,2025,251
2025-09-09,16.4688626086957,15.998,16.819,0.213012481624146,16.1596,16.741,9,2025,252
2025-09-10,16.4775391304348,16.133,16.936,0.188146751556314,16.2004,16.7082,9,2025,253
2025-09-11,16.1883773913043,15.872,16.986,0.194099623770595,16.009,16.4526,9,2025,254
2025-09-12,16.1147339130435,15.911,16.594,0.111175398106186,15.9928,16.2646,9,2025,255
2025-09-13,16.0189756521739,15.684,16.421,0.145590481338324,15.828,16.195,9,2025,256
2025-09-14,16.1880643478261,15.843,16.687,0.208505803440028,15.9378,16.499,9,2025,257
2025-09-15,16.2568626086957,15.733,16.781,0.266799348276133,15.9158,16.6342,9,2025,258
2025-09-16,16.24716,15.755,16.712,0.233246065280084,15.9472,16.5766,9,2025,259
2025-09-17,16.2635547826087,15.918,16.581,0.131717414924278,16.106,16.4546,9,2025,260
2025-09-18,16.7876869565217,16.283,17.258,0.175218925541445,16.5954,17.0398,9,2025,261
2025-09-19,16.9219269565217,16.315,17.379,0.225581350902213,16.6078,17.2002,9,2025,262
2025-09-20,16.5840991304348,16.201,17.031,0.223137398296221,16.2894,16.912,9,2025,263
2025-09-21,16.0175426086957,15.511,16.652,0.226885006353804,15.732,16.35,9,2025,264
2025-09-22,15.8220104347826,15.04,16.129,0.204602265380761,15.5344,16.0536,9,2025,265
2025-09-23,15.6995791304348,14.994,16.056,0.168900740646333,15.4938,15.882,9,2025,266
2025-09-24,15.8141495652174,15.133,16.131,0.174608746989011,15.57,16.0016,9,2025,267
2025-09-25,16.0661530434783,15.431,16.974,0.399713116922655,15.631,16.7176,9,2025,268
2025-09-26,16.1504330434783,15.461,17.183,0.422572438117713,15.6838,16.845,9,2025,269
2025-09-27,16.0962643478261,15.554,16.908,0.345289248587504,15.7062,16.6456,9,2025,270
2025-09-28,16.2351391304348,15.91,16.637,0.161843349593379,16.0184,16.4882,9,2025,271
2025-09-29,16.1520869565217,15.872,16.541,0.168336986005589,15.9614,16.4006,9,2025,272
2025-09-30,15.9930452173913,15.59,16.322,0.165433707389623,15.766,16.2096,9,2025,273
2025-10-01,15.5069565217391,14.982,15.913,0.187841961861464,15.227,15.7188,10,2025,274
2025-10-02,14.9307391304348,14.534,15.223,0.195581518643208,14.6532,15.175,10,2025,275
2025-10-03,14.9497686956522,14.459,15.261,0.184736398680457,14.6586,15.175,10,2025,276
2025-10-04,15.0644173913043,14.514,15.419,0.140568617701041,14.9134,15.2732,10,2025,277
2025-10-05,15.0264486956522,14.497,15.438,0.162633832514212,14.8124,15.2286,10,2025,278
2025-10-06,15.222227826087,14.973,15.664,0.134698392952854,15.0794,15.4136,10,2025,279
2025-10-07,15.4292017391304,15.1,15.657,0.138515301851977,15.2384,15.6206,10,2025,280
2025-10-08,14.7610817391304,14.451,15.057,0.175899367206734,14.512,14.994,10,2025,281
2025-10-09,14.4681530434783,13.994,14.978,0.179711404981549,14.249,14.692,10,2025,282
2025-10-10,13.7256834782609,13.3,14.141,0.185952938826639,13.4744,13.9648,10,2025,283
2025-10-11,13.4717565217391,13.094,13.824,0.189827796128497,13.2044,13.7328,10,2025,284
2025-10-12,13.5071791304348,13.151,13.732,0.145757749416359,13.324,13.7036,10,2025,285
2025-10-13,13.4110539130435,13.087,13.639,0.115640055879699,13.247,13.549,10,2025,286
2025-10-14,12.7137443478261,12.478,12.889,0.0896667214704077,12.593,12.8286,10,2025,287
2025-10-15,12.7172365217391,12.45,12.857,0.105001989636397,12.5654,12.835,10,2025,288
2025-10-16,12.6400573913043,12.399,12.861,0.103446186131914,12.5114,12.7786,10,2025,289
2025-10-17,12.56796,12.325,12.757,0.121377374490997,12.3994,12.737,10,2025,290
2025-10-18,12.5500208695652,12.197,12.822,0.178806124687393,12.2804,12.768,10,2025,291
2025-10-19,12.4536330434783,12.059,12.715,0.164403311195396,12.197,12.652,10,2025,292
2025-10-20,12.3540747826087,12.134,12.539,0.0946600904570912,12.208,12.4686,10,2025,293
2025-10-21,12.5629565217391,12.352,12.725,0.0815066307668333,12.45,12.668,10,2025,294
2025-10-22,12.6231269565217,12.464,12.76,0.0666830839099799,12.538,12.719,10,2025,295
2025-10-23,12.6089913043478,12.429,12.778,0.0906896242036057,12.471,12.735,10,2025,296
2025-10-24,12.5693339130435,12.282,12.78,0.119196934582042,12.378,12.699,10,2025,297
2025-10-25,12.3262226086957,12.135,12.432,0.0707564343867039,12.2198,12.4066,10,2025,298
2025-10-26,11.6946626086957,11.548,11.849,0.0841425551815838,11.59,11.817,10,2025,299
2025-10-27,11.7267634782609,11.411,11.956,0.147958063515677,11.5244,11.9116,10,2025,300
2025-10-28,11.7046330434783,11.387,11.979,0.152846359811479,11.5002,11.9016,10,2025,301
2025-10-29,11.7238086956522,11.537,11.882,0.0976509726925858,11.592,11.863,10,2025,302
2025-10-30,11.7039895652174,11.533,11.921,0.0948123025415232,11.5844,11.833,10,2025,303
2025-10-31,11.5906469565217,11.415,11.739,0.0810153696883398,11.4754,11.695,10,2025,304
2025-11-01,11.4952695652174,11.097,11.876,0.203641188928486,11.2132,11.7742,11,2025,305
2025-11-02,11.3450330434783,10.665,11.878,0.309348146769477,10.8888,11.7252,11,2025,306
2025-11-03,10.995092173913,10.408,11.557,0.287457629402511,10.575,11.3476,11,2025,307
2025-11-04,11.1887704347826,10.807,11.451,0.183225407614379,10.917,11.424,11,2025,308
2025-11-05,11.2050539130435,10.914,11.42,0.149837922475136,11.001,11.3976,11,2025,309
2025-11-06,10.9602539130435,10.763,11.138,0.0991839958489827,10.8134,11.095,11,2025,310
2025-11-07,10.7792295652174,10.589,10.995,0.109201566157288,10.6504,10.947,11,2025,311
2025-11-08,10.8146991304348,10.529,11.172,0.169140134000054,10.6064,11.062,11,2025,312
2025-11-09,10.8039843478261,10.446,11.216,0.203263011074221,10.5488,11.0908,11,2025,313
2025-11-10,10.7194886956522,10.232,11.177,0.244752465710343,10.3972,11.0638,11,2025,314
2025-11-11,10.5673808695652,10.203,10.923,0.187091006147073,10.3154,10.829,11,2025,315
2025-11-12,10.5579113043478,10.19,10.881,0.165685580638663,10.3254,10.7686,11,2025,316
2025-11-13,9.96321565217391,9.74900000000002,10.293,0.125718127132782,9.81539999999999,10.1546,11,2025,317
2025-11-14,9.65881391304348,9.45699999999999,9.82299999999998,0.0819362704748668,9.54139999999999,9.76299999999998,11,2025,318
2025-11-15,9.68354086956522,9.42200000000003,9.916,0.086243464526065,9.56940000000001,9.79500000000002,11,2025,319
2025-11-16,9.65279304347826,9.505,9.834,0.0781209235555184,9.548,9.76299999999998,11,2025,320
2025-11-17,9.44287304347826,9.35599999999999,9.66000000000003,0.0702903601146111,9.375,9.55120000000002,11,2025,321
2025-11-18,9.03436173913043,8.71300000000002,9.52800000000002,0.204471089418822,8.80200000000002,9.3684,11,2025,322
2025-11-19,8.8451147826087,8.52300000000002,9.35599999999999,0.211801779432188,8.61500000000001,9.1946,11,2025,323
2025-11-20,8.80436,8.423,9.27699999999999,0.222876070937451,8.55439999999999,9.15119999999998,11,2025,324
2025-11-21,8.69153739130435,8.38200000000001,9.17099999999999,0.203977491354428,8.45480000000001,9.00360000000001,11,2025,325
2025-11-22,8.62912695652174,8.28199999999998,9.26100000000002,0.251802594449963,8.34699999999998,9.00219999999998,11,2025,326
2025-11-23,8.55220869565217,8.20999999999998,9.26799999999997,0.248701271054061,8.29300000000001,8.91600000000002,11,2025,327
2025-11-24,8.34113565217391,8.10500000000002,8.84100000000001,0.177257138261586,8.1548,8.6194,11,2025,328
2025-11-25,8.22861913043478,7.916,8.88799999999998,0.193798449442226,8.03739999999999,8.5304,11,2025,329
2025-11-26,8.37804695652174,8.13600000000002,8.78300000000002,0.133601738837906,8.21579999999998,8.56919999999999,11,2025,330
2025-11-27,8.60068173913044,8.21899999999999,9.04899999999998,0.207645657529954,8.33439999999999,8.9068,11,2025,331
2025-11-28,8.46921565217391,8.02199999999999,9.05799999999999,0.258444466497724,8.14939999999999,8.85079999999998,11,2025,332
2025-11-29,8.07034434782609,7.66399999999999,8.46899999999999,0.232368916324336,7.74900000000002,8.37900000000002,11,2025,333
2025-11-30,7.79167826086956,7.40100000000001,8.29399999999998,0.265859212821873,7.46199999999999,8.20060000000001,11,2025,334
2025-12-01,7.78734086956522,7.58100000000002,8.07299999999998,0.114826950465687,7.64340000000002,7.95060000000001,12,2025,335
2025-12-02,7.70378782608696,7.416,7.99599999999998,0.142221523942207,7.50400000000002,7.89300000000003,12,2025,336
2025-12-03,7.53371826086957,7.11500000000001,7.98000000000002,0.212111018685596,7.24700000000001,7.82879999999999,12,2025,337
2025-12-04,7.32715130434782,6.80799999999999,7.834,0.286359493114994,6.94879999999998,7.7346,12,2025,338
2025-12-05,7.44558260869565,6.94999999999999,7.89300000000003,0.26084816703887,7.0744,7.79359999999999,12,2025,339
2025-12-06,7.36792347826087,7.14999999999998,7.66500000000002,0.145139741824457,7.18700000000001,7.58600000000001,12,2025,340
2025-12-07,7.08281391304348,6.93000000000001,7.31099999999998,0.0981655173451299,6.9674,7.23000000000002,12,2025,341
2025-12-08,6.89589739130435,6.62599999999998,7.25099999999998,0.149188308771227,6.69839999999999,7.11599999999999,12,2025,342
2025-12-09,6.75364173913043,6.60199999999998,7.19799999999998,0.124246440776991,6.6344,6.93019999999998,12,2025,343
2025-12-10,6.87327304347826,6.73399999999998,7.24700000000001,0.103553905672814,6.7694,7.01720000000002,12,2025,344
2025-12-11,7.17484347826087,6.964,7.41000000000003,0.108714310199882,7.0274,7.3246,12,2025,345
2025-12-12,7.18897391304348,6.93000000000001,7.49200000000002,0.119092230009344,7.0212,7.33600000000001,12,2025,346
2025-12-13,7.16295130434783,6.89499999999998,7.62,0.144983590544037,6.9864,7.36179999999999,12,2025,347
2025-12-14,6.39572173913044,6.084,7.01999999999998,0.265974218309468,6.12539999999999,6.82719999999999,12,2025,348
2025-12-15,6.99930260869565,6.78300000000002,7.19,0.100385783261315,6.85639999999999,7.13099999999997,12,2025,349
2025-12-16,6.52599130434783,6.27699999999999,6.81900000000002,0.12692839318854,6.36740000000001,6.72199999999998,12,2025,350
2025-12-17,6.7970747826087,6.45799999999997,7.13,0.168397322309129,6.55840000000001,7.01600000000002,12,2025,351
2025-12-18,6.55592869565217,6.20699999999999,7.00700000000001,0.186881719643195,6.30580000000001,6.81679999999999,12,2025,352
2025-12-19,6.32487826086957,6.02999999999997,6.72800000000001,0.155101312726598,6.12020000000002,6.5332,12,2025,353
2025-12-20,6.39820173913044,6.13400000000001,6.71899999999999,0.139476901027786,6.20980000000001,6.58760000000001,12,2025,354
2025-12-21,6.2192852173913,5.97899999999998,6.654,0.147038412722448,6.0434,6.43919999999999,12,2025,355
2025-12-22,6.15670434782609,5.952,6.68200000000002,0.15109637496678,5.99900000000002,6.38820000000001,12,2025,356
2025-12-23,6.17999826086956,6.00299999999999,6.51900000000001,0.113293988682253,6.04540000000001,6.3462,12,2025,357
2025-12-24,6.09750086956522,5.89800000000002,6.31799999999998,0.107371004767339,5.95400000000001,6.24960000000001,12,2025,358
2025-12-25,5.62439304347826,5.49799999999999,6.02800000000002,0.0954950349163919,5.53739999999999,5.7562,12,2025,359
2025-12-26,5.55267304347826,5.37,6.13600000000002,0.137418728164968,5.40840000000001,5.73899999999998,12,2025,360
2025-12-27,5.64576347826087,5.51400000000001,6.113,0.120178510032347,5.52499999999998,5.81359999999999,12,2025,361
2025-12-28,5.63882434782609,5.45699999999999,6.17500000000001,0.154531286702446,5.49599999999998,5.8692,12,2025,362
2025-12-29,5.60228695652174,5.36700000000002,6.06,0.147922922603841,5.42979999999998,5.80860000000001,12,2025,363
2025-12-30,5.14999826086957,4.92000000000002,5.57400000000001,0.156503247721869,4.976,5.39020000000003,12,2025,364
2025-12-31,5.13570608695652,4.89800000000002,5.52199999999999,0.152626535889596,4.95699999999999,5.36319999999999,12,2025,365
2026-01-01,4.61467130434783,4.428,5.00299999999999,0.123131178997552,4.46600000000001,4.78960000000001,1,2026,1
