"year","month","mean.anom","series"
2013,12,-1.50315801406123,"PHTG"
2014,1,-1.56631752084938,"PHTG"
2014,2,-0.718616034880362,"PHTG"
2014,3,-1.48316098904986,"PHTG"
2014,4,-1.31971077205718,"PHTG"
2014,5,-0.577701369047602,"PHTG"
2014,6,-0.0978807267548294,"PHTG"
2014,7,-1.24278505824698,"PHTG"
2014,8,-0.477759123822438,"PHTG"
2014,9,-0.386285107175781,"PHTG"
2014,10,0.347600840611689,"PHTG"
2014,11,0.205280145250645,"PHTG"
2014,12,-0.141190147683411,"PHTG"
2015,1,0.105137825626133,"PHTG"
2015,2,-2.33867597204967,"PHTG"
2015,3,-2.01035224901974,"PHTG"
2015,4,-1.19641254674854,"PHTG"
2015,5,-0.340360952594282,"PHTG"
2015,6,-0.267535488659591,"PHTG"
2015,7,0.0704119463613181,"PHTG"
2015,8,0.377031689456279,"PHTG"
2015,9,0.890833719984712,"PHTG"
2015,10,-0.549310588386434,"PHTG"
2015,11,0.293631997102496,"PHTG"
2015,12,1.4816401134533,"PHTG"
2016,1,1.26280322287822,"PHTG"
2016,2,1.27736552157237,"PHTG"
2016,3,1.05013065872041,"PHTG"
2016,4,0.145250148256767,"PHTG"
2016,5,-0.399686837257625,"PHTG"
2016,6,0.469608656748034,"PHTG"
2016,7,0.500397043791386,"PHTG"
2016,8,0.739434759238554,"PHTG"
2016,9,0.787910229576068,"PHTG"
2016,10,0.598057543651819,"PHTG"
2016,11,0.412237702834746,"PHTG"
2016,12,0.0747277625658549,"PHTG"
2017,1,0.407070695996503,"PHTG"
2017,2,0.429312205860379,"PHTG"
2017,3,-0.634330326294829,"PHTG"
2017,4,-0.583559537489282,"PHTG"
2017,5,-0.998194573946049,"PHTG"
2017,6,-1.26137262490298,"PHTG"
2017,7,-0.904728435956483,"PHTG"
2017,8,-0.974784213428173,"PHTG"
2017,9,-0.722431712114053,"PHTG"
2017,10,0.640498466059717,"PHTG"
2017,11,0.190317182287682,"PHTG"
2017,12,-0.836554330991142,"PHTG"
2018,1,-2.27565331834041,"PHTG"
2018,2,0.750160656351686,"PHTG"
2018,3,0.340737888601481,"PHTG"
2018,4,-0.782851204155948,"PHTG"
2018,5,0.232525525473647,"PHTG"
2018,6,0.174464180652578,"PHTG"
2018,7,0.617045757591903,"PHTG"
2018,8,0.933866100191898,"PHTG"
2018,9,1.1101701397378,"PHTG"
2018,10,-0.107845854643474,"PHTG"
2018,11,-1.39884683887634,"PHTG"
2018,12,-1.02175821650358,"PHTG"
2019,1,-0.614359890633504,"PHTG"
2019,2,-0.712704989906817,"PHTG"
2019,3,-0.490888824683476,"PHTG"
2019,4,-0.174640122433711,"PHTG"
2019,5,-0.530262599633026,"PHTG"
2019,6,-0.25211683786594,"PHTG"
2019,7,0.979612961892979,"PHTG"
2019,8,0.320929600336716,"PHTG"
2019,9,0.162293596527923,"PHTG"
2019,10,-0.17227589816626,"PHTG"
2019,11,-0.775984485490154,"PHTG"
2019,12,-0.931875364870644,"PHTG"
2020,1,0.564569202567591,"PHTG"
2020,2,1.05895396346254,"PHTG"
2020,3,1.46871111810298,"PHTG"
2020,4,0.373472370478989,"PHTG"
2020,5,0.0166760232987843,"PHTG"
2020,6,1.45310248390853,"PHTG"
2020,7,2.41256310241914,"PHTG"
2020,8,1.72382969234036,"PHTG"
2020,9,-0.0379852179547973,"PHTG"
2020,10,-0.0931551206253615,"PHTG"
2020,11,-0.125445939140562,"PHTG"
2020,12,-0.260977135880979,"PHTG"
2021,1,0.929532080191758,"PHTG"
2021,2,0.274262602685775,"PHTG"
2021,3,0.653694472010219,"PHTG"
2021,4,1.48873830201689,"PHTG"
2021,5,1.32885030359278,"PHTG"
2021,6,1.41601742139332,"PHTG"
2021,7,1.58511027372094,"PHTG"
2021,8,2.09296817605809,"PHTG"
2021,9,1.78496026319459,"PHTG"
2021,10,2.0380313214958,"PHTG"
2021,11,1.45071687364571,"PHTG"
2021,12,0.879080376296791,"PHTG"
2022,1,-0.148779438412098,"PHTG"
2022,2,0.0975810550667277,"PHTG"
2022,3,0.909760747261866,"PHTG"
2022,4,0.758904968683558,"PHTG"
2022,5,1.24649815305515,"PHTG"
2022,6,1.41802668065258,"PHTG"
2022,7,0.971010811355345,"PHTG"
2022,8,2.15907368681078,"PHTG"
2022,9,1.05815510446443,"PHTG"
2022,10,0.65721142902268,"PHTG"
2022,11,1.58010576253459,"PHTG"
2022,12,0.321372789677914,"PHTG"
2023,1,1.27554590507655,"PHTG"
2023,2,1.5840059062572,"PHTG"
2023,3,0.884214611644456,"PHTG"
2023,4,1.24100219090578,"PHTG"
2023,5,0.814374497141168,"PHTG"
2023,6,1.65072112509702,"PHTG"
2023,7,2.14013715544137,"PHTG"
2023,8,0.481032692187119,"PHTG"
2023,9,1.18291859652792,"PHTG"
2023,10,1.41890497740978,"PHTG"
2023,11,0.468064095867929,"PHTG"
2023,12,0.685969937228691,"PHTG"
2024,1,1.00080128142064,"PHTG"
2024,2,1.06116501071669,"PHTG"
2024,3,1.32113549298776,"PHTG"
2024,4,0.322323064923433,"PHTG"
2024,5,1.18372415437917,"PHTG"
2024,6,1.39397748390853,"PHTG"
2024,7,0.848006650806235,"PHTG"
2024,8,1.06315316904287,"PHTG"
2024,9,0.471040245008166,"PHTG"
2024,10,0.869076062170338,"PHTG"
2024,11,0.558898196661907,"PHTG"
2024,12,-0.385439501472377,"PHTG"
2025,1,-0.321214847611621,"PHTG"
2025,2,-0.975986653266605,"PHTG"
2025,3,0.272020706777867,"PHTG"
2025,4,-0.151164475760886,"PHTG"
2025,5,0.574483944145776,"PHTG"
2025,6,0.369784010899492,"PHTG"
2025,7,0.498403284473624,"PHTG"
2025,8,0.635669788961314,"PHTG"
2025,9,0.879099152083478,"PHTG"
2025,10,0.786714117194723,"PHTG"
2025,11,-0.108491459687627,"PHTG"
2025,12,-1.70991155918708,"PHTG"
