"year","week","mean.weekly","mean.anom","dectime"
2003,1,3.36419560185185,-0.934595203734649,2003.01886792453
2003,2,2.34866402116402,-1.36892074074183,2003.03773584906
2003,3,1.69298654244306,-1.4958742847096,2003.05660377358
2003,4,0.312223790702052,-2.40543683499516,2003.07547169811
2003,5,-0.120380783892504,-2.45120935030428,2003.09433962264
2003,6,0.571664078674948,-1.48354497949366,2003.11320754717
2003,7,0.328053255118472,-1.58873209974536,2003.1320754717
2003,8,-0.414696712018141,-2.34096104080914,2003.15094339623
2003,9,0.236205357142857,-1.83689481718624,2003.16981132075
2003,10,0.607142857142857,-1.73668350121344,2003.18867924528
2003,11,1.01321428571429,-1.71176158222878,2003.20754716981
2003,12,1.83571881469979,-1.36736287546012,2003.22641509434
2003,13,NA,NA,2003.24528301887
2003,14,3.31621635610766,-1.08131590215271,2003.2641509434
2003,15,3.1878621031746,-1.90177671546768,2003.28301886792
2003,16,4.41546130952381,-1.41395210924191,2003.30188679245
2003,17,5.36921130952381,-1.23596982354542,2003.32075471698
2003,18,6.09766369047619,-1.30760378499107,2003.33962264151
2003,19,7.12375,-1.09452184125161,2003.35849056604
2003,20,8.04072420634921,-0.993555936435678,2003.37735849057
2003,21,9.33953869047619,-0.504676688592364,2003.39622641509
2003,22,9.21473214285714,-1.42430031895804,2003.41509433962
2003,23,10.2792113095238,-1.1304749932135,2003.43396226415
2003,24,10.8102232142857,-1.33691506417912,2003.45283018868
2003,25,11.7959958791209,-1.04697371657627,2003.47169811321
2003,26,13.3831101190476,-0.107679620961936,2003.49056603774
2003,27,13.6550148809524,-0.429911765727305,2003.50943396226
2003,28,15.1927232142857,0.5730040956405,2003.52830188679
2003,29,15.1856547619048,0.096148803060948,2003.54716981132
2003,30,14.0857738095238,-1.40284361530738,2003.56603773585
2003,31,13.6119288003663,-2.19916700947044,2003.58490566038
2003,32,14.8588392857143,-1.19155549665795,2003.60377358491
2003,33,15.8343005952381,-0.36554007331662,2003.62264150943
2003,34,15.384181547619,-0.868577818745,2003.64150943396
2003,35,14.2341369047619,-1.96833986901821,2003.66037735849
2003,36,14.0764732142857,-1.96614954091122,2003.67924528302
2003,37,14.9990178571429,-0.77267237028103,2003.69811320755
2003,38,15.6837965838509,0.289313221260919,2003.71698113208
2003,39,15.6716369047619,0.755035298862094,2003.7358490566
2003,40,14.5287053571429,0.185060923030379,2003.75471698113
2003,41,12.6260416666667,-1.05516965898137,2003.77358490566
2003,42,12.3842410714286,-0.55166767028616,2003.79245283019
2003,43,10.7305357142857,-1.39253527772951,2003.81132075472
2003,44,10.455894510582,-0.809346835415075,2003.83018867925
2003,45,9.82994047619048,-0.555520739626297,2003.84905660377
2003,46,8.75173611111111,-0.755035902519653,2003.8679245283
2003,47,NA,NA,2003.88679245283
2003,48,7.36114583333333,-0.76232228076946,2003.90566037736
2003,49,NA,NA,2003.92452830189
2003,50,3.72511904761905,-2.61868570586896,2003.94339622642
2003,51,3.1852141563147,-2.45474345153655,2003.96226415094
2003,52,4.01085648148148,-0.943179924587198,2003.98113207547
2004,1,5.27859085648148,1.04216675381867,2004.01886792453
2004,2,4.03650540573372,0.240258109840122,2004.03773584906
2004,3,2.02787698412698,-1.23362008114414,2004.05660377358
2004,4,1.26517857142857,-1.51525708096464,2004.07547169811
2004,5,0.0577097505668934,-2.32219771556522,2004.09433962264
2004,6,0.180511148904006,-1.90624576645611,2004.11320754717
2004,7,0.349166666666667,-1.57825217845167,2004.1320754717
2004,8,0.208081065759637,-1.70810545925561,2004.15094339623
2004,9,0.816369047619048,-1.2278553551559,2004.16981132075
2004,10,2.02505952380952,-0.273016954204147,2004.18867924528
2004,11,2.32654761904762,-0.337728118754286,2004.20754716981
2004,12,2.06049107142857,-1.06886409778157,2004.22641509434
2004,13,2.31126488095238,-1.36863406047795,2004.24528301887
2004,14,3.36795289855072,-0.935279016168181,2004.2641509434
2004,15,3.52928571428571,-1.45828998570416,2004.28301886792
2004,16,4.4925,-1.22875537151113,2004.30188679245
2004,17,5.85592261904762,-0.636673384673633,2004.32075471698
2004,18,5.92575892857143,-1.36416374924852,2004.33962264151
2004,19,6.7409375,-1.36079337671408,2004.35849056604
2004,20,8.2447619047619,-0.673106479681322,2004.37735849057
2004,21,9.75822916666667,0.0290041842742674,2004.39622641509
2004,22,9.73370535714286,-0.793050225131302,2004.41509433962
2004,23,9.72910714285714,-1.57230795294392,2004.43396226415
2004,24,10.9017410714286,-1.14241879356851,2004.45283018868
2004,25,11.1083333333333,-1.63803832130246,2004.47169811321
2004,26,12.0786160714286,-1.32278262293282,2004.49056603774
2004,27,12.7861011904762,-1.21745004840601,2004.50943396226
2004,28,13.4192113095238,-1.12795678161206,2004.52830188679
2004,29,14.0142113095238,-1.01237674453629,2004.54716981132
2004,30,14.9727976190476,-0.463349058512833,2004.56603773585
2004,31,15.0125297619048,-0.757434695069812,2004.58490566038
2004,32,14.7057738095238,-1.31578095052485,2004.60377358491
2004,33,14.0702678571429,-2.1139775627726,2004.62264150943
2004,34,14.5030803571429,-1.74828197741198,2004.64150943396
2004,35,14.4117205831608,-1.80451081878588,2004.66037735849
2004,36,15.2632738095238,-0.80905364872569,2004.67924528302
2004,37,15.3149404761905,-0.502091587588217,2004.69811320755
2004,38,15.0291071428571,-0.425557283639332,2004.71698113208
2004,39,14.2283333333333,-0.76248863877328,2004.7358490566
2004,40,13.8998214285714,-0.531282748796879,2004.75471698113
2004,41,13.2665476190476,-0.514562899993134,2004.77358490566
2004,42,12.5394642857143,-0.507547804091478,2004.79245283019
2004,43,11.0911904761905,-1.1512922092802,2004.81132075472
2004,44,10.0702380952381,-1.31943165927079,2004.83018867925
2004,45,9.74529761904762,-0.766317090029233,2004.84905660377
2004,46,8.32043154761905,-1.31092741371201,2004.8679245283
2004,47,7.18308035714286,-1.58886318535215,2004.88679245283
2004,48,7.35761904761905,-0.596471587555057,2004.90566037736
2004,49,6.93998511904762,-0.24166419757827,2004.92452830189
2004,50,5.05269345238095,-1.39364685796612,2004.94339622642
2004,51,5.03331845238095,-0.705882192029612,2004.96226415094
2004,52,4.71190476190476,-0.3393625849845,2004.98113207547
2004,53,3.35425,-1.11580058438544,2005
2005,1,3.69767857142857,-0.257459064094882,2005.01886792453
2005,2,3.13392857142857,-0.276049776970916,2005.03773584906
2005,3,1.71041666666667,-1.20042138124704,2005.05660377358
2005,4,-0.222409297052154,-2.70697043999054,2005.07547169811
2005,5,0.617748015873016,-1.54024402647279,2005.09433962264
2005,6,1.12449404761905,-0.833431556691005,2005.11320754717
2005,7,1.62706101190476,-0.277536589032776,2005.1320754717
2005,8,0.707544642857143,-1.28667038928761,2005.15094339623
2005,9,0.532596726190476,-1.68089765262037,2005.16981132075
2005,10,0.89046130952381,-1.6585073184825,2005.18867924528
2005,11,1.53666666666667,-1.45050410013497,2005.20754716981
2005,12,2.6097619047619,-0.904883118777523,2005.22641509434
2005,13,3.30429865424431,-0.814101966900733,2005.24528301887
2005,14,4.16059523809524,-0.625908826737965,2005.2641509434
2005,15,4.77790178571429,-0.729377302074938,2005.28301886792
2005,16,6.15083333333333,-0.11821743111832,2005.30188679245
2005,17,6.41495535714286,-0.64518881211619,2005.32075471698
2005,18,6.75780505952381,-1.11113138487787,2005.33962264151
2005,19,7.26333333333333,-1.42144519618433,2005.35849056604
2005,20,7.91309523809524,-1.58532883178704,2005.37735849057
2005,21,8.27907738095238,-2.02175054216637,2005.39622641509
2005,22,8.89239583333333,-2.19054916760631,2005.41509433962
2005,23,10.7324553571429,-1.10327485791465,2005.43396226415
2005,24,12.4069642857143,-0.143337381656142,2005.45283018868
2005,25,11.9723214285714,-1.24707446544922,2005.47169811321
2005,26,13.1156696428571,-0.721563467483877,2005.49056603774
2005,27,13.5866220238095,-0.81153009545969,2005.50943396226
2005,28,13.9432886904762,-0.953203033266714,2005.52830188679
2005,29,14.6512053571429,-0.675385240411692,2005.54716981132
2005,30,14.4688988095238,-1.21378818294244,2005.56603773585
2005,31,15.5112351190476,-0.447216219078864,2005.58490566038
2005,32,15.133340709698,-1.01388221717284,2005.60377358491
2005,33,15.7613424534834,-0.480985203195963,2005.62264150943
2005,34,15.5930311291183,-0.644060296413396,2005.64150943396
2005,35,15.4846880217996,-0.640172462389028,2005.66037735849
2005,36,15.5485605405206,-0.352583301950367,2005.67924528302
2005,37,14.8328110827664,-0.73598640263328,2005.69811320755
2005,38,14.6209951496916,-0.512381311026667,2005.71698113208
2005,39,13.0107780612245,-1.58970218396121,2005.7358490566
2005,40,12.9087202380952,-1.06698807746604,2005.75471698113
2005,41,12.6143005952381,-0.650493191607021,2005.77358490566
2005,42,11.550818452381,-0.927464309588616,2005.79245283019
2005,43,10.2819907407407,-1.35492321908319,2005.81132075472
2005,44,10.2646726190476,-0.499047163544299,2005.83018867925
2005,45,9.90900297619048,0.0272613337604692,2005.84905660377
2005,46,9.37431547619048,0.360294524695807,2005.8679245283
2005,47,8.90275621118012,0.719893737390055,2005.88679245283
2005,48,8.21158708592132,0.813421227868645,2005.90566037736
2005,49,7.28321428571429,0.630052077045238,2005.92452830189
2005,50,5.91633928571429,-0.0225494630354606,2005.94339622642
2005,51,5.5178823757764,0.271499869408718,2005.96226415094
2005,52,5.34048913043478,0.725541565275273,2005.98113207547
2005,53,3.91854166666667,-0.398795047987038,2006
2006,1,3.9172986856139,-0.117910228386221,2006.01886792453
2006,2,4.32833101422387,0.842664147979922,2006.03773584906
2006,3,4.47894986354225,1.50064097396948,2006.05660377358
2006,4,4.37921536796537,1.83923597510648,2006.07547169811
2006,5,3.83166997354497,1.63414718857042,2006.09433962264
2006,6,3.62328869047619,1.64551389444536,2006.11320754717
2006,7,3.0827487244898,1.17958371899749,2006.1320754717
2006,8,3.38702380952381,1.41386385159838,2006.15094339623
2006,9,2.52342261904762,0.348681934240251,2006.16981132075
2006,10,2.79150432900433,0.29706415579572,2006.18867924528
2006,11,3.27553183229814,0.356740422098496,2006.20754716981
2006,12,3.44277810323734,0.00844679542889524,2006.22641509434
2006,13,4.71811100131752,0.69017325483718,2006.24528301887
2006,14,5.35816628100516,0.670602657308502,2006.2641509434
2006,15,NA,NA,2006.28301886792
2006,16,NA,NA,2006.30188679245
2006,17,7.65345238095238,0.707674273192774,2006.32075471698
2006,18,8.27268601190476,0.519949503181769,2006.33962264151
2006,19,9.31043154761905,0.742278373645717,2006.35849056604
2006,20,8.77633928571429,-0.606327009373607,2006.37735849057
2006,21,9.41257440476191,-0.774655479782039,2006.39622641509
2006,22,11.9060520186335,0.933253164579494,2006.41509433962
2006,23,NA,NA,2006.43396226415
2006,24,NA,NA,2006.45283018868
2006,25,13.4790787337662,0.352261584542764,2006.47169811321
2006,26,13.4702070393375,-0.282116360155263,2006.49056603774
2006,27,12.9293799603175,-1.39234022448984,2006.50943396226
2006,28,13.7109970238095,-1.11834928429532,2006.52830188679
2006,29,15.3290827922078,0.0595422206563589,2006.54716981132
2006,30,15.1235267857143,-0.513053011152574,2006.56603773585
2006,31,NA,NA,2006.58490566038
2006,32,15.6792670807453,-0.446567517766996,2006.60377358491
2006,33,14.3481534090909,-1.8865755175689,2006.62264150943
2006,34,14.855193452381,-1.38904228461598,2006.64150943396
2006,35,15.4479613095238,-0.699723814754741,2006.66037735849
2006,36,15.8738988095238,-0.0659823252742773,2006.67924528302
2006,37,15.5004761904762,-0.122240639910055,2006.69811320755
2006,38,15.0797470238095,-0.121930909303294,2006.71698113208
2006,39,13.6668334899749,-1.01553042976207,2006.7358490566
2006,40,13.4115476190476,-0.658826647970383,2006.75471698113
2006,41,13.1921130952381,-0.179244868975997,2006.77358490566
2006,42,12.6544196428571,0.0598828501016018,2006.79245283019
2006,43,11.5731696428571,-0.186425761512564,2006.81132075472
2006,44,10.2444772256729,-0.645059784916557,2006.83018867925
2006,45,NA,NA,2006.84905660377
2006,46,9.94446263227513,0.808227776803673,2006.8679245283
2006,47,9.17933035714286,0.880612153891431,2006.88679245283
2006,48,8.77675595238095,1.26912979239433,2006.90566037736
2006,49,8.22434523809524,1.46684442573631,2006.92452830189
2006,50,8.10348214285714,2.06409606410055,2006.94339622642
2006,51,7.81491228070175,2.47059329344926,2006.96226415094
2006,52,6.93496211679116,2.24201638495155,2006.98113207547
2007,1,NA,NA,2007.01886792453
2007,2,7.02003517316017,3.45781888966186,2007.03773584906
2007,3,4.9069175170068,1.85972904128603,2007.05660377358
2007,4,3.4044494047619,0.807095172414567,2007.07547169811
2007,5,2.56199404761905,0.322436085368774,2007.09433962264
2007,6,NA,NA,2007.11320754717
2007,7,NA,NA,2007.1320754717
2007,8,NA,NA,2007.15094339623
2007,9,0.992098214285714,-1.14629936348796,2007.16981132075
2007,10,0.931717779503106,-1.51032968887902,2007.18867924528
2007,11,1.8872619047619,-0.965011061808399,2007.20754716981
2007,12,2.50053571428571,-0.855072270860743,2007.22641509434
2007,13,3.54227678571429,-0.396545317761321,2007.24528301887
2007,14,3.61386904761905,-0.975863102814048,2007.2641509434
2007,15,3.63266369047619,-1.66398577919981,2007.28301886792
2007,16,4.18162202380952,-1.86627711183334,2007.30188679245
2007,17,5.52964285714286,-1.3021633656294,2007.32075471698
2007,18,6.19886904761905,-1.43783627760766,2007.33962264151
2007,19,7.32724702380952,-1.12426233659149,2007.35849056604
2007,20,8.16434523809524,-1.10236023053177,2007.37735849057
2007,21,8.70114583333333,-1.37209836733078,2007.39622641509
2007,22,10.2591666666667,-0.602913801558244,2007.41509433962
2007,23,10.8642261904762,-0.759942992545757,2007.43396226415
2007,24,12.148076814059,-0.202433190286182,2007.45283018868
2007,25,12.5594534632035,-0.473755384735228,2007.47169811321
2007,26,12.1186503623188,-1.54761823520409,2007.49056603774
2007,27,12.5256101190476,-1.71841750554232,2007.50943396226
2007,28,13.2382291666667,-1.52259556541074,2007.52830188679
2007,29,13.9345238095238,-1.27647491339917,2007.54716981132
2007,30,NA,NA,2007.56603773585
2007,31,15.7799421296296,-0.108304337030526,2007.58490566038
2007,32,15.3822916666667,-0.720262492960793,2007.60377358491
2007,33,15.1715476190476,-1.05355426090265,2007.62264150943
2007,34,14.6607622354497,-1.58845329015874,2007.64150943396
2007,35,15.4957407407407,-0.672480506278805,2007.66037735849
2007,36,14.9095502645503,-1.06683399788885,2007.67924528302
2007,37,14.0161507936508,-1.65836549207174,2007.69811320755
2007,38,NA,NA,2007.71698113208
2007,39,13.8981547619048,-0.864201492805117,2007.7358490566
2007,40,13.591044973545,-0.572218180387222,2007.75471698113
2007,41,13.7220105820106,0.245703562611043,2007.77358490566
2007,42,12.799417989418,0.089814072357106,2007.79245283019
2007,43,12.1665674603175,0.285007284981454,2007.81132075472
2007,44,10.6118882275132,-0.403219570395398,2007.83018867925
2007,45,9.12810846560846,-1.00517973132674,2007.84905660377
2007,46,8.09699074074074,-1.16215204383149,2007.8679245283
2007,47,7.14414682539683,-1.27142046662671,2007.88679245283
2007,48,6.79212301587302,-0.825799641679226,2007.90566037736
2007,49,5.45332175925926,-1.40917093462681,2007.92452830189
2007,50,4.26691137566138,-1.87344239314488,2007.94339622642
2007,51,2.04826223544974,-3.39428067493597,2007.96226415094
2007,52,2.98551587301587,-1.77458127368144,2007.98113207547
2008,1,3.00803497942387,-1.22032456476354,2008.01886792453
2008,2,3.26540343915344,-0.374144897426411,2008.03773584906
2008,3,2.89651124338624,-0.220887299388734,2008.05660377358
2008,4,2.72798941798942,0.0713820201683984,2008.07547169811
2008,5,1.88428571428571,-0.399733596304539,2008.09433962264
2008,6,2.09297996976568,0.0665012798107332,2008.11320754717
2008,7,1.82791666666667,-0.081303193264257,2008.1320754717
2008,8,2.35248015873016,0.413334814909968,2008.15094339623
2008,9,2.09387566137566,-0.0106286587624701,2008.16981132075
2008,10,2.3228234989648,-0.0690062769904323,2008.18867924528
2008,11,2.42712962962963,-0.360525068712362,2008.20754716981
2008,12,2.5687037037037,-0.709808458034353,2008.22641509434
2008,13,2.74175264550265,-1.10933508431204,2008.24528301887
2008,14,3.20775017253278,-1.2852935101936,2008.2641509434
2008,15,4.29767195767196,-0.895002796760318,2008.28301886792
2008,16,5.40521164021164,-0.533094379159271,2008.30188679245
2008,17,7.87628968253968,1.15802713055884,2008.32075471698
2008,18,7.9607208994709,0.439848714213888,2008.33962264151
2008,19,7.90759259259259,-0.427280866727921,2008.35849056604
2008,20,8.88755952380953,-0.263008437209882,2008.37735849057
2008,21,8.39871527777778,-1.56018196422128,2008.39622641509
2008,22,8.91782407407407,-1.83299213989795,2008.41509433962
2008,23,10.3873214285714,-1.12995836007944,2008.43396226415
2008,24,12.9115658068783,0.662303799883187,2008.45283018868
2008,25,13.8180638227513,0.879476327637306,2008.47169811321
2008,26,14.7516203703704,1.17253516099107,2008.49056603774
2008,27,14.4468121693122,0.281721225747334,2008.50943396226
2008,28,14.4434523809524,-0.247491119655911,2008.52830188679
2008,29,14.4646544312169,-0.686327252230413,2008.54716981132
2008,30,15.4324206349206,-0.107105101091873,2008.56603773585
2008,31,16.4843452380952,0.633815605688846,2008.58490566038
2008,32,16.4296097883598,0.352208720120155,2008.60377358491
2008,33,16.1239512471655,-0.0895147274085823,2008.62264150943
2008,34,14.7146362433862,-1.53741400600348,2008.64150943396
2008,35,14.6058267195767,-1.58065307108961,2008.66037735849
2008,36,15.4895304232804,-0.521106477108449,2008.67924528302
2008,37,15.3199371693122,-0.404242357091288,2008.69811320755
2008,38,14.2460830026455,-1.08616470640833,2008.71698113208
2008,39,14.0026388888889,-0.8378020362103,2008.7358490566
2008,40,14.0020634920635,-0.252295159235239,2008.75471698113
2008,41,12.8209325396825,-0.758669487214406,2008.77358490566
2008,42,12.0940740740741,-0.729342884682785,2008.79245283019
2008,43,10.8334523809524,-1.16928871564171,2008.81132075472
2008,44,10.582585978836,-0.557778989584776,2008.83018867925
2008,45,10.127003968254,-0.132326018139346,2008.84905660377
2008,46,9.80816798941799,0.425490426749746,2008.8679245283
2008,47,8.01542328042328,-0.517980007315199,2008.88679245283
2008,48,6.89763227513227,-0.831449206730761,2008.90566037736
2008,49,6.59554894179894,-0.372615042565005,2008.92452830189
2008,50,6.18708333333333,-0.0547346166788951,2008.94339622642
2008,51,4.82784391534391,-0.713236491536872,2008.96226415094
2008,52,3.29876322751323,-1.5582251555293,2008.98113207547
2009,1,3.45885416666667,-0.777569935996148,2009.01886792453
2009,2,3.23148148148148,-0.564765814412118,2009.03773584906
2009,3,1.82664682539683,-1.4348502398743,2009.05660377358
2009,4,1.25244047619048,-1.52799517620273,2009.07547169811
2009,5,0.976278344671202,-1.40362912146091,2009.09433962264
2009,6,0.931964285714286,-1.15479262964583,2009.11320754717
2009,7,1.54099206349206,-0.386426781626272,2009.1320754717
2009,8,1.98952380952381,0.0733372845085589,2009.15094339623
2009,9,2.23470899470899,0.190484591934046,2009.16981132075
2009,10,NA,NA,2009.18867924528
2009,11,NA,NA,2009.20754716981
2009,12,2.90029761904762,-0.229057550162521,2009.22641509434
2009,13,3.10165343915344,-0.578245502276894,2009.24528301887
2009,14,3.6557208994709,-0.647511015248006,2009.2641509434
2009,15,4.25419973544974,-0.733375964540134,2009.28301886792
2009,16,4.54399470899471,-1.17726066251643,2009.30188679245
2009,17,6.15454365079365,-0.338052352927602,2009.32075471698
2009,18,7.46005291005291,0.170130232232964,2009.33962264151
2009,19,7.9953835978836,-0.106347278830484,2009.35849056604
2009,20,8.33809948979592,-0.579768894647308,2009.37735849057
2009,21,9.7666335978836,0.0374086154911988,2009.39622641509
2009,22,9.95176398337113,-0.574991598903033,2009.41509433962
2009,23,10.7879633532157,-0.513451742585382,2009.43396226415
2009,24,11.9250340136054,-0.119125851391636,2009.45283018868
2009,25,12.3114273904006,-0.434944264235188,2009.47169811321
2009,26,13.5809920634921,0.179593369130668,2009.49056603774
2009,27,13.2477876984127,-0.755763540469499,2009.50943396226
2009,28,13.5048875661376,-1.04228052499831,2009.52830188679
2009,29,13.1178902116402,-1.90869784241988,2009.54716981132
2009,30,14.6167328042328,-0.819413873327648,2009.56603773585
2009,31,14.8343121693122,-0.935652287662405,2009.58490566038
2009,32,14.8593575207861,-1.16219723926257,2009.60377358491
2009,33,15.0133664021164,-1.17087901779905,2009.62264150943
2009,34,16.5168452380952,0.265482903540403,2009.64150943396
2009,35,16.478017526455,0.261786124508347,2009.66037735849
2009,36,15.9453240740741,-0.127003384175426,2009.67924528302
2009,37,15.7391393956573,-0.0778926681214406,2009.69811320755
2009,38,15.797186318972,0.342521892475558,2009.71698113208
2009,39,14.8719477513228,-0.118874220783862,2009.7358490566
2009,40,13.8654809967465,-0.565623180621783,2009.75471698113
2009,41,13.1666468253968,-0.614463693643927,2009.77358490566
2009,42,11.3267096560847,-1.72030243372111,2009.79245283019
2009,43,10.0197501803752,-2.22273250509549,2009.81132075472
2009,44,9.97363095238095,-1.41603880212793,2009.83018867925
2009,45,9.55577310090703,-0.955841608169822,2009.84905660377
2009,46,9.2255505952381,-0.405808366092961,2009.8679245283
2009,47,9.26651455026455,0.494571007769541,2009.88679245283
2009,48,8.94862577639751,0.994535141223411,2009.90566037736
2009,49,8.81371362433862,1.63206430771274,2009.92452830189
2009,50,7.37762117346939,0.931280863122313,2009.94339622642
2009,51,6.25481646825397,0.515615823843404,2009.96226415094
2009,52,4.36984292328042,-0.681424423608839,2009.98113207547
2009,53,4.21235243055556,-0.305941255872944,2010
2010,1,3.35941964285714,-0.51603803210323,2010.01886792453
2010,2,3.12342757936508,-0.211801414182561,2010.03773584906
2010,3,2.68480158730159,-0.16005262702469,2010.05660377358
2010,4,3.1793322467876,0.748154500619046,2010.07547169811
2010,5,2.53408328609221,0.413039288145457,2010.09433962264
2010,6,2.19117063492063,0.250037158689178,2010.11320754717
2010,7,2.79804894179894,0.889097746877634,2010.1320754717
2010,8,3.17599702380952,1.15808075590548,2010.15094339623
2010,9,3.29411375661376,1.03949435925803,2010.16981132075
2010,10,3.77668449505406,1.1710909247072,2010.18867924528
2010,11,4.23152447089947,1.17415269695155,2010.20754716981
2010,12,4.95318452380952,1.35667175126265,2010.22641509434
2010,13,5.1000817271353,0.889905037349454,2010.24528301887
2010,14,6.08958994708995,1.20307051093105,2010.2641509434
2010,15,6.32765873015873,0.713792814867711,2010.28301886792
2010,16,7.18311507936508,0.802573877744302,2010.30188679245
2010,17,8.17474206349206,0.999871693905342,2010.32075471698
2010,18,8.38375661375661,0.398479677528883,2010.33962264151
2010,19,8.14257936507937,-0.658779691434858,2010.35849056604
2010,20,9.57400132275132,-0.0399510997390546,2010.37735849057
2010,21,12.1060185185185,1.69200657264976,2010.39622641509
2010,22,12.5785846560847,1.38609211772274,2010.41509433962
2010,23,11.9837566137566,0.0434073915545368,2010.43396226415
2010,24,12.3712334656085,-0.277576711269185,2010.45283018868
2010,25,13.5528571428571,0.241928565474617,2010.47169811321
2010,26,14.1761748866213,0.255193661501241,2010.49056603774
2010,27,14.9527976190476,0.479490696019647,2010.50943396226
2010,28,16.2006500377929,1.238405563749,2010.52830188679
2010,29,16.4915625,1.10943071963176,2010.54716981132
2010,30,15.841292989418,0.114137957574704,2010.56603773585
2010,31,15.7173214285714,-0.273579030720854,2010.58490566038
2010,32,15.6882586923658,-0.478440994313881,2010.60377358491
2010,33,16.7378703703704,0.4899917583849,2010.62264150943
2010,34,17.4639285714286,1.23616543823915,2010.64150943396
2010,35,17.5711177248677,1.47137622451133,2010.66037735849
2010,36,15.5794510582011,-0.28073765226169,2010.67924528302
2010,37,15.2628571428571,-0.249917432910944,2010.69811320755
2010,38,NA,NA,2010.71698113208
2010,39,15.3662896825397,0.849568126478592,2010.7358490566
2010,40,14.691369047619,0.812087423051896,2010.75471698113
2010,41,13.5789880952381,0.422327417994744,2010.77358490566
2010,42,12.3596428571429,-0.00126614368884402,2010.79245283019
2010,43,11.5832142857143,0.0696312678868772,2010.81132075472
2010,44,10.4060119047619,-0.231711385282906,2010.83018867925
2010,45,9.10004464285714,-0.65632658678324,2010.84905660377
2010,46,9.38172359221466,0.489155343444072,2010.8679245283
2010,47,8.55838128306878,0.490388056667425,2010.88679245283
2010,48,8.27490079365079,0.98538517301386,2010.90566037736
2010,49,6.98404761904762,0.434596867344694,2010.92452830189
2010,50,6.70345238095238,0.864616733280146,2010.94339622642
2010,51,4.87535714285714,-0.273350193760622,2010.96226415094
2010,52,3.63958333333333,-0.92701878292195,2010.98113207547
2010,53,3.49543595679012,-0.781421624989843,2011
2011,1,4.74662202380952,0.791484388286071,2011.01886792453
2011,2,3.63330853174603,0.223330183346544,2011.03773584906
2011,3,3.15814153439153,0.247303486477827,2011.05660377358
2011,4,1.71684523809524,-0.767715904843151,2011.07547169811
2011,5,1.19035714285714,-0.967634899488665,2011.09433962264
2011,6,2.12369047619048,0.165764871880424,2011.11320754717
2011,7,2.86035714285714,0.955759541919605,2011.1320754717
2011,8,2.40277116402116,0.408556131876416,2011.15094339623
2011,9,2.2252380952381,0.0117437164272533,2011.16981132075
2011,10,3.08189699792961,0.532928369923298,2011.18867924528
2011,11,4.22833333333333,1.2411625665317,2011.20754716981
2011,12,4.79714285714286,1.28249783360343,2011.22641509434
2011,13,5.22661375661376,1.10821313546872,2011.24528301887
2011,14,5.71285714285714,0.92635307802394,2011.2641509434
2011,15,7.06922619047619,1.56194710268697,2011.28301886792
2011,16,7.23525297619048,0.966202211738823,2011.30188679245
2011,17,8.07471560846561,1.01457143920656,2011.32075471698
2011,18,9.92255175983437,2.22810235960302,2011.33962264151
2011,26,NA,NA,2011.49056603774
2011,27,NA,NA,2011.50943396226
2011,28,16.4673252078609,1.57083348411802,2011.52830188679
2011,29,16.2237367724868,0.897146174932223,2011.54716981132
2011,30,16.9677380952381,1.28505110277184,2011.56603773585
2011,31,17.8084126984127,1.84996136028621,2011.58490566038
2011,32,18.1105357142857,1.96331278741483,2011.60377358491
2011,33,NA,NA,2011.62264150943
2011,34,NA,NA,2011.64150943396
2011,35,17.4053571428571,1.28049665866849,2011.66037735849
2011,36,17.8380952380952,1.93695139562432,2011.67924528302
2011,37,16.9976785714286,1.42888108602885,2011.69811320755
2011,38,15.6644642857143,0.531087824996041,2011.71698113208
2011,39,16.588869047619,1.98838880243335,2011.7358490566
2011,40,16.2817261904762,2.30601787491491,2011.75471698113
2011,41,15.4939285714286,2.22913478458346,2011.77358490566
2011,42,13.7341848544974,1.25590209252779,2011.79245283019
2011,43,12.3472156084656,0.71030164864168,2011.81132075472
2011,44,10.9664417989418,0.202722016349881,2011.83018867925
2011,45,11.016130952381,1.13438930995095,2011.84905660377
2011,46,11.1122023809524,2.09818142945771,2011.8679245283
2011,47,9.74934523809524,1.56648276430517,2011.88679245283
2011,48,9.72732142857143,2.32915557051875,2011.90566037736
2011,49,9.78214285714286,3.12898064847381,2011.92452830189
2011,50,8.89651785714286,2.95762910839311,2011.94339622642
2011,51,7.40011446886447,2.15373196249679,2011.96226415094
2011,52,6.21786458333333,1.67731973080027,2011.98113207547
2012,1,6.15478009259259,2.08933752081583,2012.01886792453
2012,2,5.30857142857143,1.82290456232748,2012.03773584906
2012,3,4.13029761904762,1.15198872947484,2012.05660377358
2012,4,4.37291666666667,1.83293727380778,2012.07547169811
2012,5,4.19154761904762,1.99402483407307,2012.09433962264
2012,6,4.77005952380952,2.7922847277787,2012.11320754717
2012,7,4.74773809523809,2.84457308974579,2012.1320754717
2012,8,5.25267857142857,3.27951861350314,2012.15094339623
2012,9,4.65191798941799,2.47717730461062,2012.16981132075
2012,10,5.31674948240166,2.82230930919305,2012.18867924528
2012,11,6.48238095238095,3.56358954218131,2012.20754716981
2012,12,8.25440476190476,4.82007345409632,2012.22641509434
2012,13,7.42988095238095,3.40194320590061,2012.24528301887
2012,14,7.44559523809524,2.75803161439858,2012.2641509434
2012,15,7.71066798941799,2.30913906272839,2012.28301886792
2012,16,9.82976190476191,3.67160317486417,2012.30188679245
2012,17,9.92767857142857,2.98190046366896,2012.32075471698
2012,18,9.55845238095238,1.80571587222939,2012.33962264151
2012,19,10.4032142857143,1.83506111174096,2012.35849056604
2012,20,11.737380952381,2.35471465729306,2012.37735849057
2012,21,14.1809523809524,3.99372249640844,2012.39622641509
2012,22,15.2154166666667,4.24261781261262,2012.41509433962
2012,23,13.9808928571429,2.2505647418121,2012.43396226415
2012,24,14.1878902116402,1.73702757800067,2012.45283018868
2012,25,15.04,1.91318285077653,2012.47169811321
2012,26,14.6622023809524,0.909878981459644,2012.49056603774
2012,27,15.6620089285714,1.34028874376413,2012.50943396226
2012,28,15.9889880952381,1.15964178713325,2012.52830188679
2012,29,17.8842857142857,2.61474514273428,2012.54716981132
2012,30,16.7426604554865,1.10608065861968,2012.56603773585
2012,31,17.576369047619,1.6521421930444,2012.58490566038
2012,32,18.8069047619048,2.68107016339242,2012.60377358491
2012,33,18.5370833333333,2.30235440667353,2012.62264150943
2012,34,18.3611904761905,2.11695473919354,2012.64150943396
2012,35,18.2935648148148,2.14587969053626,2012.66037735849
2012,36,17.5248214285714,1.58494029377334,2012.67924528302
2012,37,17.6838095238095,2.06109269342328,2012.69811320755
2012,38,17.0047023809524,1.80302444783956,2012.71698113208
2012,39,16.94375,2.261386080263,2012.7358490566
2012,40,16.4317857142857,2.36141144726771,2012.75471698113
2012,41,15.5254166666667,2.15405870245257,2012.77358490566
2012,42,14.4742261904762,1.87968939772065,2012.79245283019
2012,43,14.2426530612245,2.48305765685478,2012.81132075472
2012,44,14.3427579365079,3.4532209259185,2012.83018867925
2012,45,12.2252380952381,2.2178350716669,2012.84905660377
2012,46,11.663921957672,2.5276871022005,2012.8679245283
2012,47,11.1836177248677,2.8848995216163,2012.88679245283
2012,48,10.5870927815571,3.07946662157045,2012.90566037736
2012,49,10.6860939071281,3.92859309476914,2012.92452830189
2012,50,NA,NA,2012.94339622642
2012,51,NA,NA,2012.96226415094
2012,52,7.45765625,2.83250651289685,2012.98113207547
2013,1,5.56308449074074,1.34081477555656,2013.01886792453
2013,2,6.63150132275132,2.99195298617147,2013.03773584906
2013,3,6.7577380952381,3.64033955246312,2013.05660377358
2013,4,4.92400321239607,2.26739581457505,2013.07547169811
2013,5,4.84057705026455,2.5565577396743,2013.09433962264
2013,6,3.4685333994709,1.44205470951595,2013.11320754717
2013,7,3.52357142857143,1.6143515686405,2013.1320754717
2013,8,4.39059523809524,2.45144989427505,2013.15094339623
2013,9,5.1172619047619,3.01275758462377,2013.16981132075
2013,10,NA,NA,2013.18867924528
2013,11,NA,NA,2013.20754716981
2013,12,NA,NA,2013.22641509434
2013,13,6.92612244897959,3.07503471916491,2013.24528301887
2013,14,7.78865079365079,3.29560711092441,2013.2641509434
2013,15,8.61339285714286,3.42071810271058,2013.28301886792
2013,16,9.3530291005291,3.41472308115819,2013.30188679245
2013,17,10.8417857142857,4.12352316230487,2013.32075471698
2013,18,12.2436904761905,4.72281829093347,2013.33962264151
2013,19,13.6777645502646,5.34289109094404,2013.35849056604
2013,20,12.9908928571429,3.84032489612345,2013.37735849057
2013,21,14.0944444444444,4.47998043654191,2013.39622641509
2013,22,NA,NA,2013.41509433962
2013,23,NA,NA,2013.43396226415
2013,24,NA,NA,2013.45283018868
2013,25,NA,NA,2013.47169811321
2013,26,13.7315476190476,0.152462409668318,2013.49056603774
2013,27,14.1419047619048,-0.0231861816600724,2013.50943396226
2013,28,15.199880952381,0.508937451772661,2013.52830188679
2013,29,15.4746428571429,0.323661173695513,2013.54716981132
2013,30,16.0378174603175,0.498291724304952,2013.56603773585
2013,31,15.6481200396825,-0.202409592723852,2013.58490566038
2013,32,15.0441666666667,-1.03323440157297,2013.60377358491
2013,33,14.6426785714286,-1.57078740314554,2013.62264150943
2013,34,14.9422619047619,-1.30978834462782,2013.64150943396
2013,35,15.6872619047619,-0.499217885904424,2013.66037735849
2013,36,16.8068452380952,0.796208337706365,2013.67924528302
2013,37,14.6684523809524,-1.05572714545108,2013.69811320755
2013,38,13.7509523809524,-1.58129532810145,2013.71698113208
2013,39,13.5634523809524,-1.27698854414681,2013.7358490566
2013,40,13.9345833333333,-0.319775317965398,2013.75471698113
2013,41,13.8502976190476,0.270695592150674,2013.77358490566
2013,42,13.7542857142857,0.930868755528855,2013.79245283019
2013,43,12.493869047619,0.491127951024956,2013.81132075472
2013,44,11.0454166666667,-0.0949483017540881,2013.83018867925
2013,45,10.044880952381,-0.214449034012362,2013.84905660377
2013,46,8.8464880952381,-0.536189467430148,2013.8679245283
2013,47,8.20964285714286,-0.323760430595622,2013.88679245283
2013,48,6.78488095238095,-0.944200529482084,2013.90566037736
2013,49,6.0985119047619,-0.869652079602042,2013.92452830189
2013,50,4.8102380952381,-1.43157985477413,2013.94339622642
2013,51,3.16291666666667,-2.37816374021412,2013.96226415094
2013,52,3.40279761904762,-1.45419076399491,2013.98113207547
2014,1,2.94263599537037,-1.35615481021613,2014.01886792453
2014,2,1.5397619047619,-2.17782285714395,2014.03773584906
2014,3,2.46994047619048,-0.718920350962192,2014.05660377358
2014,4,1.29711144179894,-1.42054918389827,2014.07547169811
2014,5,1.77696924603175,-0.553859320380026,2014.09433962264
2014,6,1.65916666666667,-0.396042391501944,2014.11320754717
2014,7,1.00294973544974,-0.913835619414094,2014.1320754717
2014,8,0.864940476190476,-1.06132385260052,2014.15094339623
2014,9,1.28029761904762,-0.792802555281481,2014.16981132075
2014,10,0.795778985507246,-1.54804737284905,2014.18867924528
2014,11,1.55345238095238,-1.17152348699069,2014.20754716981
2014,12,1.84619047619048,-1.35689121396944,2014.22641509434
2014,13,1.85071428571429,-1.91405437746714,2014.24528301887
2014,14,2.52642857142857,-1.8711036868318,2014.2641509434
2014,15,3.66077380952381,-1.42886500911847,2014.28301886792
2014,16,4.9822619047619,-0.847151514003811,2014.30188679245
2014,17,5.38813492063492,-1.21704621243431,2014.32075471698
2014,18,6.06720238095238,-1.33806509451488,2014.33962264151
2014,19,6.85842592592593,-1.35984591532568,2014.35849056604
2014,20,8.84875,-0.185530142784884,2014.37735849057
2014,21,9.83821428571428,-0.00600109335426932,2014.39622641509
2014,22,10.3464880952381,-0.292544366577084,2014.41509433962
2014,23,11.1114880952381,-0.298198207499219,2014.43396226415
2014,24,11.8931349206349,-0.254003357829915,2014.45283018868
2014,25,13.1422619047619,0.299292309064756,2014.47169811321
2014,26,13.3919642857143,-0.0988254542952691,2014.49056603774
2014,27,13.6051870748299,-0.479739571849753,2014.50943396226
2014,28,12.6883002645503,-1.93141885409495,2014.52830188679
2014,29,13.4333928571429,-1.65611310170096,2014.54716981132
2014,30,14.7107738095238,-0.777843615307384,2014.56603773585
2014,31,14.8605952380952,-0.950500571741499,2014.58490566038
2014,32,15.7024338624339,-0.347960919938378,2014.60377358491
2014,33,15.7015476190476,-0.498293049507096,2014.62264150943
2014,34,15.72875,-0.524009366364047,2014.64150943396
2014,35,15.7382142857143,-0.464262488065824,2014.66037735849
2014,36,15.3321428571429,-0.710479898054078,2014.67924528302
2014,37,15.6350793650794,-0.136610862344522,2014.69811320755
2014,38,15.1761904761905,-0.218292886399537,2014.71698113208
2014,39,14.3231547619048,-0.593446843995048,2014.7358490566
2014,40,14.4118452380952,0.0682008039827607,2014.75471698113
2014,41,13.8148396164021,0.133628290754083,2014.77358490566
2014,42,13.6082738095238,0.672365067809078,2014.79245283019
2014,43,12.4473214285714,0.324250436556203,2014.81132075472
2014,44,11.6273346560847,0.362093310087571,2014.83018867925
2014,45,10.1001058201058,-0.285355395710954,2014.84905660377
2014,46,10.1945171957672,0.687745182136432,2014.8679245283
2014,47,8.90463624338624,0.252429834963944,2014.88679245283
2014,48,8.04824074074074,0.207111976708247,2014.90566037736
2014,49,6.70489583333333,-0.369644981572723,2014.92452830189
2014,50,5.11423611111111,-1.22956864237689,2014.94339622642
2014,51,5.72955002834467,0.0895924204934257,2014.96226415094
2014,52,5.3098934712774,0.355857065208721,2014.98113207547
2015,1,5.54937210648148,1.31294800381867,2015.01886792453
2015,2,4.46668154761905,0.670434251725448,2015.03773584906
2015,3,3.20643849206349,-0.0550585732076363,2015.05660377358
2015,4,3.06965773809524,0.289222085702031,2015.07547169811
2015,5,0.968630952380952,-1.41127651375116,2015.09433962264
2015,6,0.178171296296296,-1.90858561906382,2015.11320754717
2015,7,-0.630284391534392,-2.55770323665273,2015.1320754717
2015,8,-0.597260251322751,-2.513446776338,2015.15094339623
2015,9,-0.452321428571429,-2.49654583134638,2015.16981132075
2015,10,-0.118869622728318,-2.41694610074199,2015.18867924528
2015,11,0.854625850340136,-1.80964988746177,2015.20754716981
2015,12,1.15775297619048,-1.97160219301966,2015.22641509434
2015,13,1.84615575396825,-1.83374318746208,2015.24528301887
2015,14,2.61054728835979,-1.69268462635912,2015.2641509434
2015,15,3.1460582010582,-1.84151749893167,2015.28301886792
2015,16,4.70274045729403,-1.01851491421711,2015.30188679245
2015,17,5.76490079365079,-0.727695210070459,2015.32075471698
2015,18,6.64015424225246,-0.649768435567489,2015.33962264151
2015,19,8.06304539871504,-0.0386854779990403,2015.35849056604
2015,20,8.90943121693122,-0.00843716751201054,2015.37735849057
2015,21,9.36638558201058,-0.362839400381817,2015.39622641509
2015,22,9.7025,-0.824255582274159,2015.41509433962
2015,23,10.6095238095238,-0.691891286277255,2015.43396226415
2015,24,11.4227248677249,-0.62143499727221,2015.45283018868
2015,25,12.4681396447468,-0.278232009889005,2015.47169811321
2015,26,13.632380952381,0.230982258019557,2015.49056603774
2015,27,14.0847619047619,0.0812106658797074,2015.50943396226
2015,28,14.3249818121693,-0.222186278966561,2015.52830188679
2015,29,15.2538475529101,0.227259498849958,2015.54716981132
2015,30,15.4740873015873,0.03794062402685,2015.56603773585
2015,31,16.2827645502645,0.512800093289975,2015.58490566038
2015,32,15.6849007936508,-0.336653966397868,2015.60377358491
2015,33,16.1000788926682,-0.0841665272472772,2015.62264150943
2015,34,16.9504497354497,0.699087400894899,2015.64150943396
2015,35,17.4170899470899,1.20085854514327,2015.66037735849
2015,36,16.8110119047619,0.738684446512405,2015.67924528302
2015,37,16.861541005291,1.04450894151231,2015.69811320755
2015,38,16.4807738095238,1.02610938302733,2015.71698113208
2015,39,15.8116666666667,0.820844694560053,2015.7358490566
2015,40,14.7045238095238,0.273419632155503,2015.75471698113
2015,41,13.3878571428571,-0.393253376183609,2015.77358490566
2015,42,12.7608191609977,-0.286192928808031,2015.79245283019
2015,43,11.2089285714286,-1.0335541140421,2015.81132075472
2015,44,10.5882142857143,-0.801455468794596,2015.83018867925
2015,45,10.577380952381,0.0657662433041004,2015.84905660377
2015,46,9.96902777777778,0.337668816446722,2015.8679245283
2015,47,9.19527116402116,0.423327621526154,2015.88679245283
2015,48,8.41779761904762,0.463706983873514,2015.90566037736
2015,49,7.75426587301587,0.572616556389984,2015.92452830189
2015,50,7.5947619047619,1.14842159441483,2015.94339622642
2015,51,7.49987433862434,1.76067369421377,2015.96226415094
2015,52,7.32119047619048,2.26992312930121,2015.98113207547
2015,53,6.01162037037037,1.49332668394187,2016
2016,1,5.41101851851852,1.53556084355815,2016.01886792453
2016,2,5.01800264550265,1.682773651955,2016.03773584906
2016,3,3.42294642857143,0.578092214245152,2016.05660377358
2016,4,3.43727513227513,1.00609738610657,2016.07547169811
2016,5,4.23300925925926,2.1119652613125,2016.09433962264
2016,6,3.05172619047619,1.11059271424473,2016.11320754717
2016,7,2.68077380952381,0.771822614602502,2016.1320754717
2016,8,3.13910714285714,1.1211908749531,2016.15094339623
2016,9,3.35649470899471,1.10187531163898,2016.16981132075
2016,10,3.7494798136646,1.14388624331773,2016.18867924528
2016,11,4.57136904761905,1.51399727367112,2016.20754716981
2016,12,4.41458333333333,0.81807056078646,2016.22641509434
2016,13,4.73482142857143,0.524644738785584,2016.24528301887
2016,14,4.59196428571429,-0.294555150444607,2016.2641509434
2016,15,5.44035714285714,-0.173508772433877,2016.28301886792
2016,16,6.94220238095238,0.561661179331603,2016.30188679245
2016,17,7.41863095238095,0.243760582794231,2016.32075471698
2016,18,7.72077380952381,-0.264503126703921,2016.33962264151
2016,19,8.15369047619048,-0.647668580323747,2016.35849056604
2016,20,8.36646825396825,-1.24748416852212,2016.37735849057
2016,21,10.4782936507937,0.0642817049248962,2016.39622641509
2016,22,12.6309193121693,1.4384267738074,2016.41509433962
2016,23,13.1975,1.25715077779792,2016.43396226415
2016,24,12.6955291005291,0.0467189236514497,2016.45283018868
2016,25,13.0438095238095,-0.267119053573002,2016.47169811321
2016,26,13.7198214285714,-0.201159796548646,2016.49056603774
2016,27,14.5327884070295,0.059481484001507,2016.50943396226
2016,28,15.7934523809524,0.83120790690849,2016.52830188679
2016,29,16.2127380952381,0.830606314869858,2016.54716981132
2016,30,16.2985119047619,0.571356872918621,2016.56603773585
2016,31,16.401746031746,0.410845572453749,2016.58490566038
2016,32,16.5126785714286,0.345978884748855,2016.60377358491
2016,33,17.3986547619048,1.15077614991929,2016.62264150943
2016,34,17.3052285237767,1.07746539058724,2016.64150943396
2016,35,16.7091534391534,0.609411938797046,2016.66037735849
2016,36,17.1098544973545,1.24966578689175,2016.67924528302
2016,37,16.5914880952381,1.07871351947001,2016.69811320755
2016,38,15.6010333994709,0.537947700756433,2016.71698113208
2016,39,14.7466203703704,0.229898814309279,2016.7358490566
2016,40,14.6179232804233,0.738641655856129,2016.75471698113
2016,41,13.7957142857143,0.639053608470935,2016.77358490566
2016,42,13.4686375661376,1.10772856530587,2016.79245283019
2016,43,11.6500595238095,0.136476505982115,2016.81132075472
2016,44,10.683544973545,0.045821683500162,2016.83018867925
2016,45,9.90452380952381,0.148152579883427,2016.84905660377
2016,46,9.65273148148148,0.76016323271089,2016.8679245283
2016,47,8.61553571428571,0.547542487884356,2016.88679245283
2016,48,8.06452380952381,0.775008188886876,2016.90566037736
2016,49,7.19035714285714,0.640906391154217,2016.92452830189
2016,50,5.58034391534392,-0.25849173232832,2016.94339622642
2016,51,4.60400132275132,-0.544706013866442,2016.96226415094
2016,52,4.48405864197531,-0.0342894842729623,2016.98113207547
2016,53,6.12023148148148,1.84337389970151,2017
2017,1,4.10071428571429,0.0655053717141613,2017.01886792453
2017,2,3.45561507936508,-0.0300517868788702,2017.03773584906
2017,3,3.22809523809524,0.249786348522459,2017.05660377358
2017,4,3.47476851851852,0.93478912565963,2017.07547169811
2017,5,3.87380291005291,1.67628012507836,2017.09433962264
2017,6,2.14053571428571,0.162760918254888,2017.11320754717
2017,7,0.95625,-0.946915005492307,2017.1320754717
2017,8,2.9191335978836,0.945973639958167,2017.15094339623
2017,9,3.30708333333333,1.13234264852597,2017.16981132075
2017,10,2.4027251552795,-0.0917150179291054,2017.18867924528
2017,11,1.54631613756614,-1.3724752726335,2017.20754716981
2017,12,2.2375,-1.19683130780845,2017.22641509434
2017,13,2.75232142857143,-1.27561631790891,2017.24528301887
2017,14,3.33797619047619,-1.34958743322046,2017.2641509434
2017,15,4.60105158730159,-0.800477339388012,2017.28301886792
2017,16,6.31988095238095,0.161722222483219,2017.30188679245
2017,17,6.86017195767196,-0.0856061500876491,2017.32075471698
2017,18,6.61416666666667,-1.13856984205633,2017.33962264151
2017,19,7.57845238095238,-0.989700793020949,2017.35849056604
2017,20,8.515958994709,-0.866707300378898,2017.37735849057
2017,21,9.2271875,-0.960042384543944,2017.39622641509
2017,22,9.85447916666667,-1.11831968738738,2017.41509433962
2017,23,10.3020238095238,-1.42830430580695,2017.43396226415
2017,24,11.55375,-0.897112633639545,2017.45283018868
2017,25,11.9632142857143,-1.16360286350918,2017.47169811321
2017,26,11.976369047619,-1.77595435187369,2017.49056603774
2017,27,12.6207142857143,-1.70100589909302,2017.50943396226
2017,28,13.511369047619,-1.31797726048579,2017.52830188679
2017,29,15.2872619047619,0.0177213332104709,2017.54716981132
2017,30,15.2297023809524,-0.406877415914479,2017.56603773585
2017,31,15.1879761904762,-0.736250664098457,2017.58490566038
2017,32,15.0514484126984,-1.07438618581393,2017.60377358491
2017,33,15.3422619047619,-0.892467021897901,2017.62264150943
2017,34,15.3057738095238,-0.938461927473127,2017.64150943396
2017,35,14.7567195767196,-1.39096554755897,2017.66037735849
2017,36,13.9659523809524,-1.97392875384571,2017.67924528302
2017,37,14.2098214285714,-1.41289540181482,2017.69811320755
2017,38,15.2,-0.00167793311281678,2017.71698113208
2017,39,15.701832010582,1.01946809084501,2017.7358490566
2017,40,14.4479761904762,0.377601923458188,2017.75471698113
2017,41,13.8842989417989,0.51294097758485,2017.77358490566
2017,42,13.0013293650794,0.406792572323824,2017.79245283019
2017,43,12.769880952381,1.01028554801125,2017.81132075472
2017,44,12.1840476190476,1.29451060845818,2017.83018867925
2017,45,10.417037037037,0.409634013465842,2017.84905660377
2017,46,8.52934523809524,-0.606889617376221,2017.8679245283
2017,47,8.31363095238095,0.0149127491295264,2017.88679245283
2017,48,7.78428571428571,0.276659554299094,2017.90566037736
2017,49,7.06683201058201,0.309331198223079,2017.92452830189
2017,50,5.57559523809524,-0.463790840661351,2017.94339622642
2017,51,4.15053571428571,-1.19378327296678,2017.96226415094
2017,52,2.4640625,-2.16108723710315,2017.98113207547
2018,1,0.918229166666667,-3.22960557224368,2018.01886792453
2018,2,0.668988095238095,-2.89322818826021,2018.03773584906
2018,3,1.03385582010582,-2.01333265561496,2018.05660377358
2018,4,1.32089285714286,-1.27646137520448,2018.07547169811
2018,5,1.87283163265306,-0.366726329597213,2018.09433962264
2018,6,2.26189153439153,0.261247705751207,2018.11320754717
2018,7,2.62172619047619,0.71703351946221,2018.1320754717
2018,8,3.3997619047619,1.44497159708745,2018.15094339623
2018,9,3.78632275132275,1.64792517354908,2018.16981132075
2018,10,3.34455227743271,0.902504809050584,2018.18867924528
2018,11,3.07410714285714,0.221834176286839,2018.20754716981
2018,12,2.91809523809524,-0.43751274705122,2018.22641509434
2018,13,3.80055555555556,-0.138266547920051,2018.24528301887
2018,14,4.12751984126984,-0.462212309163255,2018.2641509434
2018,15,4.66775132275132,-0.628898146924676,2018.28301886792
2018,16,4.80083333333333,-1.24706580230953,2018.30188679245
2018,17,5.8772619047619,-0.954544318010351,2018.32075471698
2018,18,7.53111394557823,-0.105591379648473,2018.33962264151
2018,19,9.03510251322751,0.583593152826495,2018.35849056604
2018,20,9.40785714285714,0.141151674230138,2018.37735849057
2018,21,10.2217261904762,0.148481989812074,2018.39622641509
2018,22,11.3007142857143,0.438633817489375,2018.41509433962
2018,23,12.148869047619,0.5246998645971,2018.43396226415
2018,24,12.2991071428571,-0.0514028614879964,2018.45283018868
2018,25,13.1328637566138,0.0996549086750656,2018.47169811321
2018,26,13.5579332010582,-0.108335396464728,2018.49056603774
2018,27,14.8375,0.593472375410059,2018.50943396226
2018,28,15.0232142857143,0.262389553636884,2018.52830188679
2018,29,15.8880092592593,0.677010536336276,2018.54716981132
2018,30,16.5425330687831,0.953680165714582,2018.56603773585
2018,31,16.4884457671958,0.600199300535611,2018.58490566038
2018,32,16.3220965608466,0.219542401219101,2018.60377358491
2018,33,17.1950281084656,0.969926228515336,2018.62264150943
2018,34,17.9444642857143,1.69524876010581,2018.64150943396
2018,35,17.4707473544974,1.30252610747781,2018.66037735849
2018,36,17.4386706349206,1.46228637248152,2018.67924528302
2018,37,16.4197883597884,0.745272074065826,2018.69811320755
2018,38,16.6118650793651,1.34389128847202,2018.71698113208
2018,39,15.6037103174603,0.841354062750439,2018.7358490566
2018,40,14.8871428571429,0.723879703210661,2018.75471698113
2018,41,14.4264318783069,0.95012485890734,2018.77358490566
2018,42,12.8080158730159,0.0984119559549901,2018.79245283019
2018,43,10.3943792517007,-1.48718092363533,2018.81132075472
2018,44,9.50901455026455,-1.50609324764408,2018.83018867925
2018,45,9.0412037037037,-1.09208449323151,2018.84905660377
2018,46,8.14772959183673,-1.1114131927355,2018.8679245283
2018,47,6.59035714285714,-1.82521014916639,2018.88679245283
2018,48,6.07275793650794,-1.54516472104431,2018.90566037736
2018,49,5.7988955026455,-1.06359719124057,2018.92452830189
2018,50,4.64386559696342,-1.49648817184283,2018.94339622642
2018,51,4.45875661375661,-0.983786296629087,2018.96226415094
2018,52,4.15887566137566,-0.601221485321654,2018.98113207547
2019,1,4.09036458333333,-0.13190513185085,2019.01886792453
2019,2,3.21884920634921,-0.420699130230644,2019.03773584906
2019,3,2.66569468065004,-0.45170386212494,2019.05660377358
2019,4,1.38778439153439,-1.26882300628663,2019.07547169811
2019,5,1.15806878306878,-1.12595052752147,2019.09433962264
2019,6,1.50738756613757,-0.519091123817385,2019.11320754717
2019,7,1.20507275132275,-0.704147108608172,2019.1320754717
2019,8,1.3823578042328,-0.556787539587387,2019.15094339623
2019,9,1.14277116402116,-0.961733156116967,2019.16981132075
2019,10,1.36378766965723,-1.028042106298,2019.18867924528
2019,11,2.29471726190476,-0.492937436437229,2019.20754716981
2019,12,3.10386904761905,-0.174643114119009,2019.22641509434
2019,13,3.78184523809524,-0.0692424917194465,2019.24528301887
2019,14,4.4835119047619,-0.00953177796447882,2019.2641509434
2019,15,4.62446428571429,-0.56821046871799,2019.28301886792
2019,16,NA,NA,2019.30188679245
2019,17,6.88577380952381,0.167511257542965,2019.32075471698
2019,18,6.91321428571429,-0.607657899542725,2019.33962264151
2019,19,7.98130952380952,-0.35356393551099,2019.35849056604
2019,20,8.35803571428571,-0.792532246733692,2019.37735849057
2019,21,9.23017857142857,-0.728718670570485,2019.39622641509
2019,22,10.9551785714286,0.204362357456546,2019.41509433962
2019,23,11.0407142857143,-0.476565502936586,2019.43396226415
2019,24,11.4438161375661,-0.805445869428982,2019.45283018868
2019,25,12.4838425925926,-0.454744902521424,2019.47169811321
2019,26,14.1227976190476,0.543712409668318,2019.49056603774
2019,27,15.2367857142857,1.07169477072088,2019.50943396226
2019,28,15.5583928571429,0.867449356534565,2019.52830188679
2019,29,16.0892261904762,0.938244507028846,2019.54716981132
2019,30,16.5259523809524,0.986426644939873,2019.56603773585
2019,31,16.50125,0.650720367593608,2019.58490566038
2019,32,15.7042261904762,-0.373174877763443,2019.60377358491
2019,33,16.0692857142857,-0.144180260288401,2019.62264150943
2019,34,17.2090077360911,0.956957486701347,2019.64150943396
2019,35,17.0641071428571,0.877627352190814,2019.66037735849
2019,36,16.1546428571429,0.144005956753985,2019.67924528302
2019,37,15.9615476190476,0.237368092644161,2019.69811320755
2019,38,15.2929166666667,-0.0393310423871637,2019.71698113208
2019,39,15.1408333333333,0.300392408234144,2019.7358490566
2019,40,13.7231547619048,-0.531203889393969,2019.75471698113
2019,41,13.0657142857143,-0.51388774118266,2019.77358490566
2019,42,12.6534523809524,-0.169964577804478,2019.79245283019
2019,43,12.1957823129252,0.193041216331079,2019.81132075472
2019,44,11.7108928571429,0.570527888722102,2019.83018867925
2019,45,10.5506547619048,0.291324775511448,2019.84905660377
2019,46,8.06678571428571,-1.31589184838253,2019.8679245283
2019,47,NA,NA,2019.88679245283
2019,48,6.42666666666667,-1.30241481519637,2019.90566037736
2019,49,4.69888227513228,-2.26928170923167,2019.92452830189
2019,50,5.67030612244898,-0.571511827563249,2019.94339622642
2019,51,4.65384920634921,-0.887231200531582,2019.96226415094
2019,52,4.91755125661376,0.0605628735712298,2019.98113207547
2020,1,4.57558333333333,0.379527490135405,2020.01886792453
2020,2,4.40047619047619,0.682891428570337,2020.03773584906
2020,3,3.6981746031746,0.509313776021935,2020.05660377358
2020,4,3.02511904761905,0.307458421921832,2020.07547169811
2020,5,3.42714285714286,1.09631429073109,2020.09433962264
2020,6,3.19996693121693,1.14475787304832,2020.11320754717
2020,7,3.01345238095238,1.09666702608855,2020.1320754717
2020,8,2.65575396825397,0.729489639462968,2020.15094339623
2020,9,3.2364880952381,1.16338792090899,2020.16981132075
2020,10,3.77523291925466,1.43140656089836,2020.18867924528
2020,11,4.6135119047619,1.88853603681884,2020.20754716981
2020,12,4.79119047619048,1.58810878603056,2020.22641509434
2020,13,4.9597619047619,1.19499324158048,2020.24528301887
2020,14,5.42553571428571,1.02800345602534,2020.2641509434
2020,15,5.85922619047619,0.769587371833909,2020.28301886792
2020,16,6.14738095238095,0.317967533615236,2020.30188679245
2020,17,6.59047619047619,-0.0147049425930352,2020.32075471698
2020,18,7.06863095238095,-0.336636523086307,2020.33962264151
2020,19,7.74773809523809,-0.470533746013511,2020.35849056604
2020,20,8.09690476190476,-0.937375380880122,2020.37735849057
2020,21,10.1405527210884,0.296337342019881,2020.39622641509
2020,22,11.9476785714286,1.30864610961339,2020.41509433962
2020,23,11.6579761904762,0.248289887738877,2020.43396226415
2020,24,12.9420833333333,0.794945054868498,2020.45283018868
2020,25,14.8179166666667,1.97494707096952,2020.47169811321
2020,26,15.8496428571429,2.3588531171333,2020.49056603774
2020,27,16.9591666666667,2.87424001998698,2020.50943396226
2020,28,17.4719047619048,2.85218564325955,2020.52830188679
2020,29,18.1929761904762,3.10347023163238,2020.54716981132
2020,30,17.30875,1.82013257516881,2020.56603773585
2020,31,17.1363095238095,1.32521371397279,2020.58490566038
2020,32,17.1833333333333,1.13293855096109,2020.60377358491
2020,33,18.4721428571429,2.27230218858814,2020.62264150943
2020,34,18.5220833333333,2.26932396696929,2020.64150943396
2020,35,17.677996031746,1.47551925796592,2020.66037735849
2020,36,16.0512896825397,0.00866692734274796,2020.67924528302
2020,37,16.5316666666667,0.75997643924278,2020.69811320755
2020,38,15.2886904761905,-0.105792886399537,2020.71698113208
2020,39,14.0801785714286,-0.836423034471239,2020.7358490566
2020,40,14.4895238095238,0.145879375411332,2020.75471698113
2020,41,13.7689880952381,0.0877767695900611,2020.77358490566
2020,42,12.4875,-0.448408741714731,2020.79245283019
2020,43,12.26125,0.138179007984774,2020.81132075472
2020,44,10.8484920634921,-0.416749282505022,2020.83018867925
2020,45,9.65660714285714,-0.728854072959631,2020.84905660377
2020,46,10.2728902116402,0.766118198009447,2020.8679245283
2020,47,8.65285714285714,0.000650734434843362,2020.88679245283
2020,48,7.40684523809524,-0.434283525937256,2020.90566037736
2020,49,7.38857142857143,0.314030613665372,2020.92452830189
2020,50,6.09940476190476,-0.244399991583244,2020.94339622642
2020,51,4.25672619047619,-1.38323141737506,2020.96226415094
2020,52,4.66970238095238,-0.284334025116299,2020.98113207547
2020,53,5.18479166666667,0.763010315437773,2021
2021,1,4.28529761904762,0.409839944087246,2021.01886792453
2021,2,4.43973639455782,1.10450740101018,2021.03773584906
2021,3,4.26321428571429,1.41836007138801,2021.05660377358
2021,4,3.3414880952381,0.910310349069537,2021.07547169811
2021,5,2.27625,0.155206002053242,2021.09433962264
2021,6,2.37928571428571,0.438152238054257,2021.11320754717
2021,7,1.90375,-0.00520119492130793,2021.1320754717
2021,8,2.52678571428571,0.508869446381672,2021.15094339623
2021,9,2.58613095238095,0.331511555025221,2021.16981132075
2021,10,3.40061076604555,0.795017195698686,2021.18867924528
2021,11,3.17636904761905,0.118997273671123,2021.20754716981
2021,12,4.75440476190476,1.15789198935789,2021.22641509434
2021,13,5.4602380952381,1.25006140545225,2021.24528301887
2021,14,6.78916666666667,1.90264723050777,2021.2641509434
2021,15,8.06285714285714,2.44899122756612,2021.28301886792
2021,16,7.45321428571429,1.07267308409351,2021.30188679245
2021,17,7.48863095238095,0.313760582794231,2021.32075471698
2021,18,8.54761904761905,0.562342111391317,2021.33962264151
2021,19,9.66464285714286,0.863283800628634,2021.35849056604
2021,20,12.0257738095238,2.41182138703343,2021.37735849057
2021,21,12.2406547619048,1.82664281603601,2021.39622641509
2021,22,12.1257738095238,0.933281271161898,2021.41509433962
2021,23,14.0501388888889,2.10978966668681,2021.43396226415
2021,24,14.0686904761905,1.41988029931283,2021.45283018868
2021,25,14.3003571428571,0.989428565474617,2021.47169811321
2021,26,15.5023214285714,1.58134020345135,2021.49056603774
2021,27,16.1580952380952,1.68478831506727,2021.50943396226
2021,28,16.7766666666667,1.81442219262278,2021.52830188679
2021,29,17.1636904761905,1.78155869582224,2021.54716981132
2021,30,16.71875,0.991594968156715,2021.56603773585
2021,31,16.953869047619,0.962968588326764,2021.58490566038
2021,32,18.4315476190476,2.2648479323679,2021.60377358491
2021,33,18.6497619047619,2.40188329277644,2021.62264150943
2021,34,19.0645833333333,2.83682020014391,2021.64150943396
2021,35,18.308869047619,2.20912754726265,2021.66037735849
2021,36,16.9649404761905,1.10475176572773,2021.67924528302
2021,37,16.7990476190476,1.28627304327953,2021.69811320755
2021,38,17.3199404761905,2.25685477747601,2021.71698113208
2021,39,16.8239880952381,2.307266539177,2021.7358490566
2021,40,15.8558333333333,1.97655170876618,2021.75471698113
2021,41,15.9075,2.75083932275665,2021.77358490566
2021,42,14.8619642857143,2.50105528488259,2021.79245283019
2021,43,12.4870833333333,0.973500315505925,2021.81132075472
2021,44,11.8204166666667,1.18269337662186,2021.83018867925
2021,45,11.2072023809524,1.450831151312,2021.84905660377
2021,46,10.5974404761905,1.70487222741988,2021.8679245283
2021,47,9.62880952380952,1.56081629740817,2021.88679245283
2021,48,8.61738095238095,1.32786533174402,2021.90566037736
2021,49,7.31071428571429,0.76126353401136,2021.92452830189
2021,50,6.86184523809524,1.023009590423,2021.94339622642
2021,51,5.64220238095238,0.493495044334616,2021.96226415094
2021,52,5.41441666666667,0.847814550411384,2021.98113207547
2021,53,4.91527777777778,0.638420195997811,2022
2022,1,4.83859788359788,0.88346024807443,2022.01886792453
2022,2,3.28595238095238,-0.124025967447106,2022.03773584906
2022,3,2.32991071428571,-0.580927333627993,2022.05660377358
2022,4,1.51876488095238,-0.965796261986008,2022.07547169811
2022,5,0.849702380952381,-1.30828966139343,2022.09433962264
2022,6,2.03880952380952,0.0808839194994714,2022.11320754717
2022,7,2.5127380952381,0.608140494300557,2022.1320754717
2022,8,2.74321428571429,0.748999253569538,2022.15094339623
2022,9,2.3322619047619,0.118767525951063,2022.16981132075
2022,10,3.30038043478261,0.7514118067763,2022.18867924528
2022,11,4.29208333333333,1.3049125665317,2022.20754716981
2022,12,4.9639880952381,1.44934307169867,2022.22641509434
2022,13,4.84,0.72159937885496,2022.24528301887
2022,14,5.74821428571429,0.961710220881083,2022.2641509434
2022,15,6.56767857142857,1.06039948363935,2022.28301886792
2022,16,6.90470238095238,0.635651616500727,2022.30188679245
2022,17,7.36404761904762,0.303903449788572,2022.32075471698
2022,18,8.45821428571429,0.589277841312604,2022.33962264151
2022,19,10.2852380952381,1.60045956572043,2022.35849056604
2022,20,10.7954166666667,1.29699259678439,2022.37735849057
2022,21,11.8677380952381,1.56691017211934,2022.39622641509
2022,22,12.4104761904762,1.32753118953655,2022.41509433962
2022,23,13.2930357142857,1.45730549922821,2022.43396226415
2022,24,14.131369047619,1.58106738024862,2022.45283018868
2022,25,14.5677380952381,1.34834220121745,2022.47169811321
2022,26,15.3841666666667,1.54693355632565,2022.49056603774
2022,27,15.83625,1.43809788073079,2022.50943396226
2022,28,15.2144642857143,0.317972561971381,2022.52830188679
2022,29,16.0817857142857,0.755195116731164,2022.54716981132
2022,30,16.7314285714286,1.04874157896232,2022.56603773585
2022,31,17.5629910714286,1.60453973330209,2022.58490566038
2022,32,18.6260714285714,2.47884850170054,2022.60377358491
2022,33,18.2936904761905,2.05136281951114,2022.62264150943
2022,34,18.7765476190476,2.53945619351591,2022.64150943396
2022,35,17.7025,1.57763951581134,2022.66037735849
2022,36,17.350119047619,1.44897520514813,2022.67924528302
2022,37,17.2014285714286,1.63263108602885,2022.69811320755
2022,38,15.8160136054422,0.682637144723932,2022.71698113208
2022,39,14.6286904761905,0.0282102310047761,2022.7358490566
2022,40,13.8028571428571,-0.172851172704135,2022.75471698113
2022,41,13.6272619047619,0.362468117916789,2022.77358490566
2022,42,13.5092857142857,1.03100295231615,2022.79245283019
2022,43,13.157380952381,1.52046699255702,2022.81132075472
2022,44,12.7542857142857,1.9905659316938,2022.83018867925
2022,45,12.261130952381,2.37938930995095,2022.84905660377
2022,46,10.687380952381,1.67336000088628,2022.8679245283
2022,47,8.78517857142857,0.602316097638502,2022.88679245283
2022,48,8.41277116402116,1.01460530596848,2022.90566037736
2022,49,7.61565476190476,0.962492553235714,2022.92452830189
2022,50,5.14803571428571,-0.790853034464032,2022.94339622642
2022,51,5.40297619047619,0.156593684108511,2022.96226415094
2022,52,5.25166666666667,0.711121814133608,2022.98113207547
2023,1,5.40452380952381,1.36931489552369,2023.01886792453
2023,2,4.89363095238095,1.407964086137,2023.03773584906
2023,3,3.99208333333333,1.01377444376055,2023.05660377358
2023,4,3.6935119047619,1.15353251190302,2023.07547169811
2023,5,3.45922619047619,1.26170340550164,2023.09433962264
2023,6,3.22214285714286,1.24436806111203,2023.11320754717
2023,7,4.18720238095238,2.28403737546007,2023.1320754717
2023,8,3.87891369047619,1.90575373255076,2023.15094339623
2023,9,2.92904761904762,0.754306934240251,2023.16981132075
2023,10,3.43701604554865,0.942575872340046,2023.18867924528
2023,11,3.76446428571429,0.845672875514645,2023.20754716981
2023,12,4.32309523809524,0.888763930286791,2023.22641509434
2023,13,4.85642857142857,0.828490824948229,2023.24528301887
2023,14,5.22666666666667,0.539103042970013,2023.2641509434
2023,15,6.71369047619048,1.31216154950088,2023.28301886792
2023,16,8.03511904761905,1.87696031772131,2023.30188679245
2023,17,8.34113095238095,1.39535284462135,2023.32075471698
2023,18,9.18232142857143,1.42958491984844,2023.33962264151
2023,19,9.73339285714286,1.16523968316953,2023.35849056604
2023,20,9.32011904761905,-0.0625472474688453,2023.37735849057
2023,21,10.6503571428571,0.463127258313199,2023.39622641509
2023,22,12.7181547619048,1.74535590785072,2023.41509433962
2023,23,12.706130952381,0.975802837050198,2023.43396226415
2023,24,14.0290476190476,1.57818498540807,2023.45283018868
2023,25,14.6305952380952,1.50377808887177,2023.47169811321
2023,26,16.4880952380952,2.7357718386025,2023.49056603774
2023,27,16.2877380952381,1.96601791043079,2023.50943396226
2023,28,16.8655357142857,2.03618940618087,2023.52830188679
2023,29,17.6254761904762,2.35593561892476,2023.54716981132
2023,30,17.6602380952381,2.02365829837124,2023.56603773585
2023,31,16.1356547619048,0.211427907330115,2023.58490566038
2023,32,16.410119047619,0.28428444910671,2023.60377358491
2023,33,17.3580952380952,1.12336631143543,2023.62264150943
2023,34,16.5324404761905,0.28820473919354,2023.64150943396
2023,35,16.6818452380952,0.534160113816687,2023.66037735849
2023,36,17.1173214285714,1.17744029377334,2023.67924528302
2023,37,17.6748214285714,2.05210459818518,2023.69811320755
2023,38,16.3270833333333,1.12540540022052,2023.71698113208
2023,39,15.417619047619,0.735255127882043,2023.7358490566
2023,40,15.5004166666667,1.43004239964866,2023.75471698113
2023,41,14.7560714285714,1.38471346435734,2023.77358490566
2023,42,13.866369047619,1.27183225486351,2023.79245283019
2023,43,13.4343452380952,1.67474983372553,2023.81132075472
2023,44,11.9591071428571,1.06957013226771,2023.83018867925
2023,45,10.7525,0.745096976428805,2023.84905660377
2023,46,9.54375,0.407515144528541,2023.8679245283
2023,47,8.40559523809524,0.106877034843812,2023.88679245283
2023,48,7.72089285714286,0.213266697156237,2023.90566037736
2023,49,6.23,-0.527500812358932,2023.92452830189
2023,50,6.59009424603175,0.550708167275157,2023.94339622642
2023,51,6.52797619047619,1.1836572032237,2023.96226415094
2023,52,6.30828125,1.68313151289685,2023.98113207547
2024,1,5.29810185185185,1.13590673101897,2024.01886792453
2024,2,4.43315476190476,0.870938478406452,2024.03773584906
2024,3,3.86797619047619,0.820787714755415,2024.05660377358
2024,4,3.5297619047619,0.932407672414567,2024.07547169811
2024,5,3.32821428571429,1.08865632346401,2024.09433962264
2024,6,3.16827380952381,1.16762998088348,2024.11320754717
2024,7,3.09946428571429,1.19477161470031,2024.1320754717
2024,8,2.69065476190476,0.735864454230306,2024.15094339623
2024,9,3.17065476190476,1.03225718413109,2024.16981132075
2024,10,4.26422619047619,1.82217872209406,2024.18867924528
2024,11,4.79160714285714,1.93933417628684,2024.20754716981
2024,12,4.66309523809524,1.30748725294878,2024.22641509434
2024,13,4.29541666666667,0.35659456319106,2024.24528301887
2024,14,4.88113095238095,0.291398801947857,2024.2641509434
2024,15,5.55279761904762,0.25614814937162,2024.28301886792
2024,16,6.95404761904762,0.906148483404752,2024.30188679245
2024,17,6.73477678571429,-0.0970294370579699,2024.32075471698
2024,18,7.71470238095238,0.0779970557256763,2024.33962264151
2024,19,9.19702380952381,0.745514449122792,2024.35849056604
2024,20,10.7517857142857,1.48508024565871,2024.37735849057
2024,21,11.8300595238095,1.75681532314541,2024.39622641509
2024,22,12.5683134920635,1.70623302383858,2024.41509433962
2024,23,13.4025595238095,1.77839034078758,2024.43396226415
2024,24,13.7991071428571,1.448597138512,2024.45283018868
2024,25,14.7201785714286,1.68696972348988,2024.47169811321
2024,26,14.2217857142857,0.555517116762785,2024.49056603774
2024,27,14.9001785714286,0.656150946838631,2024.50943396226
2024,28,16.2967261904762,1.53590145839879,2024.52830188679
2024,29,16.2710714285714,1.06007270564844,2024.54716981132
2024,30,15.801130952381,0.212278049312466,2024.56603773585
2024,31,17.0911904761905,1.20294400953032,2024.58490566038
2024,32,17.3757142857143,1.27316012608682,2024.60377358491
2024,33,17.3381547619048,1.11305288195449,2024.62264150943
2024,34,16.8892857142857,0.640070188677234,2024.64150943396
2024,35,17.0161904761905,0.84796922917093,2024.66037735849
2024,36,16.4028571428571,0.42647288041803,2024.67924528302
2024,37,15.5720535714286,-0.102462714293963,2024.69811320755
2024,38,15.576130952381,0.308157161487897,2024.71698113208
2024,39,15.8350595238095,1.07270326909965,2024.7358490566
2024,40,15.9565476190476,1.79328446511542,2024.75471698113
2024,41,14.9116071428571,1.4353001234576,2024.77358490566
2024,42,12.6817857142857,-0.0278182027751687,2024.79245283019
2024,43,12.6001785714286,0.718618396092565,2024.81132075472
2024,44,11.5323214285714,0.517213630662803,2024.83018867925
2024,45,10.9945238095238,0.8612356125886,2024.84905660377
2024,46,9.55333333333333,0.294190548761103,2024.8679245283
2024,47,8.91416666666667,0.49859937464313,2024.88679245283
2024,48,8.0847619047619,0.466839247209663,2024.90566037736
2024,49,6.84958333333333,-0.0129093605527348,2024.92452830189
2024,50,5.72339285714286,-0.416960911663396,2024.94339622642
2024,51,5.23767857142857,-0.204864338957129,2024.96226415094
2024,52,3.5635119047619,-1.19658524193541,2024.98113207547
2025,1,3.61927083333333,-0.679519972253167,2025.01886792453
2025,2,3.05142857142857,-0.666156190477282,2025.03773584906
2025,3,2.93952380952381,-0.249337017628858,2025.05660377358
2025,4,2.27869047619048,-0.438970149506739,2025.07547169811
2025,5,1.85412202380952,-0.476706542602248,2025.09433962264
2025,6,1.14261904761905,-0.912590010549563,2025.11320754717
2025,7,0.985714285714286,-0.931071069149544,2025.1320754717
2025,8,0.468333333333333,-1.45793099545767,2025.15094339623
2025,9,1.62714285714286,-0.445957317186243,2025.16981132075
2025,10,1.91662008281573,-0.427206275540559,2025.18867924528
2025,11,3.06892857142857,0.343952703485502,2025.20754716981
2025,12,4.26214285714286,1.05906116698294,2025.22641509434
2025,13,4.0964880952381,0.331719432056667,2025.24528301887
2025,14,4.52089285714286,0.123360598882488,2025.2641509434
2025,15,4.81767857142857,-0.27196024721371,2025.28301886792
2025,16,5.32142857142857,-0.507984847337145,2025.30188679245
2025,17,6.56011904761905,-0.0450620854501781,2025.32075471698
2025,18,7.81904761904762,0.41378014358036,2025.33962264151
2025,19,9.5035119047619,1.2852400635103,2025.35849056604
2025,20,10.0636904761905,1.02941033340559,2025.37735849057
2025,21,10.1364285714286,0.292213192360016,2025.39622641509
2025,22,10.0848894557823,-0.554143006032866,2025.41509433962
2025,23,11.4374404761905,0.0277541734531625,2025.43396226415
2025,24,12.8739880952381,0.72684981677326,2025.45283018868
2025,25,13.1685119047619,0.325542309064756,2025.47169811321
2025,26,14.0556547619048,0.564865021895207,2025.49056603774
2025,27,15.1558647486772,1.07093810199756,2025.50943396226
2025,28,15.3725,0.752780881354785,2025.52830188679
2025,29,15.9544642857143,0.864958326870471,2025.54716981132
2025,30,15.252380952381,-0.236236472450241,2025.56603773585
2025,31,15.712380952381,-0.0987148574557844,2025.58490566038
2025,32,16.4509523809524,0.400557598580141,2025.60377358491
2025,33,17.1132142857143,0.913373617159571,2025.62264150943
2025,34,17.2250595238095,0.972300157445476,2025.64150943396
2025,35,16.650119047619,0.447642273838938,2025.66037735849
2025,36,16.5139285714286,0.471305816231638,2025.67924528302
2025,37,15.9645833333333,0.192893105909446,2025.69811320755
2025,38,16.5402380952381,1.14575473264808,2025.71698113208
2025,39,16.2869642857143,1.37036267981448,2025.7358490566
2025,40,16.0789285714286,1.73528413731609,2025.75471698113
2025,41,14.8592261904762,1.17801486482816,2025.77358490566
2025,42,13.1550595238095,0.219150782094793,2025.79245283019
2025,43,12.7750595238095,0.651988531794298,2025.81132075472
2025,44,11.6774404761905,0.412199130193391,2025.83018867925
2025,45,10.6075595238095,0.22209830799275,2025.84905660377
2025,46,9.40916666666667,-0.0976053469640978,2025.8679245283
2025,47,8.08815476190476,-0.564051646517537,2025.88679245283
2025,48,7.69035714285714,-0.150771621175351,2025.90566037736
2025,49,6.11720238095238,-0.957338433953675,2025.92452830189
2025,50,4.59845238095238,-1.74535237253563,2025.94339622642
2025,51,3.76803571428571,-1.87192189356553,2025.96226415094
2025,52,2.88410714285714,-2.06992926321154,2025.98113207547
2026,1,2.083125,-2.15329910266281,2026.01886792453
2026,2,1.68505952380952,-2.11118777208408,2026.03773584906
2026,3,2.1664880952381,-1.09500897003303,2026.05660377358
2026,4,1.7777380952381,-1.00269755715511,2026.07547169811
2026,5,-0.154345238095238,-2.53425270422735,2026.09433962264
2026,6,-0.0882738095238095,-2.17503072488393,2026.11320754717
2026,7,0.0145833333333333,-1.912835511785,2026.1320754717
2026,8,0.919517676767677,-0.986551782043459,2026.15094339623
