"loc_id","year","date","site_id","site_name","bay_location","substrate","set_time","weather","temp_degc","do_mg.l","salinity_ppt","hermit_crabs","shrimp","notes","week","month","TideHT.m","numeric.tide"
"2014_001_06",2014,"2014-06-16",6,"Mackworth Island - North","Mid","mud/shell",2014-06-16 11:20:00,"sunny",15,10.4,32.83,NA,NA,NA,25,6,1.41133333333333,0.511718045790517
"2014_001_04",2014,"2014-06-16",4,"Mussel Cove","Mid","mud",2014-06-16 12:20:00,"sunny",17.8,9.8,32.41,NA,NA,NA,25,6,2.333,0.760951865873445
"2014_001_13",2014,"2014-06-16",13,"The Brothers - South","Mid","sand/shell",2014-06-16 13:10:00,"sunny",18,8.9,29.18,NA,NA,"no catch",25,6,2.86266666666667,0.904182440959077
"2014_001_09",2014,"2014-06-16",9,"Great Diamond Island","Outer","sand/shell",2014-06-16 13:40:00,"sunny",14.8,10.7,31.76,NA,NA,NA,25,6,3.06633333333333,0.959257256174509
"2014_001_07",2014,"2014-06-16",7,"Mackworth Island - Beach","Mid","sand/shell",2014-06-16 15:10:00,"sunny",15.4,10.5,31.46,NA,NA,NA,25,6,3.137,0.974014062977683
"2014_002_12",2014,"2014-06-19",12,"Alewife Cove","Outer","gravel",2014-06-19 10:20:00,"sunny",14.7,10.3,31.89,NA,NA,"lots of seaweed at this site",25,6,-0.109333333333333,0.0124103160752374
"2014_002_11",2014,"2014-06-19",11,"Cushing Island","Outer","mud",2014-06-19 11:10:00,"sunny",16.1,14,33.03,NA,NA,"Ran the seine in a circular area from the boat (not the beach)",25,6,-0.124666666666667,0.0117483074472322
"2014_002_03",2014,"2014-06-19",3,"Audubon","Inner","mud",2014-06-19 12:40:00,"sunny",22,8.9,4.35,NA,NA,NA,25,6,0.389,0.165173237753883
"2014_002_02",2014,"2014-06-19",2,"Skitterygusset","Inner","mud",2014-06-19 13:30:00,"sunny",22.4,9.2,0.84,NA,NA,NA,25,6,1.05,0.362604540023895
"2014_002_01",2014,"2014-06-19",1,"Presumpscot Moorings","Inner","mud/gravel",2014-06-19 14:25:00,"sunny",21.8,9.3,0.28,NA,NA,NA,25,6,1.8495,0.601403823178017
"2014_002_08",2014,"2014-06-19",8,"Back Cove","Mid","mud",2014-06-19 15:15:00,"sunny",17.6,8.9,32.06,NA,NA,NA,25,6,2.4835,0.790770609318996
"2014_003_12",2014,"2014-06-27",12,"Alewife Cove","Outer","gravel",2014-06-27 08:50:00,"sunny",14.5,9,28.54,NA,NA,"no catch",26,6,1.23066666666667,0.442520442520443
"2014_003_03",2014,"2014-06-27",3,"Audubon","Inner","mud",2014-06-27 09:50:00,"sunny",19.8,8,7.4,NA,NA,NA,26,6,1.95266666666667,0.702982202982203
"2014_003_01",2014,"2014-06-27",1,"Presumpscot Moorings","Inner","mud/gravel",2014-06-27 10:30:00,"sunny",21,9.2,0.15,NA,NA,NA,26,6,2.311,0.832251082251082
"2014_003_04",2014,"2014-06-27",4,"Mussel Cove","Mid","mud",2014-06-27 11:15:00,"sunny",17.3,9,31.62,NA,NA,NA,26,6,2.6495,0.95436507936508
"2014_003_09",2014,"2014-06-27",9,"Great Diamond Island","Outer","sand/shell",2014-06-27 11:55:00,"sunny",18.4,9.8,30.28,NA,NA,NA,26,6,2.76975,0.996875945405357
"2014_003_06",2014,"2014-06-27",6,"Mackworth Island - North","Mid","mud/shell",2014-06-27 12:37:00,NA,16.3,10.7,33.1,NA,NA,NA,26,6,2.74383333333333,0.983888660359249
"2014_004_10",2014,"2014-07-01",10,"SMCC","Outer","sand",2014-07-01 07:50:00,"sunny",16.5,9.3,29.02,NA,NA,NA,27,7,0.235666666666667,0.0252169833450621
"2014_004_11",2014,"2014-07-01",11,"Cushing Island","Outer","mud",2014-07-01 08:30:00,"sunny",15.5,10.1,31.05,NA,NA,NA,27,7,0.169,0.00175932441942285
"2014_004_05",2014,"2014-07-01",5,"The Brothers - North","Mid","mud/gravel",2014-07-01 09:25:00,"sunny",21.1,9.8,33.05,NA,NA,NA,27,7,0.265,0.040778151889263
"2014_004_07",2014,"2014-07-01",7,"Mackworth Island - Beach","Mid","sand/shell",2014-07-01 10:05:00,"sunny",22.3,8.2,16.9,NA,NA,NA,27,7,0.4935,0.126262626262626
"2014_004_02",2014,"2014-07-01",2,"Skitterygusset","Inner","mud",2014-07-01 10:55:00,"sunny",23.4,8.9,0.86,NA,NA,NA,27,7,0.985333333333333,0.31026312507794
"2014_004_08",2014,"2014-07-01",8,"Back Cove","Mid","mud",2014-07-01 11:40:00,"sunny",20.3,8.1,29.77,NA,NA,NA,27,7,1.52066666666667,0.510537473500436
"2014_005_09",2014,"2014-07-08",9,"Great Diamond Island","Outer","sand/gravel",2014-07-08 08:35:00,"sunny",16,8.2,30.34,0,1,NA,28,7,2.65633333333333,0.961358635863586
"2014_005_06",2014,"2014-07-08",6,"Mackworth Island - North","Mid","mud/shell",2014-07-08 09:20:00,"sunny",16.2,9.3,31.93,0,3,NA,28,7,2.42833333333333,0.867299229922992
"2014_005_01",2014,"2014-07-08",1,"Presumpscot Moorings","Inner","mud/gravel",2014-07-08 10:20:00,"sunny",25.5,7.8,0.68,0,0,NA,28,7,1.91133333333333,0.654015401540154
"2014_005_10",2014,"2014-07-08",10,"SMCC","Outer","sand/gravel",2014-07-08 10:55:00,"sunny",14.6,8.5,32.19,1,1,NA,28,7,1.5375,0.499793729372937
"2014_005_03",2014,"2014-07-08",3,"Audubon","Inner","mud",NA,"sunny",24.1,8.1,6.66,0,2,NA,28,7,NA,NA
"2014_006_12",2014,"2014-07-17",12,"Alewife Cove","Outer","gravel",2014-07-17 10:44:00,"overcast",13.9,10,30.6,0,3,NA,29,7,-0.0393333333333333,0.0707897957262544
"2014_006_11",2014,"2014-07-17",11,"Cushing Island","Outer","mud",2014-07-17 11:55:00,"sunny",17.2,8.7,31.83,1,3,NA,29,7,0.735,0.289466252471053
"2014_006_08",2014,"2014-07-17",8,"Back Cove","Mid","mud",2014-07-17 12:55:00,"sunny",15.6,8.8,32,0,0,NA,29,7,1.65866666666667,0.550315353478302
"2014_006_02",2014,"2014-07-17",2,"Skitterygusset","Inner","mud",2014-07-17 13:50:00,"sunny",25.2,9,3.36,0,0,NA,29,7,2.44766666666667,0.77313376635602
"2014_006_07",2014,"2014-07-17",7,"Mackworth Island - Beach","Mid","sand/shell",2014-07-17 14:50:00,"sunny",18.1,9.7,32.32,0,0,NA,29,7,3.021,0.935046597006495
"2014_006_04",2014,"2014-07-17",4,"Mussel Cove","Mid","mud",2014-07-17 15:42:00,"sunny",19.4,9.4,33.3,0,0,NA,29,7,3.235,0.995481502400452
"2014_007_10",2014,"2014-07-22",10,"SMCC","Outer","sand/gravel",2014-07-22 08:15:00,"sunny",17.4,8.4,28.64,1,1,NA,30,7,2.6445,0.997934910174235
"2014_007_09",2014,"2014-07-22",9,"Great Diamond Island","Outer","sand/gravel",2014-07-22 08:50:00,"sunny",16.1,9,31.06,1,0,NA,30,7,2.63333333333333,0.991566609491138
"2014_007_06",2014,"2014-07-22",6,"Mackworth Island - North","Mid","gravel",2014-07-22 09:24:00,"sunny",16,9.6,33.48,NA,1,NA,30,7,2.525,0.945111492281304
"2014_007_01",2014,"2014-07-22",1,"Presumpscot Moorings","Inner","gravel",2014-07-22 10:10:00,"sunny",24.6,7.8,0.36,0,0,NA,30,7,2.22466666666667,0.816323613493425
"2014_007_03",2014,"2014-07-22",3,"Audubon","Inner","sand",2014-07-22 10:40:00,"sunny",22.9,8.5,7.25,NA,NA,NA,30,7,1.97266666666667,0.708261863922241
"2014_007_05",2014,"2014-07-22",5,"The Brothers - North","Mid","mud/shell",2014-07-22 11:20:00,"sunny",18,9.9,33.42,1,1,NA,30,7,1.56533333333333,0.533590623213265
"2014_008_12",2014,"2014-08-01",12,"Alewife Cove","Outer","sand/gravel",2014-08-01 09:30:00,"partly cloudy",15.5,9.5,33.65,0,2,NA,31,8,0.170833333333333,0.00287992429619663
"2014_008_11",2014,"2014-08-01",11,"Cushing Island","Outer","sand/shell",2014-08-01 10:20:00,"sunny",18.4,10.7,33.33,1,3,NA,31,8,0.328,0.063632857693791
"2014_008_07",2014,"2014-08-01",7,"Mackworth Island - Beach","Mid","mud/shell",2014-08-01 11:00:00,"overcast",23.1,8.3,16.5,1,3,NA,31,8,0.598,0.167759352101813
"2014_008_02",2014,"2014-08-01",2,"Skitterygusset","Inner","mud",2014-08-01 11:43:00,"sunny",25.3,7.3,2.61,0,2,NA,31,8,1.02683333333333,0.333140506491837
"2014_008_08",2014,"2014-08-01",8,"Back Cove","Mid","mud",2014-08-01 12:30:00,"sunny",18.3,7.5,31.2,0,2,NA,31,8,1.54,0.53104512148091
"2014_008_04",2014,"2014-08-01",4,"Mussel Cove","Mid","mud",2014-08-01 13:15:00,"sunny",22.1,9.1,33.62,0,0,NA,31,8,2.0275,0.719051291939838
"2014_009_01",2014,"2014-08-07",1,"Presumpscot Moorings","Inner","mud/gravel",2014-08-07 09:35:00,"overcast",23.4,7.4,0.49,0,1,NA,32,8,2.599,0.909800859039438
"2014_009_03",2014,"2014-08-07",3,"Audubon","Inner","mud/sand",2014-08-07 09:55:00,"overcast",21.3,7.6,11.95,0,1,NA,32,8,2.45983333333333,0.855460106729142
"2014_009_06",2014,"2014-08-07",6,"Mackworth Island - North","Mid","mud/shell",2014-08-07 10:30:00,"overcast",20.1,9.1,30.96,0,2,NA,32,8,2.14,0.730573994533385
"2014_009_05",2014,"2014-08-07",5,"The Brothers - North","Mid","sand/gravel",2014-08-07 10:55:00,"overcast",20.8,9.2,31.07,1,0,NA,32,8,1.87783333333333,0.628205128205128
"2014_009_09",2014,"2014-08-07",9,"Great Diamond Island","Outer","sand/shell",2014-08-07 11:30:00,"sunny",18.3,9.2,32.07,0,1,NA,32,8,1.474,0.470519328387349
"2014_009_10",2014,"2014-08-07",10,"SMCC","Outer","sand/shell",2014-08-07 12:27:00,"rain",19.2,8.9,29.07,1,2,NA,32,8,0.8495,0.226669269816478
"2014_010_12",2014,"2014-08-12",12,"Alewife Cove","Outer",NA,2014-08-12 08:15:00,NA,15.5,7.8,32.7,0,1,"Extremely foggy, Rock crab also present in seine (haven't seen many before).",33,8,0.07,0.1437773769647
"2014_010_11",2014,"2014-08-12",11,"Cushing Island","Outer","mud/gravel",2014-08-12 09:05:00,"foggy",16.6,8.2,31.77,1,3,NA,33,8,0.771666666666667,0.324572704629391
"2014_010_07",2014,"2014-08-12",7,"Mackworth Island - Beach","Mid","sand/gravel",2014-08-12 09:30:00,"foggy",18.4,7.7,25.61,0,1,NA,33,8,1.197,0.434166451945375
"2014_010_02",2014,"2014-08-12",2,"Skitterygusset","Inner","mud",2014-08-12 10:20:00,"foggy",20.9,6.8,14.7,0,0,NA,33,8,2.04533333333333,0.652752726960405
"2014_010_08",2014,"2014-08-12",8,"Back Cove","Mid","mud/gravel",2014-08-12 11:05:00,"foggy",16.8,7.6,31.43,0,0,NA,33,8,2.69616666666667,0.820450055827536
"2014_010_04",2014,"2014-08-12",4,"Mussel Cove","Mid","mud",2014-08-12 11:45:00,"foggy",18.8,8.2,33.24,0,0,"Seine on the marsh edge",33,8,3.0935,0.922829167740273
"2014_011_10",2014,"2014-08-21",10,"SMCC","Outer","sand/gravel",NA,"overcast",17.4,8.3,27.56,1,1,NA,34,8,NA,NA
"2014_011_03",2014,"2014-08-21",3,"Audubon","Inner","sand/mud/gravel",NA,"overcast",20.6,7.9,5.8,0,1,NA,34,8,NA,NA
"2014_011_01",2014,"2014-08-21",1,"Presumpscot Moorings","Inner","mud/gravel",NA,"sunny",21.8,8.5,0.15,0,0,NA,34,8,NA,NA
"2014_011_05",2014,"2014-08-21",5,"The Brothers - North","Mid","sand/gravel",NA,"overcast",18.6,9.7,32.55,0,1,NA,34,8,NA,NA
"2014_011_09",2014,"2014-08-21",9,"Great Diamond Island","Outer","sand/gravel",NA,"overcast",17.4,8.9,31.54,1,2,NA,34,8,NA,NA
"2014_011_06",2014,"2014-08-21",6,"Mackworth Island - North","Mid","sand/gravel",NA,"sunny",17.6,8.7,32.63,0,1,NA,34,8,NA,NA
"2014_012_12",2014,"2014-08-28",12,"Alewife Cove","Outer","sand/gravel",NA,"sunny",16.1,8.7,33.44,0,1,"too much algae for effective seining",35,8,NA,NA
"2014_012_11",2014,"2014-08-28",11,"Cushing Island","Outer","mud/gravel",NA,"sunny",17.6,8.6,30.53,1,1,NA,35,8,NA,NA
"2014_012_07",2014,"2014-08-28",7,"Mackworth Island - Beach","Mid","sand/gravel",NA,"sunny",21.4,9.1,19.22,0,3,NA,35,8,NA,NA
"2014_012_02",2014,"2014-08-28",2,"Skitterygusset","Inner","mud",NA,"partly cloudy",23.3,8.2,8.2,0,1,NA,35,8,NA,NA
"2014_012_04",2014,"2014-08-28",4,"Mussel Cove","Mid","mud",NA,"partly cloudy",21.6,8.2,33.01,0,1,NA,35,8,NA,NA
"2014_012_08",2014,"2014-08-28",8,"Back Cove","Mid","mud/gravel",NA,"partly cloudy",19.5,8.2,33.01,0,0,NA,35,8,NA,NA
"2015_013_01",2015,"2015-06-12",1,"Presumpscot Moorings","Inner",NA,2015-06-12 07:21:00,"overcast",19.1,14,3.66,0,0,NA,24,6,2.8535,0.976437165775401
"2015_013_03",2015,"2015-06-12",3,"Audubon","Inner",NA,2015-06-12 08:05:00,"overcast",13.3,11.4,39.5,0,0,NA,24,6,2.921625,0.995333975963409
"2015_013_07",2015,"2015-06-12",7,"Mackworth Island - Beach","Mid",NA,2015-06-12 08:40:00,"overcast",13.4,9.2,33.22,0,2,NA,24,6,2.84133333333333,0.968157865231528
"2015_013_05",2015,"2015-06-12",5,"The Brothers - North","Mid",NA,2015-06-12 09:20:00,"overcast",12.9,10.4,33.76,1,0,NA,24,6,2.591,0.883955600403633
"2015_013_09",2015,"2015-06-12",9,"Great Diamond Island","Outer",NA,2015-06-12 10:00:00,"partly cloudy",12.5,10.5,33.44,1,2,NA,24,6,2.234,0.763874873864783
"2015_013_10",2015,"2015-06-12",10,"SMCC","Outer",NA,2015-06-12 10:40:00,"sunny",12.2,10.8,33.76,1,2,NA,24,6,1.75166666666667,0.601636954815562
"2015_013_11",2015,"2015-06-12",11,"Cushing Island","Outer",NA,2015-06-12 11:30:00,"overcast",13.7,10.7,33.77,1,2,NA,24,6,1.08,0.375714766229398
"2015_014_12",2015,"2015-06-17",12,"Alewife Cove","Outer",NA,2015-06-17 10:30:00,"sunny",12.8,13.2,33.08,0,0,"no catch",25,6,2.128,0.776932826362484
"2015_014_08",2015,"2015-06-17",8,"Back Cove","Mid",NA,2015-06-17 11:40:00,"sunny",14.8,11.4,33.2,0,0,NA,25,6,2.69066666666667,0.955217574989438
"2015_014_02",2015,"2015-06-17",2,"Skitterygusset","Inner",NA,2015-06-17 12:20:00,"sunny",15.2,9.9,28.29,0,0,NA,25,6,2.81733333333333,0.994027146584408
"2015_014_06",2015,"2015-06-17",6,"Mackworth Island - North","Mid",NA,2015-06-17 13:00:00,"sunny",15.2,11.8,33.65,1,3,NA,25,6,2.819,0.991323210412147
"2015_014_04",2015,"2015-06-17",4,"Mussel Cove","Mid",NA,2015-06-17 13:35:00,"sunny",19,12,34.46,0,2,NA,25,6,2.69133333333333,0.945167510243432
"2015_015_05",2015,"2015-06-30",5,"The Brothers - North","Mid",NA,2015-06-30 08:15:00,"sunny",16.5,9.5,30.5,0,0,NA,27,6,1.982,0.715980719317761
"2015_015_07",2015,"2015-06-30",7,"Mackworth Island - Beach","Mid",NA,2015-06-30 08:45:00,"sunny",16.2,9,28.24,0,1,NA,27,6,2.2565,0.817760474601409
"2015_015_01",2015,"2015-06-30",1,"Presumpscot Moorings","Inner",NA,2015-06-30 09:20:00,"sunny",18.5,10.6,0.47,0,0,NA,27,6,2.511,0.912124582869856
"2015_015_03",2015,"2015-06-30",3,"Audubon","Inner",NA,2015-06-30 09:55:00,"sunny",18.2,9.1,8.24,0,0,NA,27,6,2.68883333333333,0.978062044246694
"2015_015_09",2015,"2015-06-30",9,"Great Diamond Island","Outer",NA,2015-06-30 10:50:00,"sunny",17.5,9.3,30.7,1,2,NA,27,6,2.744,0.994486018117369
"2015_015_10",2015,"2015-06-30",10,"SMCC","Outer",NA,2015-06-30 11:25:00,"sunny",16.3,10.8,30.26,0,1,NA,27,6,2.64166666666667,0.954181436260995
"2015_016_02",2015,"2015-07-09",2,"Skitterygusset","Inner",NA,2015-07-09 07:25:00,"sunny",16.4,7,30.48,0,1,NA,28,7,2.40083333333333,0.806849017692391
"2015_016_08",2015,"2015-07-09",8,"Back Cove","Mid",NA,2015-07-09 08:00:00,"overcast",15.7,7.2,32.45,0,0,"no catch",28,7,2.029,0.685770107456854
"2015_016_06",2015,"2015-07-09",6,"Mackworth Island - North","Mid",NA,2015-07-09 08:50:00,"overcast",16.8,9.6,33,0,3,NA,28,7,1.343,0.462390100944318
"2015_016_11",2015,"2015-07-09",11,"Cushing Island","Outer",NA,2015-07-09 11:00:00,"overcast",13.3,11.2,33.76,0,0,NA,28,7,0.032,0.0354933246499512
"2015_017_04",2015,"2015-07-14",4,"Mussel Cove","Mid",NA,2015-07-14 08:50:00,"foggy",18.4,8.5,33.3,0,2,NA,29,7,2.35333333333333,0.808138238573021
"2015_017_05",2015,"2015-07-14",5,"The Brothers - North","Mid",NA,2015-07-14 09:20:00,"sunny",18.2,10.1,33.68,1,0,"no catch",29,7,2.608,0.893311036789298
"2015_017_07",2015,"2015-07-14",7,"Mackworth Island - Beach","Mid",NA,2015-07-14 09:52:00,"sunny",17,9.3,31.79,0,0,NA,29,7,2.80266666666667,0.958416945373467
"2015_017_01",2015,"2015-07-14",1,"Presumpscot Moorings","Inner",NA,2015-07-14 10:30:00,"overcast",24.6,8.2,1.46,0,0,NA,29,7,2.922,0.998327759197325
"2015_017_03",2015,"2015-07-14",3,"Audubon","Inner",NA,2015-07-14 11:05:00,"overcast",18.6,8.7,18.99,0,2,NA,29,7,2.88233333333333,0.981150793650794
"2015_017_09",2015,"2015-07-14",9,"Great Diamond Island","Outer",NA,2015-07-14 11:50:00,"sunny",16,9.7,33.41,0,1,NA,29,7,2.69366666666667,0.910962301587302
"2015_018_11",2015,"2015-07-21",11,"Cushing Island","Outer",NA,2015-07-21 10:05:00,"foggy",14.8,10.1,32.62,1,3,NA,30,7,0.415666666666667,0.0205008433891268
"2015_018_12",2015,"2015-07-21",12,"Alewife Cove","Outer",NA,2015-07-21 11:03:00,"foggy",15.5,11.5,33.65,1,3,NA,30,7,0.715,0.137018295056442
"2015_018_10",2015,"2015-07-21",10,"SMCC","Outer",NA,2015-07-21 12:00:00,"foggy",17,11.2,31.67,1,3,NA,30,7,1.253,0.346438302841573
"2015_018_04",2015,"2015-07-21",4,"Mussel Cove","Mid",NA,2015-07-21 12:35:00,"foggy",19.5,9.9,33.26,0,2,NA,30,7,1.65266666666667,0.502011158686908
"2015_018_06",2015,"2015-07-21",6,"Mackworth Island - North","Mid",NA,2015-07-21 13:30:00,"foggy",17.9,11.7,33.06,1,1,NA,30,7,2.218,0.722070844686648
"2015_018_02",2015,"2015-07-21",2,"Skitterygusset","Inner",NA,2015-07-21 14:05:00,"foggy",22.1,9.3,18.28,0,0,NA,30,7,2.53266666666667,0.844556896328013
"2015_018_08",2015,"2015-07-21",8,"Back Cove","Mid",NA,2015-07-21 14:45:00,"foggy",17.1,10.1,32.04,0,0,NA,30,7,2.787,0.943557804593227
"2015_019_05",2015,"2015-07-29",5,"The Brothers - North","Mid",NA,2015-07-29 10:36:00,"sunny",19.1,9.3,32.17,0,0,NA,31,7,2.686,0.974639094810769
"2015_019_07",2015,"2015-07-29",7,"Mackworth Island - Beach","Mid",NA,2015-07-29 11:00:00,"sunny",19.3,9.2,31.17,0,0,NA,31,7,2.597,0.939914163090129
"2015_019_01",2015,"2015-07-29",1,"Presumpscot Moorings","Inner",NA,2015-07-29 11:42:00,"partly cloudy",23.9,8.4,2.75,0,0,NA,31,7,2.34,0.839641045649629
"2015_019_03",2015,"2015-07-29",3,"Audubon","Inner",NA,2015-07-29 12:17:00,"sunny",23,9.7,17.8,0,0,NA,31,7,2.00966666666667,0.710755624918715
"2015_019_09",2015,"2015-07-29",9,"Great Diamond Island","Outer",NA,2015-07-29 13:00:00,"sunny",17.2,9.8,33.31,0,0,NA,31,7,1.494,0.509559110417479
"2015_019_10",2015,"2015-07-29",10,"SMCC","Outer",NA,2015-07-29 13:30:00,"sunny",17,10.4,33.32,1,2,NA,31,7,1.141,0.371829886851346
"2015_020_12",2015,"2015-08-05",12,"Alewife Cove","Outer",NA,2015-08-05 11:07:00,"mostly sunny",15.3,9.5,34.23,1,2,NA,32,8,0.239333333333333,0.140015229392728
"2015_020_11",2015,"2015-08-05",11,"Cushing Island","Outer",NA,2015-08-05 11:42:00,"mostly sunny",16.6,10,32.79,1,2,NA,32,8,0.652,0.257852655625357
"2015_020_04",2015,"2015-08-05",4,"Mussel Cove","Mid",NA,2015-08-05 12:41:00,"mostly sunny",19.3,9.4,33.72,0,0,NA,32,8,1.5085,0.50242718446602
"2015_020_06",2015,"2015-08-05",6,"Mackworth Island - North","Mid",NA,2015-08-05 13:40:00,"partly cloudy",17.4,9.9,33.8,1,2,NA,32,8,2.409,0.759565962307253
"2015_020_02",2015,"2015-08-05",2,"Skitterygusset","Inner",NA,2015-08-05 14:07:00,"partly cloudy",19.7,8.2,24.23,0,0,NA,32,8,2.75616666666667,0.85869979059585
"2015_021_10",2015,"2015-08-13",10,"SMCC","Outer",NA,2015-08-13 09:59:00,"sunny",16.7,8.5,32.52,1,1,NA,33,8,2.57116666666667,0.902256083156154
"2015_021_09",2015,"2015-08-13",9,"Great Diamond Island","Outer",NA,2015-08-13 10:45:00,"sunny",16.4,10,33.27,1,0,NA,33,8,2.811,0.987243090007087
"2015_021_05",2015,"2015-08-13",5,"The Brothers - North","Mid",NA,2015-08-13 11:35:00,"sunny",18.4,8.9,33.34,1,0,"no catch",33,8,2.81816666666667,0.986755386565272
"2015_021_07",2015,"2015-08-13",7,"Mackworth Island - Beach","Mid",NA,2015-08-13 12:08:00,"sunny",17.6,8.6,33.44,0,3,NA,33,8,2.666,0.928897338403042
"2015_021_01",2015,"2015-08-13",1,"Presumpscot Moorings","Inner",NA,2015-08-13 13:13:00,"sunny",23.4,9,1.8,0,1,NA,33,8,2.2205,0.759505703422053
"2015_021_03",2015,"2015-08-13",3,"Audubon","Inner",NA,2015-08-13 14:00:00,"sunny",22.3,8.5,7.8,0,1,NA,33,8,1.688,0.557034220532319
"2015_022_12",2015,"2015-08-19",12,"Alewife Cove","Outer",NA,2015-08-19 08:21:00,"foggy",17,8,34.42,0,1,NA,34,8,0.2095,0.0158942933741862
"2015_022_11",2015,"2015-08-19",11,"Cushing Island","Outer",NA,2015-08-19 09:05:00,"foggy",18.2,10.1,32.72,1,2,NA,34,8,0.173933333333333,0.00333780570813541
"2015_022_04",2015,"2015-08-19",4,"Mussel Cove","Mid",NA,2015-08-19 10:07:00,"sunny",23.2,8.9,14.7,0,0,"very low tide, seine taken in about 1 ft of water",34,8,0.422833333333333,0.0974058682785543
"2015_022_06",2015,"2015-08-19",6,"Mackworth Island - North","Mid",NA,2015-08-19 11:02:00,"sunny",20.8,9.3,32.21,1,3,NA,34,8,0.897333333333333,0.276665407379423
"2015_022_02",2015,"2015-08-19",2,"Skitterygusset","Inner",NA,2015-08-19 11:43:00,"sunny",24.4,8.5,8.72,0,0,NA,34,8,1.355,0.44956554590102
"2015_022_08",2015,"2015-08-19",8,"Back Cove","Mid",NA,2015-08-19 12:32:00,"sunny",19.5,8.1,32.32,0,0,NA,34,8,1.92133333333333,0.663518448558116
"2015_023_10",2015,"2015-08-25",10,"SMCC","Outer",NA,2015-08-25 08:45:00,NA,18.8,8.1,32.7,1,0,NA,35,8,2.4385,0.923490875058493
"2015_023_01",2015,"2015-08-25",1,"Presumpscot Moorings","Inner",NA,2015-08-25 09:20:00,"rain",24,7.7,2.23,0,2,NA,35,8,2.253,0.836686944314459
"2015_023_03",2015,"2015-08-25",3,"Audubon","Inner",NA,2015-08-25 09:45:00,NA,20.5,7.2,28.22,0,1,NA,35,8,2.0735,0.752690687880206
"2015_023_07",2015,"2015-08-25",7,"Mackworth Island - Beach","Mid",NA,2015-08-25 10:30:00,NA,21.2,7.8,22.7,1,2,NA,35,8,1.638,0.548900327562003
"2015_023_05",2015,"2015-08-25",5,"The Brothers - North","Mid",NA,2015-08-25 11:05:00,NA,20.2,8.8,33.8,NA,NA,NA,35,8,1.275,0.379036031820309
"2015_023_09",2015,"2015-08-25",9,"Great Diamond Island","Outer",NA,2015-08-25 11:55:00,"rain",19.1,0,33.37,NA,NA,NA,35,8,0.865333333333333,0.18733426922477
"2015_024_06",2015,"2015-09-01",6,"Mackworth Island - North","Mid",NA,NA,NA,18.1,9.1,34.33,0,0,NA,36,9,NA,NA
"2015_024_04",2015,"2015-09-01",4,"Mussel Cove","Mid",NA,NA,NA,19.9,9.8,34.48,NA,NA,NA,36,9,NA,NA
"2015_024_12",2015,"2015-09-01",12,"Alewife Cove","Outer",NA,NA,NA,16.5,8.5,34.46,NA,NA,"A lot of sandlances schooling, but none captured",36,9,NA,NA
"2015_024_11",2015,"2015-09-01",11,"Cushing Island","Outer",NA,NA,"sunny",17.7,9.7,34.09,1,1,NA,36,9,NA,NA
"2015_024_02",2015,"2015-09-01",2,"Skitterygusset","Inner",NA,NA,NA,19.9,8.8,27.89,NA,NA,NA,36,9,NA,NA
"2015_024_08",2015,"2015-09-01",8,"Back Cove","Mid",NA,NA,NA,18.3,8.7,33.54,NA,NA,"no catch",36,9,NA,NA
"2015_025_10",2015,"2015-09-10",10,"SMCC","Outer",NA,2015-09-10 09:40:00,"overcast",17.6,8.4,33.35,0,0,NA,37,9,2.728,0.9871065604854
"2015_025_09",2015,"2015-09-10",9,"Great Diamond Island","Outer",NA,2015-09-10 10:40:00,"overcast",16.5,8.3,34.39,1,1,NA,37,9,2.694,0.972255729794934
"2015_025_03",2015,"2015-09-10",3,"Audubon","Inner",NA,2015-09-10 11:20:00,"overcast",18.5,8,32.42,1,2,NA,37,9,2.50333333333333,0.895590403431175
"2015_025_01",2015,"2015-09-10",1,"Presumpscot Moorings","Inner",NA,2015-09-10 12:00:00,"overcast",21.1,6.6,22.49,0,3,NA,37,9,2.208,0.776839565741858
"2015_025_07",2015,"2015-09-10",7,"Mackworth Island - Beach","Mid",NA,2015-09-10 12:50:00,"overcast",19,1.4,29.94,NA,NA,NA,37,9,1.704,0.574185765983112
"2015_025_05",2015,"2015-09-10",5,"The Brothers - North","Mid",NA,2015-09-10 13:40:00,"overcast",19.5,9.4,34.5,NA,NA,NA,37,9,1.14766666666667,0.350489210561587
"2015_026_12",2015,"2015-09-16",12,"Alewife Cove","Outer",NA,2015-09-16 09:30:00,"sunny",16.3,NA,NA,NA,NA,NA,38,9,0.71,0.199924698795181
"2015_026_11",2015,"2015-09-16",11,"Cushing Island","Outer",NA,2015-09-16 10:35:00,"sunny",NA,NA,NA,0,1,NA,38,9,1.42566666666667,0.469377510040161
"2015_026_02",2015,"2015-09-16",2,"Skitterygusset","Inner",NA,2015-09-16 11:10:00,"sunny",NA,NA,NA,NA,NA,NA,38,9,1.842,0.626129518072289
"2015_026_08",2015,"2015-09-16",8,"Back Cove","Mid",NA,2015-09-16 11:55:00,"sunny",NA,NA,NA,1,1,NA,38,9,2.3075,0.801393072289156
"2015_026_06",2015,"2015-09-16",6,"Mackworth Island - North","Mid",NA,2015-09-16 12:40:00,"sunny",NA,NA,NA,NA,NA,NA,38,9,2.63566666666667,0.924949799196787
"2015_026_04",2015,"2015-09-16",4,"Mussel Cove","Mid",NA,2015-09-16 13:21:00,"sunny",NA,NA,NA,NA,NA,NA,38,9,2.814,0.992093373493976
"2015_027_09",2015,"2015-09-24",9,"Great Diamond Island","Outer",NA,NA,"sunny",17.4,12,34.74,1,0,NA,39,9,NA,NA
"2015_027_07",2015,"2015-09-24",7,"Mackworth Island - Beach","Mid",NA,NA,"sunny",16.9,10.4,31.1,0,3,NA,39,9,NA,NA
"2015_027_03",2015,"2015-09-24",3,"Audubon","Inner",NA,NA,"sunny",17.5,10.2,29.57,0,1,NA,39,9,NA,NA
"2015_027_01",2015,"2015-09-24",1,"Presumpscot Moorings","Inner",NA,NA,"partly cloudy",18.6,9.4,11.4,0,1,NA,39,9,NA,NA
"2015_027_10",2015,"2015-09-24",10,"SMCC","Outer",NA,NA,"overcast",16.3,9.7,33.71,NA,NA,NA,39,9,NA,NA
"2015_027_05",2015,"2015-09-24",5,"The Brothers - North","Mid",NA,NA,"sunny",17.7,12,34.86,NA,NA,NA,39,9,NA,NA
"2016_028_01",2016,"2016-06-16",1,"Presumpscot Moorings","Inner","gravel",2016-06-16 10:00:00,"sunny",20,11.4,2.7,NA,NA,NA,24,6,2.573,0.958997722095672
"2016_028_03",2016,"2016-06-16",3,"Audubon","Inner","sand",2016-06-16 10:40:00,"sunny",17.7,10.7,14.8,NA,NA,NA,24,6,2.38533333333333,0.873500379650721
"2016_028_06",2016,"2016-06-16",6,"Mackworth Island - North","Mid","sand",2016-06-16 11:15:00,"sunny",15.5,11,30.96,NA,NA,NA,24,6,2.127,0.755808656036447
"2016_028_04",2016,"2016-06-16",4,"Mussel Cove","Mid","mud",2016-06-16 11:55:00,"sunny",17.3,11.6,30.87,NA,2,NA,24,6,1.76116666666667,0.58914198936978
"2016_028_09",2016,"2016-06-16",9,"Great Diamond Island","Outer","sand",2016-06-16 12:39:00,"sunny",15,12,30.64,NA,NA,NA,24,6,1.3155,0.386104783599089
"2016_028_11",2016,"2016-06-16",11,"Cushing Island","Outer","sand",2016-06-16 13:00:00,"sunny",15.4,11.5,30.7,NA,NA,NA,24,6,1.124,0.298861047835991
"2016_029_07",2016,"2016-06-24",7,"Mackworth Island - Beach","Mid","sand/shell",NA,"sunny",18.4,12.9,26.52,NA,3,NA,25,6,NA,NA
"2016_029_12",2016,"2016-06-24",12,"Alewife Cove","Outer","sand",2016-06-24 09:55:00,"sunny",12.8,10.3,30.21,NA,1,"lots of sandlance too small for mesh",25,6,0.176166666666667,0.106403331082602
"2016_029_10",2016,"2016-06-24",10,"SMCC","Outer","sand",2016-06-24 10:35:00,"sunny",15,10.1,29.97,NA,NA,"no catch",25,6,0.56,0.235989196488859
"2016_029_05",2016,"2016-06-24",5,"The Brothers - North","Mid","gravel/shell",2016-06-24 11:25:00,"sunny",16.5,12.6,31.13,NA,NA,NA,25,6,1.1935,0.449864956110736
"2016_029_02",2016,"2016-06-24",2,"Skitterygusset","Inner",NA,2016-06-24 12:50:00,"sunny",19.4,11.7,23.03,NA,2,"grass",25,6,2.23733333333333,0.802273238802611
"2016_029_08",2016,"2016-06-24",8,"Back Cove","Mid",NA,2016-06-24 13:50:00,"sunny",16.3,11,29.85,NA,NA,NA,25,6,2.67333333333333,0.949471078100383
"2016_030_01",2016,"2016-06-30",1,"Presumpscot Moorings","Inner","sand/gravel",2016-06-30 09:40:00,"sunny",NA,NA,NA,NA,NA,"Ysi dead",26,6,2.25066666666667,0.781741986634953
"2016_030_03",2016,"2016-06-30",3,"Audubon","Inner","sand",2016-06-30 10:20:00,"windy",NA,NA,NA,0,2,"YSI batteries dead; collected sed texture sample",26,6,1.795,0.62691131498471
"2016_030_06",2016,"2016-06-30",6,"Mackworth Island - North","Mid","sand/shell",2016-06-30 11:00:00,"sunny",18.6,10.7,29.9,NA,NA,"site has lots of rockweed",26,6,1.251,0.442065919130139
"2016_030_04",2016,"2016-06-30",4,"Mussel Cove","Mid","mud",2016-06-30 11:40:00,"sunny",25,11.7,30.8,0,0,"no catch",26,6,0.75,0.271831464492015
"2016_030_09",2016,"2016-06-30",9,"Great Diamond Island","Outer","mud/sand",2016-06-30 12:30:00,"sunny",19,12.5,30.35,NA,3,NA,26,6,0.255,0.103635745837581
"2016_030_11",2016,"2016-06-30",11,"Cushing Island","Outer","mud/sand",2016-06-30 13:00:00,"sunny",17,14.3,31.28,1,1,"eelgrass",26,6,0.082,0.0448521916411825
"2016_031_02",2016,"2016-07-13",2,"Skitterygusset","Inner",NA,2016-07-13 09:30:00,"sunny",19,8.2,26.58,0,1,"many sturgeon jumping, mussels",28,7,1.613,0.564500941619586
"2016_031_08",2016,"2016-07-13",8,"Back Cove","Mid",NA,2016-07-13 10:15:00,"sunny",20,8.7,29.86,0,0,"lots of mud snails, some mussels found",28,7,1.145,0.344161958568738
"2016_031_07",2016,"2016-07-13",7,"Mackworth Island - Beach","Mid",NA,2016-07-13 11:00:00,"sunny",21.7,9.4,21.09,NA,NA,NA,28,7,0.8,0.181732580037665
"2016_031_05",2016,"2016-07-13",5,"The Brothers - North","Mid",NA,2016-07-13 11:50:00,"sunny",18.8,11,31.46,1,2,NA,28,7,0.531333333333333,0.0552416823603266
"2016_031_12",2016,"2016-07-13",12,"Alewife Cove","Outer",NA,2016-07-13 13:00:00,"sunny",16,11.8,31.5,1,1,NA,28,7,0.415,0.00208681135225376
"2016_031_10",2016,"2016-07-13",10,"SMCC","Outer",NA,2016-07-13 14:00:00,"sunny",19,13.2,30.49,1,2,NA,28,7,0.62,0.0876460767946578
"2016_032_09",2016,"2016-07-19",9,"Great Diamond Island","Outer","sand/gravel",2016-07-19 08:10:00,"sunny",18.6,9.3,27.01,1,3,NA,29,7,1.08533333333333,0.411886493727926
"2016_032_06",2016,"2016-07-19",6,"Mackworth Island - North","Mid","mud/gravel",2016-07-19 08:35:00,"sunny",18.8,10.2,30.36,1,3,NA,29,7,1.4,0.526854219948849
"2016_032_03",2016,"2016-07-19",3,"Audubon","Inner","sand",2016-07-19 09:00:00,"sunny",20.2,9.1,22.96,0,3,NA,29,7,1.695,0.634636463280965
"2016_032_01",2016,"2016-07-19",1,"Presumpscot Moorings","Inner","gravel",2016-07-19 09:37:00,"sunny",25.6,9.7,3.8,NA,2,NA,29,7,2.0655,0.770003653635367
"2016_032_04",2016,"2016-07-19",4,"Mussel Cove","Mid","mud",2016-07-19 10:25:00,"sunny",21.5,9.8,31.33,1,2,NA,29,7,2.46383333333333,0.915540129095116
"2016_032_11",2016,"2016-07-19",11,"Cushing Island","Outer","sand",2016-07-19 10:55:00,"sunny",17.9,10.6,31.29,1,2,NA,29,7,2.62883333333333,0.975825112653757
"2016_033_12",2016,"2016-07-20",12,"Alewife Cove","Outer",NA,NA,NA,16,9.8,31.5,NA,NA,"no catch",29,7,NA,NA
"2016_033_10",2016,"2016-07-20",10,"SMCC","Outer",NA,NA,NA,17.6,10.3,30.7,1,NA,"no catch",29,7,NA,NA
"2016_033_02",2016,"2016-07-20",2,"Skitterygusset","Inner",NA,NA,NA,19.4,8.6,23.88,NA,NA,"no catch",29,7,NA,NA
"2016_033_07",2016,"2016-07-20",7,"Mackworth Island - Beach","Mid",NA,2016-07-20 11:25:00,NA,19,9,28.55,NA,NA,NA,29,7,2.628,0.953496383052015
"2016_033_05",2016,"2016-07-20",5,"The Brothers - North","Mid",NA,2016-07-20 11:50:00,NA,24.7,9.4,27.55,NA,NA,NA,29,7,2.72666666666667,0.987484211734987
"2016_033_08",2016,"2016-07-20",8,"Back Cove","Mid",NA,2016-07-20 13:00:00,NA,18.5,26.5,30.84,NA,NA,"no catch",29,7,2.695,0.974753018660812
"2016_034_09",2016,"2016-07-26",9,"Great Diamond Island","Outer","mud/gravel",2016-07-26 09:13:00,"sunny",18.6,12.7,31.03,NA,3,"no catch; scattered grass in set area",30,7,0.348666666666667,0.112664125370606
"2016_034_11",2016,"2016-07-26",11,"Cushing Island","Outer",NA,2016-07-26 10:00:00,"sunny",16.8,12.6,31.83,NA,3,NA,30,7,0.071,0.0244599745870392
"2016_034_06",2016,"2016-07-26",6,"Mackworth Island - North","Mid","mud/shell",2016-07-26 11:30:00,"sunny",22.1,13.7,30.89,NA,3,"set area included large patch of eelgrass",30,7,0.138,0.0484171322160149
"2016_034_04",2016,"2016-07-26",4,"Mussel Cove","Mid","mud",2016-07-26 12:20:00,"sunny",24.8,10.9,31.71,NA,3,"rising tide",30,7,0.531333333333333,0.170494516863232
"2016_034_03",2016,"2016-07-26",3,"Audubon","Inner","mud/sand",2016-07-26 13:10:00,"sunny",22,9.4,23.15,NA,3,NA,30,7,1.144,0.36064556176288
"2016_034_01",2016,"2016-07-26",1,"Presumpscot Moorings","Inner","mud/gravel",2016-07-26 13:35:00,"sunny",25.3,9.5,6.45,NA,2,NA,30,7,1.49616666666667,0.469946203186427
"2016_035_12",2016,"2016-08-02",12,"Alewife Cove","Outer",NA,2016-08-02 08:40:00,"overcast",16.2,8.9,31.55,NA,NA,"no catch",31,8,1.623,0.59260391198044
"2016_035_10",2016,"2016-08-02",10,"SMCC","Outer","sand/gravel",2016-08-02 09:20:00,"overcast",17.1,9.5,30.38,NA,NA,NA,31,8,2.146,0.752444987775061
"2016_035_09",2016,"2016-08-02",9,"Great Diamond Island","Outer","sand/gravel",2016-08-02 09:50:00,"sunny",17.9,9.2,29.81,NA,NA,NA,31,8,2.45566666666667,0.847086389568052
"2016_035_07",2016,"2016-08-02",7,"Mackworth Island - Beach","Mid","sand/shell",2016-08-02 10:30:00,"sunny",17.8,9.2,30.92,NA,NA,NA,31,8,2.771,0.943459657701712
"2016_035_02",2016,"2016-08-02",2,"Skitterygusset","Inner",NA,2016-08-02 10:50:00,"sunny",19,8.5,20.92,NA,NA,NA,31,8,2.88666666666667,0.97881010594947
"2016_035_08",2016,"2016-08-02",8,"Back Cove","Mid","gravel",2016-08-02 11:20:00,"sunny",18.8,9.6,30.55,NA,NA,NA,31,8,2.95555555555556,0.997900932717559
"2016_036_01",2016,"2016-08-11",1,"Presumpscot Moorings","Inner",NA,2016-08-11 08:45:00,"foggy",23.2,8.5,3.83,NA,2,NA,32,8,1.5365,0.56045831301804
"2016_036_03",2016,"2016-08-11",3,"Audubon","Inner",NA,2016-08-11 09:15:00,"foggy",22.4,7.9,9.38,NA,3,NA,32,8,1.2575,0.42442710872745
"2016_036_06",2016,"2016-08-11",6,"Mackworth Island - North","Mid",NA,2016-08-11 10:00:00,"sunny",18.2,9.5,31.62,1,3,NA,32,8,0.856,0.228668941979522
"2016_036_05",2016,"2016-08-11",5,"The Brothers - North","Mid",NA,2016-08-11 10:30:00,"sunny",19.1,8.6,31.66,1,2,NA,32,8,0.638,0.122379327157484
"2016_036_04",2016,"2016-08-11",4,"Mussel Cove","Mid",NA,2016-08-11 11:00:00,"sunny",24.5,11.9,31.7,1,3,NA,32,8,0.5,0.0550950755728913
"2016_036_11",2016,"2016-08-11",11,"Cushing Island","Outer","sand",2016-08-11 13:10:00,"sunny",21.3,11.6,31.87,1,3,NA,32,8,0.589666666666667,0.0881803820192446
"2016_037_02",2016,"2016-08-18",2,"Skitterygusset","Inner","mud",2016-08-18 08:30:00,"overcast",21.6,8.2,13.4,NA,NA,NA,33,8,1.227,0.444302991725016
"2016_037_08",2016,"2016-08-18",8,"Back Cove","Mid","gravel",2016-08-18 09:15:00,"sunny",18.7,7.9,30.79,NA,0,NA,33,8,1.8585,0.64528962444303
"2016_037_09",2016,"2016-08-18",9,"Great Diamond Island","Outer","mud/sand",2016-08-18 10:00:00,"sunny",18.5,9.7,30.81,1,1,NA,33,8,2.352,0.802355187778485
"2016_037_10",2016,"2016-08-18",10,"SMCC","Outer","sand",2016-08-18 10:30:00,"overcast",18.3,9.1,30.91,0,1,NA,33,8,2.612,0.885105028644176
"2016_037_07",2016,"2016-08-18",7,"Mackworth Island - Beach","Mid","sand/shell",2016-08-18 11:00:00,"sunny",19.4,8.5,30.8,1,2,NA,33,8,2.832,0.955124124761299
"2016_037_12",2016,"2016-08-18",12,"Alewife Cove","Outer","sand/gravel",2016-08-18 13:00:00,"sunny",17.3,9.9,31.68,0,0,NA,33,8,2.733,0.915546363322992
"2016_038_11",2016,"2016-09-02",11,"Cushing Island","Outer",NA,2016-09-02 08:50:00,"sunny",16.9,9.3,30.51,1,2,NA,35,9,1.01266666666667,0.316118935837246
"2016_038_04",2016,"2016-09-02",4,"Mussel Cove","Mid",NA,2016-09-02 09:30:00,"sunny",19.3,7.8,31.94,NA,NA,NA,35,9,1.555,0.497987927565392
"2016_038_13",2016,"2016-09-02",13,"The Brothers - South","Mid",NA,2016-09-02 10:10:00,"sunny",18,9.4,32,NA,NA,NA,35,9,2.09166666666667,0.677956628660854
"2016_038_06",2016,"2016-09-02",6,"Mackworth Island - North","Mid",NA,2016-09-02 10:30:00,"sunny",18.8,9,31.67,NA,NA,NA,35,9,2.322,0.755197853789403
"2016_038_03",2016,"2016-09-02",3,"Audubon","Inner",NA,2016-09-02 11:15:00,"sunny",19.5,7.9,24.7,NA,2,NA,35,9,2.739,0.895036887994634
"2016_038_01",2016,"2016-09-02",1,"Presumpscot Moorings","Inner",NA,2016-09-02 11:35:00,"sunny",21.7,8.7,11.3,NA,NA,NA,35,9,2.8805,0.942488262910798
"2016_039_10",2016,"2016-09-07",10,"SMCC","Outer",NA,2016-09-07 09:10:00,"foggy",17.5,8.11,31.02,NA,2,NA,36,9,0.433666666666667,0.00752733986649637
"2016_039_09",2016,"2016-09-07",9,"Great Diamond Island","Outer",NA,2016-09-07 09:50:00,"foggy",18,8.8,31.58,NA,2,NA,36,9,0.425333333333333,0.0058936403508772
"2016_039_07",2016,"2016-09-07",7,"Mackworth Island - Beach","Mid",NA,2016-09-07 11:00:00,"foggy",NA,NA,NA,NA,2,NA,36,9,0.662,0.103207236842105
"2016_039_02",2016,"2016-09-07",2,"Skitterygusset","Inner",NA,2016-09-07 11:45:00,"foggy",19.7,8.3,19.23,NA,NA,NA,36,9,0.993,0.239309210526316
"2016_039_08",2016,"2016-09-07",8,"Back Cove","Mid",NA,2016-09-07 12:35:00,NA,18.5,7.5,29.97,NA,NA,NA,36,9,1.48816666666667,0.442913925438597
"2016_039_12",2016,"2016-09-07",12,"Alewife Cove","Outer",NA,NA,NA,NA,NA,NA,NA,NA,NA,36,9,NA,NA
"2017_040_02",2017,"2017-06-22",2,"Skitterygusset","Inner",NA,2017-06-22 10:45:00,NA,NA,NA,NA,NA,1,NA,25,6,2.957,0.962172647914646
"2017_040_06",2017,"2017-06-22",6,"Mackworth Island - North","Mid",NA,2017-06-22 11:45:00,NA,15,13.5,26.78,NA,NA,NA,25,6,2.5045,0.815874555447785
"2017_040_04",2017,"2017-06-22",4,"Mussel Cove","Mid",NA,2017-06-22 12:30:00,"sunny",16.3,12.3,29.59,NA,3,NA,25,6,1.947,0.635628839314581
"2017_040_09",2017,"2017-06-22",9,"Great Diamond Island","Outer",NA,2017-06-22 13:25:00,"sunny",13.7,12.4,29.55,NA,3,NA,25,6,1.11333333333333,0.366095484427201
"2017_040_11",2017,"2017-06-22",11,"Cushing Island","Outer",NA,2017-06-22 14:07:00,"sunny",12.6,12.7,30.16,1,2,NA,25,6,0.607833333333333,0.202661924776377
"2017_040_10",2017,"2017-06-22",10,"SMCC","Outer",NA,2017-06-22 14:39:00,"sunny",NA,NA,NA,1,2,NA,25,6,0.295,0.101519560297446
"2017_041_12",2017,"2017-06-27",12,"Alewife Cove","Outer",NA,2017-06-27 11:00:00,"overcast",13.3,11.8,29.51,0,0,NA,26,6,0.994,0.389351081530782
"2017_041_05",2017,"2017-06-27",5,"The Brothers - North","Mid",NA,2017-06-27 12:00:00,"overcast",15.4,11.9,30.41,0,0,NA,26,6,1.931,0.649195784803106
"2017_041_07",2017,"2017-06-27",7,"Mackworth Island - Beach","Mid",NA,2017-06-27 12:40:00,"overcast",14.5,12.3,29.35,NA,NA,NA,26,6,2.47166666666667,0.799131077833241
"2017_041_01",2017,"2017-06-27",1,"Presumpscot Moorings","Inner",NA,2017-06-27 13:30:00,"overcast",23,8.8,1.41,0,0,NA,26,6,2.943,0.929839156960621
"2017_041_03",2017,"2017-06-27",3,"Audubon","Inner",NA,2017-06-27 13:45:00,"overcast",15.5,10.8,28.14,0,1,NA,26,6,3.0375,0.956045479755962
"2017_042_10",2017,"2017-07-06",10,"SMCC","Outer",NA,NA,"sunny",14.1,12.5,30.31,1,2,NA,27,7,NA,NA
"2017_042_02",2017,"2017-07-06",2,"Skitterygusset","Inner",NA,2017-07-06 11:07:00,"sunny",18,9,22.95,0,1,NA,27,7,2.5225,0.964059674502712
"2017_042_04",2017,"2017-07-06",4,"Mussel Cove","Mid",NA,2017-07-06 12:05:00,"sunny",16.6,10.6,30.95,0,2,NA,27,7,2.21083333333333,0.823161543098252
"2017_042_09",2017,"2017-07-06",9,"Great Diamond Island","Outer",NA,2017-07-06 13:00:00,"sunny",16,14.5,29.37,1,1,NA,27,7,1.7,0.592224231464738
"2017_042_11",2017,"2017-07-06",11,"Cushing Island","Outer",NA,2017-07-06 13:20:00,"sunny",16.3,12.3,30.21,1,2,NA,27,7,1.49333333333333,0.498794454490657
"2017_043_12",2017,"2017-07-12",12,"Alewife Cove","Outer",NA,2017-07-12 10:45:00,"sunny",21.1,10,25.69,NA,NA,NA,28,7,1.159,0.409058740268931
"2017_043_01",2017,"2017-07-12",1,"Presumpscot Moorings","Inner",NA,2017-07-12 11:30:00,"sunny",28.1,9,NA,0,1,NA,28,7,1.732,0.611818825194621
"2017_043_03",2017,"2017-07-12",3,"Audubon","Inner",NA,2017-07-12 12:00:00,"sunny",27,8.6,19.73,NA,NA,NA,28,7,2.067,0.73036093418259
"2017_043_08",2017,"2017-07-12",8,"Back Cove","Mid",NA,2017-07-12 12:40:00,"sunny",25.4,8.6,24.41,0,0,NA,28,7,2.41866666666667,0.854800660533145
"2017_043_06",2017,"2017-07-12",6,"Mackworth Island - North","Mid",NA,2017-07-12 13:05:00,"sunny",26,8.6,26.37,1,0,NA,28,7,2.59333333333333,0.916607690493041
"2017_043_07",2017,"2017-07-12",7,"Mackworth Island - Beach","Mid",NA,2017-07-12 13:25:00,"sunny",18.1,10.5,29.58,NA,NA,NA,28,7,2.68716666666667,0.949811276244397
"2017_044_02",2017,"2017-07-18",2,"Skitterygusset","Inner",NA,2017-07-18 11:15:00,"sunny",20.7,8,13.55,NA,NA,NA,29,7,0.449,0.113370998116761
"2017_044_06",2017,"2017-07-18",6,"Mackworth Island - North","Mid",NA,2017-07-18 11:45:00,"sunny",20.8,12,27.91,1,2,NA,29,7,0.2625,0.043126177024482
"2017_044_04",2017,"2017-07-18",4,"Mussel Cove","Mid",NA,2017-07-18 12:25:00,"sunny",22.6,10.1,30.44,1,3,NA,29,7,0.154,0.00225988700564958
"2017_044_09",2017,"2017-07-18",9,"Great Diamond Island","Outer",NA,2017-07-18 13:15:00,"sunny",20.2,12.2,29.29,1,3,NA,29,7,0.2055,0.020149001015916
"2017_044_11",2017,"2017-07-18",11,"Cushing Island","Outer",NA,2017-07-18 14:00:00,"sunny",18.9,13.8,29.79,1,1,NA,29,7,0.448,0.102268879105994
"2017_044_10",2017,"2017-07-18",10,"SMCC","Outer",NA,2017-07-18 14:30:00,"sunny",19.1,10.9,27.67,1,1,NA,29,7,0.693,0.185235353877413
"2017_045_12",2017,"2017-07-26",12,"Alewife Cove","Outer",NA,2017-07-26 09:30:00,"sunny",15.4,14.2,30.23,0,0,NA,30,7,0.081,0.118451025056948
"2017_045_07",2017,"2017-07-26",7,"Mackworth Island - Beach","Mid",NA,2017-07-26 10:20:00,"sunny",25,5.7,13.44,1,2,NA,30,7,0.696333333333333,0.293659832953683
"2017_045_03",2017,"2017-07-26",3,"Audubon","Inner",NA,2017-07-26 11:15:00,"sunny",21.4,9.3,17.53,0,2,NA,30,7,1.5585,0.539151480637813
"2017_045_01",2017,"2017-07-26",1,"Presumpscot Moorings","Inner",NA,2017-07-26 11:55:00,"sunny",24.2,10.3,0.3,0,0,NA,30,7,2.162,0.710990888382688
"2017_045_05",2017,"2017-07-26",5,"The Brothers - North","Mid",NA,2017-07-26 12:44:00,"sunny",16.2,11.1,30.16,1,1,NA,30,7,2.708,0.866457858769932
"2017_045_08",2017,"2017-07-26",8,"Back Cove","Mid",NA,2017-07-26 13:10:00,"sunny",17.4,11,28.83,0,0,NA,30,7,2.922,0.927391799544419
"2017_046_02",2017,"2017-08-02",2,"Skitterygusset","Inner",NA,2017-08-02 09:00:00,"sunny",19.3,8.4,22.82,0,0,NA,31,8,2.43,0.942051282051282
"2017_046_06",2017,"2017-08-02",6,"Mackworth Island - North","Mid",NA,2017-08-02 09:45:00,"sunny",19,10,26.75,0,1,NA,31,8,2.1905,0.819230769230769
"2017_046_04",2017,"2017-08-02",4,"Mussel Cove","Mid",NA,2017-08-02 10:15:00,"sunny",20.6,8.9,30.45,0,0,NA,31,8,1.9765,0.70948717948718
"2017_046_09",2017,"2017-08-02",9,"Great Diamond Island","Outer",NA,2017-08-02 10:40:00,"sunny",18.3,9.9,29.82,0,3,NA,31,8,1.77333333333333,0.605299145299145
"2017_046_11",2017,"2017-08-02",11,"Cushing Island","Outer",NA,2017-08-02 11:05:00,"sunny",17,10,29.57,1,2,NA,31,8,1.55566666666667,0.493675213675214
"2017_046_10",2017,"2017-08-02",10,"SMCC","Outer",NA,2017-08-02 11:30:00,"sunny",18.5,10.6,28.45,1,3,NA,31,8,1.329,0.377435897435897
"2017_047_12",2017,"2017-08-11",12,"Alewife Cove","Outer",NA,2017-08-11 09:15:00,"sunny",15.2,10.9,30.64,1,1,NA,32,8,0.1675,0.069374791039786
"2017_047_03",2017,"2017-08-11",3,"Audubon","Inner",NA,2017-08-11 10:00:00,"sunny",23.2,7.6,7.55,0,3,NA,32,8,0.511,0.184219324640588
"2017_047_01",2017,"2017-08-11",1,"Presumpscot Moorings","Inner",NA,2017-08-11 10:35:00,"sunny",23.9,9.1,0.51,0,3,"tide too low to access site-set closer to dock",32,8,0.892166666666667,0.311657193803633
"2017_047_07",2017,"2017-08-11",7,"Mackworth Island - Beach","Mid",NA,2017-08-11 11:40:00,"sunny",21.2,11.4,23.39,0,3,NA,32,8,1.77133333333333,0.605594561462164
"2017_047_08",2017,"2017-08-11",8,"Back Cove","Mid",NA,2017-08-11 12:20:00,"sunny",18.1,9.4,29.35,0,0,NA,32,8,2.24833333333333,0.765072996768082
"2017_047_13",2017,"2017-08-11",13,"The Brothers - South","Mid",NA,2017-08-11 12:40:00,"sunny",20.3,11,30.71,1,0,NA,32,8,2.439,0.828819792711467
"2017_048_10",2017,"2017-08-25",10,"SMCC","Outer",NA,2017-08-25 09:00:00,"sunny",16.8,11,29.47,1,2,NA,34,8,0.038,0.0239310784939375
"2017_048_11",2017,"2017-08-25",11,"Cushing Island","Outer",NA,2017-08-25 09:40:00,"sunny",16.3,11.3,29.75,1,1,NA,34,8,0.261,0.0950861518825782
"2017_048_09",2017,"2017-08-25",9,"Great Diamond Island","Outer",NA,NA,"sunny",NA,NA,NA,0,2,NA,34,8,NA,NA
"2017_048_04",2017,"2017-08-25",4,"Mussel Cove","Mid",NA,2017-08-25 11:04:00,"partly cloudy",20.2,6.2,30.85,NA,NA,NA,34,8,1.21466666666667,0.399383109976601
"2017_048_06",2017,"2017-08-25",6,"Mackworth Island - North","Mid",NA,2017-08-25 11:40:00,"overcast",17.9,10.8,30.29,0,1,NA,34,8,1.73433333333333,0.565198893852372
"2017_048_02",2017,"2017-08-25",2,"Skitterygusset","Inner",NA,2017-08-25 12:15:00,"sunny",18.8,8.1,24.63,0,0,NA,34,8,2.2045,0.715220165922144
"2017_049_08",2017,"2017-09-15",8,"Back Cove","Mid",NA,2017-09-15 09:23:00,"overcast",15.8,9,30.05,NA,NA,NA,37,9,2.16283333333333,0.724840357598978
"2017_049_03",2017,"2017-09-15",3,"Audubon","Inner",NA,2017-09-15 10:10:00,"overcast",18,8.9,16.01,0,1,NA,37,9,1.64266666666667,0.525542784163474
"2017_049_07",2017,"2017-09-15",7,"Mackworth Island - Beach","Mid",NA,2017-09-15 10:39:00,"overcast",17.2,9.3,23.81,NA,NA,NA,37,9,1.2985,0.39367816091954
"2017_049_01",2017,"2017-09-15",1,"Presumpscot Moorings","Inner",NA,2017-09-15 10:50:00,"overcast",20.3,9.5,3.04,0,1,NA,37,9,1.17166666666667,0.345083014048531
"2017_049_05",2017,"2017-09-15",5,"The Brothers - North","Mid",NA,2017-09-15 11:07:00,"overcast",17,10.1,31.2,0,1,NA,37,9,0.989833333333333,0.275415070242656
"2017_049_12",2017,"2017-09-15",12,"Alewife Cove","Outer",NA,2017-09-15 11:55:00,"overcast",15.3,11.6,31.35,0,0,NA,37,9,0.548166666666667,0.106194125159642
"2018_050_03",2018,"2018-06-15",3,"Audubon","Inner",NA,2018-06-15 11:15:00,"sunny",15.7,8.9,20.67,0,1,NA,24,6,2.6445,0.83264348785872
"2018_050_01",2018,"2018-06-15",1,"Presumpscot Moorings","Inner",NA,2018-06-15 10:41:00,"overcast",17.4,8.4,11,0,0,NA,24,6,2.22983333333333,0.718221118469463
"2018_050_09",2018,"2018-06-15",9,"Great Diamond Island","Outer",NA,2018-06-15 13:10:00,"sunny",15.9,9.5,29.32,0,0,NA,24,6,3.24933333333333,0.998613586848881
"2018_050_11",2018,"2018-06-15",11,"Cushing Island","Outer",NA,2018-06-15 13:35:00,"sunny",13.6,10.3,29.97,1,1,NA,24,6,3.19033333333333,0.981085363438305
"2018_050_06",2018,"2018-06-15",6,"Mackworth Island - North","Mid",NA,2018-06-15 12:13:00,"sunny",15.9,10.6,29.76,0,0,NA,24,6,3.13983333333333,0.969324871228845
"2018_050_04",2018,"2018-06-15",4,"Mussel Cove","Mid",NA,2018-06-15 12:45:00,"sunny",16.2,9.1,29.89,0,0,NA,24,6,3.2375,0.996274834437086
"2018_051_10",2018,"2018-06-27",10,"SMCC","Outer",NA,2018-06-27 13:10:00,"sunny",14.8,9.9,29.85,0,0,NA,26,6,2.40933333333333,0.867596771987416
"2018_051_06",2018,"2018-06-27",6,"Mackworth Island - North","Mid",NA,2018-06-27 12:30:00,"sunny",15.3,9.6,29.48,1,0,NA,26,6,2.639,0.961838325810422
"2018_051_02",2018,"2018-06-27",2,"Skitterygusset","Inner",NA,2018-06-27 11:40:00,"sunny",18,9.1,23.21,0,0,NA,26,6,2.72444444444444,0.997720211008968
"2018_051_08",2018,"2018-06-27",8,"Back Cove","Mid",NA,2018-06-27 11:00:00,"sunny",16.9,7.5,29.64,0,0,NA,26,6,2.64,0.972014925373134
"2018_051_12",2018,"2018-06-27",12,"Alewife Cove","Outer",NA,2018-06-27 10:05:00,"sunny",13.4,9.8,30.3,0,0,NA,26,6,2.2765,0.836380597014925
"2018_052_10",2018,"2018-07-11",10,"SMCC","Outer",NA,2018-07-11 13:50:00,"sunny",17.2,9.8,29.4,1,1,NA,28,7,0.854,0.272416153319644
"2018_052_07",2018,"2018-07-11",7,"Mackworth Island - Beach","Mid",NA,2018-07-11 13:15:00,"sunny",18.9,8.1,28.22,0,3,NA,28,7,1.3065,0.427275838466804
"2018_052_03",2018,"2018-07-11",3,"Audubon","Inner",NA,2018-07-11 12:40:00,"sunny",22.1,7.2,19.53,0,1,NA,28,7,1.78366666666667,0.59057723020762
"2018_052_01",2018,"2018-07-11",1,"Presumpscot Moorings","Inner",NA,2018-07-11 12:05:00,"sunny",25.2,6.8,4.54,0,0,NA,28,7,2.224,0.741273100616016
"2018_052_06",2018,"2018-07-11",6,"Mackworth Island - North","Mid",NA,2018-07-11 11:30:00,"sunny",18.9,9,30.04,1,1,NA,28,7,2.617,0.875770020533881
"2018_052_04",2018,"2018-07-11",4,"Mussel Cove","Mid",NA,2018-07-11 10:45:00,"sunny",19.2,8,30.43,0,0,NA,28,7,2.8755,0.964236824093087
"2018_052_09",2018,"2018-07-11",9,"Great Diamond Island","Outer",NA,2018-07-11 10:15:00,"sunny",17.2,8.8,28.95,0,1,NA,28,7,2.9615,0.993668720054757
"2020_053_10",2020,"2020-06-24",10,"SMCC","Outer",NA,2020-06-24 09:50:00,"foggy",16.6,NA,NA,1,1,NA,26,6,0.609666666666667,0.19320009189065
"2020_053_11",2020,"2020-06-24",11,"Cushing Island","Outer",NA,2020-06-24 10:15:00,"foggy",15.8,NA,NA,1,1,NA,26,6,0.8785,0.285837353549276
"2020_053_09",2020,"2020-06-24",9,"Great Diamond Island","Outer",NA,2020-06-24 10:51:00,"foggy",18,NA,NA,1,2,NA,26,6,1.331,0.441764300482426
"2020_053_05",2020,"2020-06-24",5,"The Brothers - North","Mid",NA,NA,"foggy",18,NA,NA,NA,NA,NA,26,6,NA,NA
"2020_053_01",2020,"2020-06-24",1,"Presumpscot Moorings","Inner",NA,2020-06-24 11:45:00,"foggy",22.7,NA,NA,NA,NA,NA,26,6,2.0035,0.673501033769814
"2020_053_08",2020,"2020-06-24",8,"Back Cove","Mid",NA,2020-06-24 12:30:00,"foggy",17.3,NA,NA,NA,NA,NA,26,6,2.482,0.838387319090282
"2020_054_12",2020,"2020-06-25",12,"Alewife Cove","Outer",NA,2020-06-25 10:10:00,"sunny",14.6,NA,NA,0,1,NA,26,6,0.312,0.112957937584803
"2020_054_04",2020,"2020-06-25",4,"Mussel Cove","Mid",NA,2020-06-25 11:15:00,"sunny",20.8,NA,NA,NA,1,NA,26,6,0.98,0.33955223880597
"2020_054_06",2020,"2020-06-25",6,"Mackworth Island - North","Mid",NA,2020-06-25 12:00:00,"sunny",18.4,NA,NA,NA,NA,NA,26,6,1.569,0.539348710990502
"2020_054_07",2020,"2020-06-25",7,"Mackworth Island - Beach","Mid",NA,2020-06-25 12:15:00,NA,19.4,NA,NA,NA,2,NA,26,6,1.7565,0.602951153324288
"2020_054_03",2020,"2020-06-25",3,"Audubon","Inner",NA,2020-06-25 12:40:00,"sunny",20.9,NA,NA,NA,NA,NA,26,6,2.05766666666667,0.705110809588422
"2020_054_02",2020,"2020-06-25",2,"Skitterygusset","Inner",NA,2020-06-25 13:00:00,"sunny",20.2,NA,NA,NA,NA,NA,26,6,2.266,0.775780189959295
"2020_055_13",2020,"2020-07-06",13,"The Brothers - South","Mid",NA,2020-07-06 10:00:00,"sunny",22.5,NA,NA,0,1,NA,28,7,1.601,0.558861578266494
"2020_055_06",2020,"2020-07-06",6,"Mackworth Island - North","Mid",NA,2020-07-06 11:30:00,"sunny",21.2,NA,NA,1,1,NA,28,7,2.611,0.885510996119017
"2020_055_04",2020,"2020-07-06",4,"Mussel Cove","Mid",NA,2020-07-06 12:50:00,"sunny",19.2,NA,NA,0,0,NA,28,7,2.96583333333333,0.998170879568824
"2020_055_08",2020,"2020-07-06",8,"Back Cove","Mid",NA,2020-07-06 14:00:00,"sunny",20,NA,NA,0,0,NA,28,7,2.791,0.932751726644856
"2020_056_12",2020,"2020-07-07",12,"Alewife Cove","Outer",NA,2020-07-07 09:25:00,"overcast",16.4,NA,NA,NA,NA,NA,28,7,0.5075,0.206686429512516
"2020_056_10",2020,"2020-07-07",10,"SMCC","Outer",NA,2020-07-07 10:15:00,"overcast",18.2,NA,NA,1,NA,NA,28,7,1.1395,0.414855072463768
"2020_056_03",2020,"2020-07-07",3,"Audubon","Inner",NA,2020-07-07 11:10:00,"overcast",20.6,NA,NA,0,1,NA,28,7,1.85366666666667,0.650087834870444
"2020_056_01",2020,"2020-07-07",1,"Presumpscot Moorings","Inner",NA,2020-07-07 12:00:00,"overcast",NA,NA,NA,0,1,NA,28,7,2.388,0.826086956521739
"2020_057_11",2020,"2020-07-09",11,"Cushing Island","Outer",NA,2020-07-09 11:20:00,"foggy",19.3,NA,NA,NA,NA,NA,28,7,0.921666666666667,0.297733431879773
"2020_057_06",2020,"2020-07-09",6,"Mackworth Island - North","Mid",NA,2020-07-09 12:35:00,"sunny",22.9,NA,NA,NA,NA,NA,28,7,1.7785,0.614375461936438
"2020_057_09",2020,"2020-07-09",9,"Great Diamond Island","Outer",NA,2020-07-09 13:13:00,"sunny",23.6,NA,NA,NA,NA,NA,28,7,2.16366666666667,0.756713476225672
"2020_057_02",2020,"2020-07-09",2,"Skitterygusset","Inner",NA,2020-07-09 13:55:00,"sunny",22,NA,NA,NA,NA,NA,28,7,2.53233333333333,0.892953929539296
"2020_058_04",2020,"2020-07-21",4,"Mussel Cove","Mid",NA,2020-07-21 09:45:00,NA,22.4,NA,NA,NA,NA,NA,30,7,1.798,0.632646048109966
"2020_058_06",2020,"2020-07-21",6,"Mackworth Island - North","Mid",NA,2020-07-21 10:21:00,NA,NA,NA,NA,NA,NA,NA,30,7,2.208,0.773539518900344
"2020_058_08",2020,"2020-07-21",8,"Back Cove","Mid",NA,2020-07-21 10:54:00,NA,21.2,NA,NA,NA,NA,NA,30,7,2.505,0.875601374570447
"2020_058_01",2020,"2020-07-21",1,"Presumpscot Moorings","Inner",NA,2020-07-21 11:27:00,NA,26.6,NA,NA,NA,NA,NA,30,7,2.7305,0.953092783505155
"2020_058_03",2020,"2020-07-21",3,"Audubon","Inner",NA,2020-07-21 12:00:00,NA,22.5,NA,NA,NA,NA,NA,30,7,2.855,0.995876288659794
"2020_058_09",2020,"2020-07-21",9,"Great Diamond Island","Outer",NA,2020-07-21 12:40:00,NA,19.3,NA,NA,NA,NA,NA,30,7,2.864,0.993978170869402
"2020_059_12",2020,"2020-07-22",12,"Alewife Cove","Outer",NA,2020-07-22 10:10:00,NA,20.6,NA,NA,NA,NA,NA,30,7,1.549,0.546048334421946
"2020_059_11",2020,"2020-07-22",11,"Cushing Island","Outer",NA,2020-07-22 10:55:00,NA,22,NA,NA,NA,NA,NA,30,7,2.13383333333333,0.737045504027869
"2020_059_07",2020,"2020-07-22",7,"Mackworth Island - Beach","Mid",NA,2020-07-22 11:28:00,NA,24.4,NA,NA,NA,NA,NA,30,7,2.46533333333333,0.845308077509253
"2020_059_02",2020,"2020-07-22",2,"Skitterygusset","Inner",NA,2020-07-22 12:03:00,NA,24,NA,NA,NA,NA,NA,30,7,2.718,0.92782495101241
"2020_059_05",2020,"2020-07-22",5,"The Brothers - North","Mid",NA,2020-07-22 12:35:00,NA,21.4,NA,NA,NA,NA,NA,30,7,2.89083333333333,0.984269540605269
"2020_059_10",2020,"2020-07-22",10,"SMCC","Outer",NA,2020-07-22 13:02:00,NA,20.9,NA,NA,NA,NA,NA,30,7,2.93822222222222,0.999547733621768
"2020_060_10",2020,"2020-08-06",10,"SMCC","Outer",NA,2020-08-06 10:44:00,NA,21.7,NA,NA,NA,NA,NA,32,8,1.313,0.46395431834404
"2020_060_11",2020,"2020-08-06",11,"Cushing Island","Outer",NA,2020-08-06 11:20:00,NA,20.4,NA,NA,NA,NA,NA,32,8,1.755,0.621698786581014
"2020_060_07",2020,"2020-08-06",7,"Mackworth Island - Beach","Mid",NA,2020-08-06 12:03:00,NA,22.9,NA,NA,NA,NA,NA,32,8,2.2155,0.78604568165596
"2020_060_03",2020,"2020-08-06",3,"Audubon","Inner",NA,2020-08-06 12:41:00,NA,24.8,NA,NA,NA,NA,NA,32,8,2.52016666666667,0.894777539852486
"2020_060_01",2020,"2020-08-06",1,"Presumpscot Moorings","Inner",NA,2020-08-06 13:20:00,NA,29.9,NA,NA,NA,NA,NA,32,8,2.75033333333333,0.976921246728527
"2020_060_02",2020,"2020-08-06",2,"Skitterygusset","Inner",NA,2020-08-06 13:29:00,NA,26.3,NA,NA,NA,NA,NA,32,8,2.78033333333333,0.987627884844159
"2020_061_12",2020,"2020-08-07",12,"Alewife Cove","Outer",NA,2020-08-07 10:12:00,NA,18.2,NA,NA,NA,NA,NA,32,8,0.579,0.183946488294314
"2020_061_04",2020,"2020-08-07",4,"Mussel Cove","Mid",NA,2020-08-07 11:20:00,NA,NA,NA,NA,NA,NA,NA,32,8,1.287,0.447045707915273
"2020_061_05",2020,"2020-08-07",5,"The Brothers - North","Mid",NA,2020-08-07 12:04:00,NA,NA,NA,NA,NA,NA,NA,32,8,1.79333333333333,0.635203765638548
"2020_061_06",2020,"2020-08-07",6,"Mackworth Island - North","Mid",NA,2020-08-07 12:14:00,NA,NA,NA,NA,NA,NA,NA,32,8,1.905,0.67670011148272
"2020_061_09",2020,"2020-08-07",9,"Great Diamond Island","Outer",NA,2020-08-07 12:36:00,NA,18.7,NA,NA,NA,NA,NA,32,8,2.125,0.758454106280193
"2020_061_08",2020,"2020-08-07",8,"Back Cove","Mid",NA,2020-08-07 13:00:00,NA,NA,NA,NA,NA,NA,NA,32,8,2.354,0.843552582683017
"2020_062_11",2020,"2020-08-19",11,"Cushing Island","Outer",NA,2020-08-19 08:30:00,NA,18.6,NA,NA,NA,NA,NA,34,8,1.219,0.411783042394015
"2020_062_07",2020,"2020-08-19",7,"Mackworth Island - Beach","Mid",NA,2020-08-19 09:29:00,NA,19.2,NA,NA,NA,NA,NA,34,8,2.0465,0.669731920199501
"2020_062_05",2020,"2020-08-19",5,"The Brothers - North","Mid",NA,2020-08-19 09:39:00,NA,19.7,NA,NA,NA,NA,NA,34,8,2.1665,0.707138403990025
"2020_062_01",2020,"2020-08-19",1,"Presumpscot Moorings","Inner",NA,2020-08-19 10:15:00,NA,23.6,NA,NA,NA,NA,NA,34,8,2.557,0.828865336658354
"2020_062_02",2020,"2020-08-19",2,"Skitterygusset","Inner",NA,2020-08-19 10:41:00,NA,22.2,NA,NA,NA,NA,NA,34,8,2.77566666666667,0.897028262676642
"2020_062_08",2020,"2020-08-19",8,"Back Cove","Mid",NA,2020-08-19 11:14:00,NA,20.4,NA,NA,NA,NA,NA,34,8,2.98666666666667,0.962801330008312
"2020_063_12",2020,"2020-08-20",12,"Alewife Cove","Outer",NA,2020-08-20 09:26:00,NA,18.1,NA,NA,NA,NA,NA,34,8,1.27933333333333,0.456656948493683
"2020_063_10",2020,"2020-08-20",10,"SMCC","Outer",NA,2020-08-20 10:02:00,NA,19.5,NA,NA,NA,NA,NA,34,8,1.81433333333333,0.612633624878523
"2020_063_03",2020,"2020-08-20",3,"Audubon","Inner",NA,2020-08-20 10:33:00,NA,19.6,NA,NA,NA,NA,NA,34,8,2.2475,0.738921282798834
"2020_063_06",2020,"2020-08-20",6,"Mackworth Island - North","Mid",NA,2020-08-20 11:05:00,NA,20,NA,NA,NA,NA,NA,34,8,2.62233333333333,0.848202137998056
"2020_063_04",2020,"2020-08-20",4,"Mussel Cove","Mid",NA,2020-08-20 11:36:00,NA,20.5,NA,NA,NA,NA,NA,34,8,2.904,0.930320699708455
"2020_063_09",2020,"2020-08-20",9,"Great Diamond Island","Outer",NA,2020-08-20 12:09:00,NA,19.5,NA,NA,NA,NA,NA,34,8,3.0885,0.984110787172012
"2020_064_07",2020,"2020-09-03",7,"Mackworth Island - Beach","Mid",NA,2020-09-03 09:50:00,NA,18.8,NA,NA,NA,NA,NA,36,9,1.60966666666667,0.52893642305407
"2020_064_03",2020,"2020-09-03",3,"Audubon","Inner",NA,NA,NA,19.1,NA,NA,NA,NA,NA,36,9,NA,NA
"2020_064_01",2020,"2020-09-03",1,"Presumpscot Moorings","Inner",NA,NA,NA,20,NA,NA,NA,NA,NA,36,9,NA,NA
"2020_064_02",2020,"2020-09-03",2,"Skitterygusset","Inner",NA,2020-09-03 11:24:00,NA,19,NA,NA,NA,NA,NA,36,9,2.588,0.877718360071301
"2020_064_04",2020,"2020-09-03",4,"Mussel Cove","Mid",NA,2020-09-03 11:44:00,NA,19.6,NA,NA,NA,NA,NA,36,9,2.72333333333333,0.925965537730244
"2020_064_05",2020,"2020-09-03",5,"The Brothers - North","Mid",NA,2020-09-03 12:15:00,NA,19,NA,NA,NA,NA,NA,36,9,2.8995,0.988770053475936
"2020_065_12",2020,"2020-09-04",12,"Alewife Cove","Outer",NA,2020-09-04 11:30:00,"sunny",17,NA,NA,NA,NA,NA,36,9,2.401,0.795563770794825
"2020_065_11",2020,"2020-09-04",11,"Cushing Island","Outer",NA,2020-09-04 12:00:00,NA,18.5,NA,NA,NA,NA,NA,36,9,2.647,0.886506469500925
"2020_065_10",2020,"2020-09-04",10,"SMCC","Outer",NA,2020-09-04 12:30:00,NA,17.4,NA,NA,NA,NA,NA,36,9,2.813,0.947874306839187
"2020_065_08",2020,"2020-09-04",8,"Back Cove","Mid",NA,2020-09-04 01:10:00,NA,NA,NA,NA,NA,NA,NA,36,9,3.11513333333333,0.995590517759921
"2020_065_06",2020,"2020-09-04",6,"Mackworth Island - North","Mid",NA,2020-09-04 02:15:00,NA,NA,NA,NA,NA,NA,NA,36,9,2.8755,0.912173913043478
"2020_065_09",2020,"2020-09-04",9,"Great Diamond Island","Outer",NA,2020-09-04 02:45:00,NA,NA,NA,NA,NA,NA,NA,36,9,2.6635,0.838434782608696
"2021_066_11",2021,"2021-06-10",11,"Cushing Island","Outer",NA,2021-06-10 10:55:00,"sunny",NA,NA,NA,1,1,NA,23,6,2.40833333333333,0.896739853626081
"2021_066_10",2021,"2021-06-10",10,"SMCC","Outer",NA,2021-06-10 11:25:00,"sunny",NA,NA,NA,1,0,NA,23,6,2.57033333333333,0.961410512308716
"2021_066_09",2021,"2021-06-10",9,"Great Diamond Island","Outer",NA,2021-06-10 11:53:00,"sunny",NA,NA,NA,0,0,NA,23,6,2.65333333333333,0.994544244843646
"2021_066_04",2021,"2021-06-10",4,"Mussel Cove","Mid",NA,2021-06-10 12:22:00,"sunny",NA,NA,NA,0,1,NA,23,6,2.65633333333333,0.993197278911565
"2021_066_05",2021,"2021-06-10",5,"The Brothers - North","Mid",NA,2021-06-10 12:41:00,"sunny",NA,NA,NA,NA,NA,NA,23,6,2.61866666666667,0.975726654298083
"2021_066_06",2021,"2021-06-10",6,"Mackworth Island - North","Mid",NA,2021-06-10 13:09:00,"sunny",NA,NA,NA,NA,NA,NA,23,6,2.515,0.927643784786642
"2021_067_12",2021,"2021-06-17",12,"Alewife Cove","Outer",NA,2021-06-17 09:51:00,"sunny",15.4,16.1,27.08,0,2,NA,24,6,0.3415,0.0603794235680409
"2021_067_03",2021,"2021-06-17",3,"Audubon","Inner",NA,2021-06-17 11:14:00,"sunny",16.6,9.6,15.74,0,3,NA,24,6,0.211666666666667,0.0145318930041152
"2021_067_02",2021,"2021-06-17",2,"Skitterygusset","Inner",NA,2021-06-17 11:54:00,"sunny",21.4,6.2,6.06,0,0,NA,24,6,0.372,0.0763888888888889
"2021_067_01",2021,"2021-06-17",1,"Presumpscot Moorings","Inner",NA,2021-06-17 12:08:00,"sunny",21.3,12.5,2.42,1,0,NA,24,6,0.445666666666667,0.104809670781893
"2021_067_07",2021,"2021-06-17",7,"Mackworth Island - Beach","Mid",NA,2021-06-17 13:24:00,"sunny",21,15,20,1,1,NA,24,6,1.13,0.368827160493827
"2021_067_08",2021,"2021-06-17",8,"Back Cove","Mid",NA,2021-06-17 14:00:00,"sunny",20.5,12,27.79,1,1,NA,24,6,1.529,0.522762345679012
"2021_068_03",2021,"2021-06-25",3,"Audubon","Inner",NA,2021-06-25 10:20:00,"sunny",16,12,24.99,1,NA,NA,25,6,2.242,0.786551339285714
"2021_068_01",2021,"2021-06-25",1,"Presumpscot Moorings","Inner",NA,2021-06-25 10:58:00,"sunny",21.3,7.6,3.7,NA,NA,NA,25,6,2.626,0.893694196428571
"2021_068_02",2021,"2021-06-25",2,"Skitterygusset","Inner",NA,2021-06-25 11:25:00,"sunny",18.2,9.2,13.22,NA,NA,NA,25,6,2.8,0.942243303571429
"2021_068_07",2021,"2021-06-25",7,"Mackworth Island - Beach","Mid",NA,2021-06-25 12:04:00,"sunny",15.7,7.7,26.8,1,1,NA,25,6,2.986,0.994140625
"2021_068_08",2021,"2021-06-25",8,"Back Cove","Mid",NA,2021-06-25 12:40:00,"sunny",NA,NA,NA,NA,NA,NA,25,6,2.96633333333333,0.986407560794308
"2021_068_10",2021,"2021-06-25",10,"SMCC","Outer",NA,2021-06-25 13:17:00,"sunny",15.6,7.9,28,0,0,NA,25,6,2.84033333333333,0.946267388764999
"2021_069_12",2021,"2021-06-30",12,"Alewife Cove","Outer",NA,2021-06-30 09:52:00,"overcast",NA,8,29.05,0,1,NA,26,6,0.0726666666666667,0.0153863432165319
"2021_069_11",2021,"2021-06-30",11,"Cushing Island","Outer",NA,2021-06-30 10:33:00,"overcast",16.7,15.3,28.84,1,2,NA,26,6,0.0275,0.00338680926916221
"2021_069_05",2021,"2021-06-30",5,"The Brothers - North","Mid",NA,2021-06-30 11:03:00,"overcast",22.7,17.3,28.89,1,1,NA,26,6,0.089,0.0253119429590018
"2021_069_06",2021,"2021-06-30",6,"Mackworth Island - North","Mid",NA,2021-06-30 11:52:00,"sunny",18.8,14.1,29.08,1,1,NA,26,6,0.327,0.110160427807487
"2021_069_09",2021,"2021-06-30",9,"Great Diamond Island","Outer",NA,2021-06-30 12:35:00,"sunny",19.6,19.4,30.1,1,3,NA,26,6,0.7035,0.244385026737968
"2021_069_04",2021,"2021-06-30",4,"Mussel Cove","Mid",NA,2021-06-30 13:08:00,"sunny",23.8,10.1,29.35,NA,NA,NA,26,6,1.085,0.380392156862745
"2021_070_10",2021,"2021-07-07",10,"SMCC","Outer",NA,2021-07-07 09:36:00,"sunny",18.2,14.6,27.78,1,1,NA,27,7,2.432,0.957690612604672
"2021_070_08",2021,"2021-07-07",8,"Back Cove","Mid",NA,2021-07-07 10:19:00,"sunny",17.8,13.1,23.4,0,0,NA,27,7,2.52858333333333,0.999831052542659
"2021_070_07",2021,"2021-07-07",7,"Mackworth Island - Beach","Mid",NA,2021-07-07 10:48:00,"sunny",18.9,12.6,25.88,0,0,NA,27,7,2.527,0.993917891535732
"2021_070_03",2021,"2021-07-07",3,"Audubon","Inner",NA,2021-07-07 11:21:00,"sunny",21.6,11.1,11.21,0,1,NA,27,7,2.418,0.938672072985301
"2021_070_01",2021,"2021-07-07",1,"Presumpscot Moorings","Inner",NA,2021-07-07 11:52:00,"sunny",21.5,8.1,10.45,0,1,NA,27,7,2.26866666666667,0.862983612096638
"2021_070_02",2021,"2021-07-07",2,"Skitterygusset","Inner",NA,2021-07-07 12:18:00,"sunny",23.6,13,12.66,0,0,NA,27,7,2.101,0.778003041054232
"2021_071_12",2021,"2021-07-13",12,"Alewife Cove","Outer",NA,2021-07-13 10:03:00,"overcast",16.4,7.3,25.01,0,1,NA,28,7,0.558,0.188244047619048
"2021_071_11",2021,"2021-07-13",11,"Cushing Island","Outer",NA,2021-07-13 10:42:00,"overcast",17.2,12,26.84,1,1,NA,28,7,0.978,0.344494047619048
"2021_071_09",2021,"2021-07-13",9,"Great Diamond Island","Outer",NA,2021-07-13 11:16:00,"overcast",17.8,13.3,26.24,0,1,NA,28,7,1.40933333333333,0.504960317460317
"2021_071_06",2021,"2021-07-13",6,"Mackworth Island - North","Mid",NA,2021-07-13 11:45:00,"overcast",18.4,10.2,26.62,1,1,NA,28,7,1.7365,0.626674107142857
"2021_071_05",2021,"2021-07-13",5,"The Brothers - North","Mid",NA,2021-07-13 12:25:00,"overcast",18,10.3,28.46,0,0,NA,28,7,2.13766666666667,0.775917658730159
"2021_071_04",2021,"2021-07-13",4,"Mussel Cove","Mid",NA,2021-07-13 13:03:00,"overcast",17.8,9.9,26.66,0,0,NA,28,7,2.436,0.886904761904762
"2021_072_10",2021,"2021-07-23",10,"SMCC","Outer",NA,2021-07-23 09:20:00,"sunny",18.3,13.2,25.22,0,0,NA,29,7,2.396,0.809625996321276
"2021_072_08",2021,"2021-07-23",8,"Back Cove","Mid",NA,2021-07-23 10:09:00,"sunny",19.4,13.9,23.46,0,1,NA,29,7,2.8305,0.942826486817903
"2021_072_07",2021,"2021-07-23",7,"Mackworth Island - Beach","Mid",NA,2021-07-23 10:39:00,"sunny",19.8,15.1,26.45,0,1,NA,29,7,2.9715,0.986051502145923
"2021_072_02",2021,"2021-07-23",2,"Skitterygusset","Inner",NA,2021-07-23 11:22:00,"sunny",21.4,NA,11.68,0,0,NA,29,7,3.00977777777778,0.996938387022704
"2021_072_01",2021,"2021-07-23",1,"Presumpscot Moorings","Inner",NA,2021-07-23 12:04:00,"sunny",24.9,15.4,9.15,0,0,NA,29,7,2.89833333333333,0.958900999091735
"2021_072_03",2021,"2021-07-23",3,"Audubon","Inner",NA,2021-07-23 12:42:00,"sunny",22,15.5,11.68,0,0,NA,29,7,2.651,0.874659400544959
"2021_073_12",2021,"2021-07-28",12,"Alewife Cove","Outer",NA,2021-07-28 10:05:00,"overcast",17,10.8,27.41,0,1,NA,30,7,0.1955,0.06438127090301
"2021_073_11",2021,"2021-07-28",11,"Cushing Island","Outer",NA,2021-07-28 10:32:00,"overcast",18.5,11.8,28.39,0,2,NA,30,7,0.355333333333333,0.11783723522854
"2021_073_09",2021,"2021-07-28",9,"Great Diamond Island","Outer",NA,2021-07-28 11:12:00,"overcast",18.3,8,28.17,1,1,NA,30,7,0.757,0.252173913043478
"2021_073_05",2021,"2021-07-28",5,"The Brothers - North","Mid",NA,2021-07-28 11:32:00,"overcast",20.5,8.5,28.28,0,1,NA,30,7,1.004,0.334782608695652
"2021_073_06",2021,"2021-07-28",6,"Mackworth Island - North","Mid",NA,2021-07-28 12:25:00,"overcast",21.7,10.3,27.85,0,0,NA,30,7,1.7035,0.568729096989967
"2021_073_04",2021,"2021-07-28",4,"Mussel Cove","Mid",NA,2021-07-28 12:42:00,"overcast",23.4,7.2,27.88,0,1,NA,30,7,1.916,0.639799331103679
"2021_074_07",2021,"2021-08-06",7,"Mackworth Island - Beach","Mid",NA,2021-08-06 09:37:00,"sunny",18.3,7.3,26.92,0,1,NA,31,8,2.36566666666667,0.93064182194617
"2021_074_03",2021,"2021-08-06",3,"Audubon","Inner",NA,2021-08-06 10:20:00,"sunny",18.9,5.7,19.27,0,1,NA,31,8,2.504,0.992014196983141
"2021_074_01",2021,"2021-08-06",1,"Presumpscot Moorings","Inner",NA,2021-08-06 11:00:00,"sunny",21.3,7.5,7.83,0,0,NA,31,8,2.506,0.990157480314961
"2021_074_02",2021,"2021-08-06",2,"Skitterygusset","Inner",NA,2021-08-06 11:29:00,"sunny",18.5,10.4,24.31,0,0,NA,31,8,2.42666666666667,0.951115485564304
"2021_074_08",2021,"2021-08-06",8,"Back Cove","Mid",NA,2021-08-06 12:10:00,"sunny",18.3,9.1,27.3,0,0,NA,31,8,2.20933333333333,0.844160104986877
"2021_074_10",2021,"2021-08-06",10,"SMCC","Outer",NA,2021-08-06 12:56:00,"sunny",17.9,12.3,27.62,0,1,NA,31,8,1.86233333333333,0.673392388451444
"2021_075_12",2021,"2021-08-11",12,"Alewife Cove","Outer",NA,2021-08-11 10:37:00,"sunny",18.4,25.4,28.53,0,0,NA,32,8,1.381,0.45123580494322
"2021_075_11",2021,"2021-08-11",11,"Cushing Island","Outer",NA,2021-08-11 11:11:00,"sunny",19.3,17.3,28.14,1,1,NA,32,8,1.83383333333333,0.602482743264306
"2021_075_09",2021,"2021-08-11",9,"Great Diamond Island","Outer",NA,2021-08-11 11:43:00,"sunny",20,16.1,27.63,0,0,NA,32,8,2.2275,0.733967935871743
"2021_075_06",2021,"2021-08-11",6,"Mackworth Island - North","Mid",NA,2021-08-11 12:04:00,"sunny",20,13,27.92,1,1,NA,32,8,2.44433333333333,0.806390558895569
"2021_075_05",2021,"2021-08-11",5,"The Brothers - North","Mid",NA,2021-08-11 12:24:00,"sunny",20.2,12.3,27.23,1,1,NA,32,8,2.622,0.865731462925851
"2021_075_04",2021,"2021-08-11",4,"Mussel Cove","Mid",NA,2021-08-11 12:53:00,"sunny",21,15.4,28.07,0,1,NA,32,8,2.81583333333333,0.930472055221554
"2021_076_02",2021,"2021-08-16",2,"Skitterygusset","Inner",NA,2021-08-16 09:54:00,"overcast",22.1,5.8,17.12,0,3,NA,33,8,0.79,0.225118483412322
"2021_076_10",2021,"2021-08-16",10,"SMCC","Outer",NA,2021-08-16 11:34:00,"overcast",21.8,11.6,27.6,0,3,NA,33,8,0.233666666666667,0.00539757767245911
"2021_077_08",2021,"2021-08-20",8,"Back Cove","Mid",NA,2021-08-20 09:45:00,"overcast",19.7,7,27.36,0,0,NA,33,8,2.938,0.993355481727575
"2021_077_07",2021,"2021-08-20",7,"Mackworth Island - Beach","Mid",NA,2021-08-20 10:22:00,"overcast",19.1,6.9,28.2,0,1,NA,33,8,2.94033333333333,0.992777573754438
"2021_077_03",2021,"2021-08-20",3,"Audubon","Inner",NA,2021-08-20 11:12:00,"overcast",21.2,6.5,19.5,0,1,NA,33,8,2.776,0.932427469702534
"2021_077_01",2021,"2021-08-20",1,"Presumpscot Moorings","Inner",NA,2021-08-20 11:53:00,"overcast",21.8,11.1,17.67,0,0,NA,33,8,2.47233333333333,0.820908311910883
"2021_077_04",2021,"2021-08-20",4,"Mussel Cove","Mid",NA,2021-08-20 12:39:00,"overcast",22.1,0.9,27.78,1,1,NA,33,8,1.944,0.626882115313992
"2021_077_05",2021,"2021-08-20",5,"The Brothers - North","Mid",NA,2021-08-20 13:15:00,"overcast",21.6,7.3,28.4,1,1,NA,33,8,1.4795,0.456298200514139
"2021_078_12",2021,"2021-08-24",12,"Alewife Cove","Outer",NA,2021-08-24 09:33:00,"sunny",18.2,9.2,28.35,0,1,NA,34,8,1.0605,0.346548507462687
"2021_078_11",2021,"2021-08-24",11,"Cushing Island","Outer",NA,2021-08-24 10:05:00,"sunny",20.1,12.3,27.32,1,1,NA,34,8,1.49,0.480099502487562
"2021_078_09",2021,"2021-08-24",9,"Great Diamond Island","Outer",NA,2021-08-24 10:37:00,"sunny",19.8,7.4,27.47,0,0,NA,34,8,1.93283333333333,0.617796434494196
"2021_078_06",2021,"2021-08-24",6,"Mackworth Island - North","Mid",NA,2021-08-24 11:00:00,"sunny",20.5,14,28.5,0,0,NA,34,8,2.225,0.708644278606965
"2022_079_11",2022,"2022-06-01",11,"Cushing Island","Outer","sand",2022-06-01 09:30:00,"overcast",12.06,NA,32.76,1,1,NA,22,6,0.908,0.301638034358769
"2022_079_10",2022,"2022-06-01",10,"SMCC","Outer","sand/gravel",2022-06-01 10:02:00,"overcast",12.07,NA,32.83,1,1,NA,22,6,1.26266666666667,0.443334665068584
"2022_079_05",2022,"2022-06-01",5,"The Brothers - North","Mid","gravel",2022-06-01 10:37:00,"partly cloudy",13.68,NA,32.99,0,0,NA,22,6,1.6435,0.595485417499001
"2022_079_06",2022,"2022-06-01",6,"Mackworth Island - North","Mid","sand/gravel",2022-06-01 11:06:00,"partly cloudy",13.85,NA,32.86,1,1,NA,22,6,1.929,0.7095485417499
"2022_079_03",2022,"2022-06-01",3,"Audubon","Inner","sand",2022-06-01 11:36:00,"partly cloudy",14,NA,28.47,0,0,NA,22,6,2.198,0.81701957650819
"2022_080_12",2022,"2022-06-14",12,"Alewife Cove","Outer","sand/gravel",2022-06-14 09:53:00,"sunny",13.9,NA,33.3,0,0,NA,24,6,2.53933333333333,0.840158259149357
"2022_080_02",2022,"2022-06-14",2,"Skitterygusset","Inner","mud",2022-06-14 11:03:00,"overcast",15.5,NA,30.3,0,0,NA,24,6,3.025,0.984272997032641
"2022_080_01",2022,"2022-06-14",1,"Presumpscot Moorings","Inner","mud",2022-06-14 11:45:00,"partly cloudy",20.3,NA,4.68,0,0,"had to go the left of the usual site, dock was in the way",24,6,3.07133333333333,0.997514086841233
"2022_080_04",2022,"2022-06-14",4,"Mussel Cove","Mid","mud",2022-06-14 12:32:00,"sunny",16.2,NA,32.91,0,1,NA,24,6,2.94833333333333,0.956689868522815
"2022_080_07",2022,"2022-06-14",7,"Mackworth Island - Beach","Mid","sand",2022-06-14 13:15:00,"sunny",16.5,NA,32.28,0,1,NA,24,6,2.6195,0.847696387139543
"2022_080_08",2022,"2022-06-14",8,"Back Cove","Mid","mud",2022-06-14 14:00:00,"sunny",15.6,NA,31.89,1,0,"tide going out rapidly",24,6,2.073,0.666556181637388
"2022_081_03",2022,"2022-06-21",3,"Audubon","Inner","sand",2022-06-21 10:00:00,"partly cloudy",15.2,NA,29.74,0,1,"tide moving too fast, seine set was flipped",25,6,0.662,0.190984170681349
"2022_081_09",2022,"2022-06-21",9,"Great Diamond Island","Outer","sand/gravel",2022-06-21 10:49:00,"partly cloudy",14.3,NA,32.9,1,3,"the in eDNA sample was not collected, forgot due to challenging set",25,6,0.284333333333333,0.0610231704519384
"2022_081_11",2022,"2022-06-21",11,"Cushing Island","Outer","sand",2022-06-21 11:27:00,"partly cloudy",13.2,NA,33.4,1,2,"a lot of macroalgae",25,6,0.13,0.00791465932553328
"2022_081_10",2022,"2022-06-21",10,"SMCC","Outer","sand/gravel",2022-06-21 12:22:00,"sunny",14.7,NA,32.2,1,3,NA,25,6,0.148666666666667,0.0170760233918129
"2022_082_06",2022,"2022-06-23",6,"Mackworth Island - North","Mid","sand/gravel",2022-06-23 09:25:00,"overcast",15.5,NA,32.6,0,1,"had to do two net sets",25,6,2.3805,0.82952657807309
"2022_082_05",2022,"2022-06-23",5,"The Brothers - North","Mid","gravel",2022-06-23 10:16:00,"overcast",14.78,NA,30.93,0,1,NA,25,6,1.859,0.612956810631229
"2022_082_04",2022,"2022-06-23",4,"Mussel Cove","Mid","mud",2022-06-23 10:53:00,"partly cloudy",15.9,NA,33.16,0,1,"had to hand haul the net",25,6,1.45933333333333,0.446982281284607
"2022_083_03",2022,"2022-06-27",3,"Audubon","Inner","sand",2022-06-27 09:49:00,"rain",17.54,NA,29.76,0,1,NA,26,6,2.39933333333333,0.891501148493447
"2022_083_02",2022,"2022-06-27",2,"Skitterygusset","Inner","mud",2022-06-27 10:17:00,"rain",18.08,NA,28.31,0,0,"net snagged, probably released most of catch",26,6,2.55216666666667,0.9534522361843
"2022_083_01",2022,"2022-06-27",1,"Presumpscot Moorings","Inner","mud",2022-06-27 10:49:00,"rain",18.92,NA,26.27,0,0,NA,26,6,2.65366666666667,0.994595324956087
"2022_083_07",2022,"2022-06-27",7,"Mackworth Island - Beach","Mid","sand",2022-06-27 11:20:00,"rain",15.98,NA,32.37,0,1,"pouring rain!",26,6,2.66533333333333,0.996393853872687
"2022_083_08",2022,"2022-06-27",8,"Back Cove","Mid","mud",2022-06-27 11:57:00,"overcast",16.3,NA,28.02,0,0,NA,26,6,2.5765,0.954609595484478
"2022_084_10",2022,"2022-06-30",10,"SMCC","Outer","sand/gravel",2022-06-30 10:24:00,"sunny",16.5,NA,31.86,1,0,NA,26,6,1.577,0.602399669011171
"2022_084_11",2022,"2022-06-30",11,"Cushing Island","Outer","sand",2022-06-30 11:02:00,"sunny",15.4,NA,32.95,0,1,NA,26,6,1.92866666666667,0.747896841814922
"2022_084_12",2022,"2022-06-30",12,"Alewife Cove","Outer","sand/gravel",2022-06-30 11:40:00,"sunny",14.6,NA,33.62,0,0,"good set, no fish",26,6,2.223,0.869673148531237
"2022_085_09",2022,"2022-07-08",9,"Great Diamond Island","Outer","sand/gravel",2022-07-08 08:23:00,"partly cloudy",15.813,NA,33.39,1,1,NA,27,7,2.17133333333333,0.784774699132382
"2022_085_05",2022,"2022-07-08",5,"The Brothers - North","Mid","gravel",2022-07-08 09:02:00,"partly cloudy",15.02,NA,33.78,1,0,"squid!",27,7,1.80866666666667,0.632521690456199
"2022_085_06",2022,"2022-07-08",6,"Mackworth Island - North","Mid","sand/gravel",2022-07-08 09:36:00,"sunny",15.18,NA,33.76,0,0,"no fish, nothing in seine",27,7,1.46,0.486146095717884
"2022_085_03",2022,"2022-07-08",3,"Audubon","Inner","sand",2022-07-08 10:18:00,"sunny",18.23,NA,30.42,0,1,"surface (in) sample only filtered 900mL, filter too clogged",27,7,1.037,0.308564231738035
"2022_086_04",2022,"2022-07-12",4,"Mussel Cove","Mid","mud",2022-07-12 09:28:00,"partly cloudy",15.6,NA,33.78,0,1,NA,28,7,2.85433333333333,0.950613367174281
"2022_086_07",2022,"2022-07-12",7,"Mackworth Island - Beach","Mid","sand",2022-07-12 10:18:00,"partly cloudy",15.6,NA,33.38,0,1,NA,28,7,3.005,0.997647269952436
"2022_086_03",2022,"2022-07-12",3,"Audubon","Inner","sand",2022-07-12 11:00:00,"partly cloudy",16.57,NA,31.73,0,1,"a lot of little silversides swam through seine net holes",28,7,2.96,0.979679144385027
"2022_086_02",2022,"2022-07-12",2,"Skitterygusset","Inner","mud",2022-07-12 11:30:00,"partly cloudy",17.11,NA,31.05,0,0,"first set, bottom of ledge caught net, no fish, did a second set after the Presumpscot site - no other data was collected at second visit, just the fish in seine",28,7,2.785,0.91729055258467
"2022_086_01",2022,"2022-07-12",1,"Presumpscot Moorings","Inner","mud",2022-07-12 11:38:00,"windy",19.21,NA,23.41,0,0,NA,28,7,2.729,0.897326203208556
"2022_087_12",2022,"2022-07-19",12,"Alewife Cove","Outer","sand/gravel",2022-07-19 13:28:00,"sunny",14.11,NA,34.08,0,0,"eDNA sample cooler packed with ice",29,7,1.53533333333333,0.484184081306383
"2022_087_11",2022,"2022-07-19",11,"Cushing Island","Outer","sand",2022-07-19 14:07:00,"sunny",15.68,NA,33.68,1,0,"tons of macroalgae, eDNA sample cooler packed with ice",29,7,2.02966666666667,0.653534315404819
"2022_087_10",2022,"2022-07-19",10,"SMCC","Outer","sand/gravel",2022-07-19 14:46:00,"sunny",16.83,NA,33.44,1,0,"did seine first, then sonde and plankton. eDNA sample cooler packed with ice",29,7,2.46433333333333,0.802443759278292
"2022_087_09",2022,"2022-07-19",9,"Great Diamond Island","Outer","sand/gravel",2022-07-19 15:15:00,"sunny",18.53,NA,32.8,1,1,"eDNA sample cooler packed with ice",29,7,2.7195,0.889859540938678
"2022_088_05",2022,"2022-07-20",5,"The Brothers - North","Mid","gravel",2022-07-20 13:47:00,"overcast",19.72,NA,33.59,NA,1,"eDNA sample cooler packed with ice",29,7,1.2475,0.351607142857143
"2022_088_06",2022,"2022-07-20",6,"Mackworth Island - North","Mid","sand/gravel",2022-07-20 14:21:00,"overcast",16.51,NA,33.77,1,1,"eDNA sample cooler packed with ice",29,7,1.636,0.490357142857143
"2022_088_03",2022,"2022-07-20",3,"Audubon","Inner","sand",2022-07-20 14:56:00,"rain",19.12,NA,30.54,0,1,"eDNA sample cooler packed with ice",29,7,2.05233333333333,0.639047619047619
"2022_088_08",2022,"2022-07-20",8,"Back Cove","Mid","mud",2022-07-20 15:47:00,"overcast",17.2,NA,33.07,0,0,"no fish, eDNA sample cooler packed with ice",29,7,2.5835,0.82875
"2022_089_04",2022,"2022-07-25",4,"Mussel Cove","Mid","mud",2022-07-25 09:46:00,"rain",17.32,NA,33.61,1,1,"many silversides escape net",30,7,2.517,0.999221219166883
"2022_089_05",2022,"2022-07-25",5,"The Brothers - North","Mid","gravel",2022-07-25 10:25:00,"not recorded",16.23,NA,33.95,0,0,NA,30,7,2.49833333333333,0.986969536890298
"2022_089_06",2022,"2022-07-25",6,"Mackworth Island - North","Mid","sand/gravel",2022-07-25 10:54:00,"not recorded",15.79,NA,33.98,NA,NA,NA,30,7,2.431,0.951399894347596
"2022_089_08",2022,"2022-07-25",8,"Back Cove","Mid","mud",2022-07-25 11:51:00,"not recorded",17.92,NA,33.37,0,0,NA,30,7,2.1305,0.792657157950343
"2022_089_10",2022,"2022-07-25",10,"SMCC","Outer","sand/gravel",2022-07-25 12:32:00,"not recorded",16.18,NA,33.79,1,0,NA,30,7,1.78666666666667,0.611023067441451
"2022_090_07",2022,"2022-07-26",7,"Mackworth Island - Beach","Mid","sand",2022-07-26 10:42:00,"partly cloudy",17.7,NA,33.26,0,1,"quahog bay intern day",30,7,2.53475,0.99489922767193
"2022_090_03",2022,"2022-07-26",3,"Audubon","Inner","sand",2022-07-26 11:21:00,"partly cloudy",17.88,NA,32.01,0,1,"quahog bay intern day, a lot of silversides escaping net, huge schools",30,7,2.504,0.976946721311475
"2022_091_12",2022,"2022-08-03",12,"Alewife Cove","Outer","sand/gravel",2022-08-03 09:40:00,"mostly sunny",15.93,NA,34.08,1,1,"many sandlance escaped",31,8,0.247333333333333,0.00165394402035624
"2022_091_11",2022,"2022-08-03",11,"Cushing Island","Outer","sand",2022-08-03 10:31:00,"mostly sunny",16.45,NA,33.68,1,0,"a lot of macroalge, a lot left in seine",31,8,0.375166666666667,0.0504452926208651
"2022_091_09",2022,"2022-08-03",9,"Great Diamond Island","Outer","sand/gravel",2022-08-03 11:25:00,"partly cloudy",17.54,NA,33.68,1,2,NA,31,8,0.750333333333333,0.193638676844784
"2022_091_03",2022,"2022-08-03",3,"Audubon","Inner","sand",2022-08-03 12:06:00,"partly cloudy",21.43,NA,26,0,2,"caught alewife, on dry ice",31,8,1.163,0.351145038167939
"2022_092_02",2022,"2022-08-04",2,"Skitterygusset","Inner","mud",2022-08-04 08:00:00,"sunny",21.74,NA,24.29,0,0,"tide moving too fast, no fish, had to walk in seine net",31,8,1.056,0.298406374501992
"2022_092_01",2022,"2022-08-04",1,"Presumpscot Moorings","Inner","mud",2022-08-04 08:42:00,"sunny",20.9,NA,28.24,0,1,"not normal site, set on the point",31,8,0.681,0.149003984063745
"2022_093_04",2022,"2022-08-08",4,"Mussel Cove","Mid","mud",2022-08-08 09:50:00,"partly cloudy",20.78,NA,33.84,NA,1,"little silversides escaping from net as pulling in",32,8,2.25333333333333,0.82540369088812
"2022_093_03",2022,"2022-08-08",3,"Audubon","Inner","sand",2022-08-08 10:32:00,"sunny",19.76,NA,31.77,0,1,NA,32,8,1.86766666666667,0.658592848904268
"2022_093_02",2022,"2022-08-08",2,"Skitterygusset","Inner","mud",2022-08-08 11:08:00,"partly cloudy",21.15,NA,29.69,0,0,NA,32,8,1.47033333333333,0.486735870818916
"2022_093_01",2022,"2022-08-08",1,"Presumpscot Moorings","Inner","mud",2022-08-08 11:48:00,"partly cloudy",20.82,NA,29.99,0,0,"done at edge of river bank",32,8,1.061,0.309688581314879
"2022_094_08",2022,"2022-08-10",8,"Back Cove","Mid","mud",2022-08-10 09:33:00,"overcast",19.17,NA,32.74,0,0,NA,32,8,2.8735,0.982932379713914
"2022_094_07",2022,"2022-08-10",7,"Mackworth Island - Beach","Mid","sand",2022-08-10 10:19:00,"overcast",20.64,NA,33.55,0,1,"a little to the right of the regular site",32,8,2.92933333333333,0.999648493603737
"2022_094_06",2022,"2022-08-10",6,"Mackworth Island - North","Mid","sand/gravel",2022-08-10 10:54:00,"overcast",20.67,NA,33.83,1,2,"large horseshoe crab present",32,8,2.866,0.976130198915009
"2022_094_09",2022,"2022-08-10",9,"Great Diamond Island","Outer","sand/gravel",2022-08-10 11:38:00,"overcast",18.65,NA,33.62,1,1,NA,32,8,2.607,0.882459312839059
"2022_095_12",2022,"2022-08-15",12,"Alewife Cove","Outer","sand/gravel",2022-08-15 09:45:00,"mostly sunny",17.07,NA,34,0,1,"many silversides escaping net",33,8,0.2625,0.134638022366098
"2022_095_11",2022,"2022-08-15",11,"Cushing Island","Outer","sand",2022-08-15 10:46:00,"mostly sunny",17.99,NA,33.66,1,2,NA,33,8,0.997333333333333,0.350892681969786
"2022_095_10",2022,"2022-08-15",10,"SMCC","Outer","sand/gravel",2022-08-15 11:27:00,"mostly sunny",18.3,NA,33.28,1,1,"dogs at beach, lots of seaweed",33,8,1.6085,0.530753384343732
"2022_095_05",2022,"2022-08-15",5,"The Brothers - North","Mid","gravel",2022-08-15 12:15:00,"mostly sunny",18.76,NA,33.97,NA,NA,NA,33,8,2.2825,0.729105356091819
"2022_096_10",2022,"2022-08-19",10,"SMCC","Outer","sand/gravel",2022-08-19 12:35:00,"sunny",19.74,NA,32.88,NA,1,"dogs and people at beach and in water",33,8,0.6565,0.0655702691157625
"2022_096_09",2022,"2022-08-19",9,"Great Diamond Island","Outer","sand/gravel",2022-08-19 13:15:00,"mostly sunny",18.9,NA,33.21,1,2,"some people at beach",33,8,0.8775,0.159974369927382
"2022_096_01",2022,"2022-08-19",1,"Presumpscot Moorings","Inner","mud",2022-08-19 14:18:00,"mostly sunny",19.95,NA,27.74,0,0,"bad set, net did not get a chance to open up, mummichog outside of net",33,8,1.456,0.407090986757796
"2022_096_03",2022,"2022-08-19",3,"Audubon","Inner","sand",2022-08-19 14:52:00,"mostly sunny",19.73,NA,30.14,1,1,NA,33,8,1.813,0.559589918838104
"2022_097_04",2022,"2022-08-25",4,"Mussel Cove","Mid","mud",2022-08-25 12:38:00,"mostly sunny",20.99,NA,33.86,0,1,NA,34,8,2.214,0.823413674372848
"2022_097_02",2022,"2022-08-25",2,"Skitterygusset","Inner","mud",2022-08-25 13:45:00,"mostly sunny",21.61,NA,25.27,0,1,NA,34,8,1.6585,0.550172159370389
"2022_097_07",2022,"2022-08-25",7,"Mackworth Island - Beach","Mid","sand",2022-08-25 14:45:00,"mostly sunny",22.18,NA,29.32,1,3,"plankton tow not collected, tide too low; several people at beach, in water",34,8,1.103,0.276930644367929
"2022_098_12",2022,"2022-08-29",12,"Alewife Cove","Outer","sand/gravel",2022-08-29 09:40:00,"mostly sunny",17.18,NA,33.92,1,0,"several hundred sanlance were swimming out of net",35,8,1.09633333333333,0.355349280019041
"2022_098_11",2022,"2022-08-29",11,"Cushing Island","Outer","sand",2022-08-29 10:39:00,"mostly sunny",17.78,NA,33.59,1,1,"seals and ducks close to boat during water collecting, heavy macroalgae",35,8,1.8235,0.614958943234559
"2022_098_05",2022,"2022-08-29",5,"The Brothers - North","Mid","gravel",2022-08-29 11:29:00,"mostly sunny",19.86,NA,33.39,0,1,NA,35,8,2.36166666666667,0.807092704986314
"2022_098_06",2022,"2022-08-29",6,"Mackworth Island - North","Mid","sand/gravel",2022-08-29 12:13:00,"mostly sunny",18.43,NA,33.84,0,1,NA,35,8,2.68916666666667,0.924015232655004
"2022_098_08",2022,"2022-08-29",8,"Back Cove","Mid","mud",2022-08-29 13:12:00,"mostly sunny",19.67,NA,32.53,0,0,"lots of schools swimming nearby, very small fish",35,8,2.90433333333333,0.999636582190942
"2022_099_03",2022,"2022-09-09",3,"Audubon","Inner","sand",2022-09-09 07:22:00,"sunny",18.24,NA,24.22,0,3,NA,36,9,1.22933333333333,0.411441144114411
"2022_099_01",2022,"2022-09-09",1,"Presumpscot Moorings","Inner","mud",2022-09-09 08:00:00,"sunny",18.77,NA,11.74,0,0,"check salinity on sonde file, set was done at grass ledge",36,9,1.788,0.579057905790579
"2022_099_02",2022,"2022-09-09",2,"Skitterygusset","Inner","mud",2022-09-09 08:29:00,"sunny",17.98,NA,26.5,0,1,"seal present during water collection",36,9,2.19116666666667,0.7000200020002
"2022_099_07",2022,"2022-09-09",7,"Mackworth Island - Beach","Mid","sand",2022-09-09 09:01:00,"sunny",17.44,NA,32.7,0,1,"1 alewife on dry ice",36,9,2.57183333333333,0.814231423142314
"2022_100_11",2022,"2022-09-16",11,"Cushing Island","Outer","sand",2022-09-16 09:24:00,"mostly sunny",16.46,NA,33.85,1,3,NA,37,9,0.471,0.0243230839834784
"2022_100_10",2022,"2022-09-16",10,"SMCC","Outer","sand/gravel",2022-09-16 10:00:00,"mostly sunny",16.78,NA,32.85,0,3,"shrimp are large!",37,9,0.416666666666667,0.00199502734831469
"2022_100_07",2022,"2022-09-16",7,"Mackworth Island - Beach","Mid","sand",2022-09-16 10:56:00,"mostly sunny",18.43,NA,24.39,0,1,"had to wait after plankton tow for tide to rise enough to reach the beach, net came in folded - lots of fish escaping, alewife in ziploc #1",37,9,0.536,0.0526970954356847
"2022_100_03",2022,"2022-09-16",3,"Audubon","Inner","sand",2022-09-16 11:52:00,"mostly sunny",18.37,NA,22.4,0,1,"alewife in ziploc #2",37,9,0.872,0.192116182572614
"2022_101_01",2022,"2022-09-30",1,"Presumpscot Moorings","Inner","mud",2022-09-30 13:04:00,"partly cloudy",15.22,NA,25.7,0,1,"did at original site location",39,9,2.57533333333333,0.840268146093389
"2022_101_02",2022,"2022-09-30",2,"Skitterygusset","Inner","mud",2022-09-30 13:32:00,"partly cloudy",15.06,NA,29,0,1,"no flowmeter",39,9,2.775,0.909500693481276
"2022_101_11",2022,"2022-09-30",11,"Cushing Island","Outer","sand",2022-09-30 14:14:00,"partly cloudy",14.38,NA,34.14,1,1,NA,39,9,3.01066666666667,0.991215903837263
"2022_101_10",2022,"2022-09-30",10,"SMCC","Outer","sand/gravel",2022-09-30 14:39:00,"partly cloudy",14.62,NA,33.66,0,0,"no flowmeter",39,9,NA,NA
